combat_type,defense_leader,season_id,counter_leader,counter_units,defense_units,seen,win_percent,avg_banners,raw_text,source_url
characters,GENERALHUX,,COMMANDERLUKESKYWALKER,"['COMMANDERLUKESKYWALKER', 'C3POCHEWBACCA', 'C3POLEGENDARY']","['GENERALHUX', 'FIRSTORDERTIEPILOT', 'FOSITHTROOPER']",62,100.0,54.98,Seen 62 Win % 100% Avg 54.98,https://swgoh.gg/gac/counters/GENERALHUX/
characters,GENERALHUX,,COMMANDERLUKESKYWALKER,"['COMMANDERLUKESKYWALKER', 'C3POCHEWBACCA', 'C3POLEGENDARY']","['GENERALHUX', 'FIRSTORDERTIEPILOT', 'FIRSTORDERTROOPER']",21,100.0,56.19,Seen 21 Win % 100% Avg 56.19,https://swgoh.gg/gac/counters/GENERALHUX/
characters,GENERALHUX,,DARTHMALAK,['DARTHMALAK'],"['GENERALHUX', 'FIRSTORDERTIEPILOT', 'FOSITHTROOPER']",21,100.0,58.0,Seen 21 Win % 100% Avg 58,https://swgoh.gg/gac/counters/GENERALHUX/
characters,GENERALHUX,,DASHRENDAR,"['DASHRENDAR', 'CHEWBACCALEGENDARY', 'HANSOLO']","['GENERALHUX', 'FIRSTORDERTIEPILOT', 'FOSITHTROOPER']",20,100.0,55.2,Seen 20 Win % 100% Avg 55.2,https://swgoh.gg/gac/counters/GENERALHUX/
characters,GENERALHUX,,BADBATCHHUNTER,"['BADBATCHHUNTER', 'BADBATCHECHO', 'BADBATCHTECH']","['GENERALHUX', 'FIRSTORDERTIEPILOT', 'FIRSTORDERTROOPER']",19,100.0,57.0,Seen 19 Win % 100% Avg 57,https://swgoh.gg/gac/counters/GENERALHUX/
characters,GENERALHUX,,ADMIRALRADDUS,"['ADMIRALRADDUS', 'CASSIANANDOR', 'JYNERSO']","['GENERALHUX', 'FIRSTORDERTIEPILOT', 'FIRSTORDERTROOPER']",11,100.0,57.0,Seen 11 Win % 100% Avg 57,https://swgoh.gg/gac/counters/GENERALHUX/
characters,GENERALHUX,,DASHRENDAR,"['DASHRENDAR', 'CHEWBACCALEGENDARY', 'HANSOLO']","['GENERALHUX', 'FIRSTORDERTROOPER', 'FOSITHTROOPER']",11,100.0,55.55,Seen 11 Win % 100% Avg 55.55,https://swgoh.gg/gac/counters/GENERALHUX/
characters,GENERALHUX,,SATELESHAN,"['SATELESHAN', 'BASTILASHAN', 'JEDIKNIGHTREVAN']","['GENERALHUX', 'FIRSTORDERTIEPILOT', 'FOSITHTROOPER']",10,100.0,56.7,Seen 10 Win % 100% Avg 56.7,https://swgoh.gg/gac/counters/GENERALHUX/
characters,GENERALHUX,,DARTHMALAK,['DARTHMALAK'],"['GENERALHUX', 'FIRSTORDERTROOPER', 'FOSITHTROOPER']",9,100.0,57.89,Seen 9 Win % 100% Avg 57.89,https://swgoh.gg/gac/counters/GENERALHUX/
characters,GENERALHUX,,DASHRENDAR,"['DASHRENDAR', 'CHEWBACCALEGENDARY', 'HANSOLO']","['GENERALHUX', 'FIRSTORDERTIEPILOT', 'FIRSTORDERTROOPER']",9,100.0,57.0,Seen 9 Win % 100% Avg 57,https://swgoh.gg/gac/counters/GENERALHUX/
characters,GENERALHUX,,COMMANDERLUKESKYWALKER,"['COMMANDERLUKESKYWALKER', 'C3POCHEWBACCA', 'C3POLEGENDARY']","['GENERALHUX', 'FIRSTORDEREXECUTIONER', 'FIRSTORDERTROOPER']",8,100.0,56.88,Seen 8 Win % 100% Avg 56.88,https://swgoh.gg/gac/counters/GENERALHUX/
characters,GENERALHUX,,COMMANDERLUKESKYWALKER,"['COMMANDERLUKESKYWALKER', 'C3POCHEWBACCA', 'C3POLEGENDARY']","['GENERALHUX', 'FIRSTORDERTROOPER', 'KYLOREN']",8,100.0,56.0,Seen 8 Win % 100% Avg 56,https://swgoh.gg/gac/counters/GENERALHUX/
characters,GENERALHUX,,COMMANDERLUKESKYWALKER,"['COMMANDERLUKESKYWALKER', 'CHEWBACCALEGENDARY', 'HANSOLO']","['GENERALHUX', 'FIRSTORDERTIEPILOT', 'FIRSTORDERTROOPER']",8,100.0,55.62,Seen 8 Win % 100% Avg 55.62,https://swgoh.gg/gac/counters/GENERALHUX/
characters,GENERALHUX,,DARTHMALAK,['DARTHMALAK'],"['GENERALHUX', 'FIRSTORDERTIEPILOT', 'KYLOREN']",8,100.0,58.0,Seen 8 Win % 100% Avg 58,https://swgoh.gg/gac/counters/GENERALHUX/
characters,GENERALHUX,,GENERALSKYWALKER,"['GENERALSKYWALKER', 'ARCTROOPER501ST', 'CT210408']","['GENERALHUX', 'FIRSTORDERTIEPILOT', 'FOSITHTROOPER']",8,100.0,53.75,Seen 8 Win % 100% Avg 53.75,https://swgoh.gg/gac/counters/GENERALHUX/
characters,GENERALHUX,,CAPTAINENOCH,"['CAPTAINENOCH', 'DEATHTROOPERPERIDEA', 'NIGHTTROOPER']","['GENERALHUX', 'FIRSTORDERTIEPILOT', 'FOSITHTROOPER']",7,100.0,55.71,Seen 7 Win % 100% Avg 55.71,https://swgoh.gg/gac/counters/GENERALHUX/
characters,GENERALHUX,,COMMANDERLUKESKYWALKER,"['COMMANDERLUKESKYWALKER', 'C3POCHEWBACCA', 'C3POLEGENDARY']","['GENERALHUX', 'FOSITHTROOPER', 'KYLOREN']",7,100.0,55.86,Seen 7 Win % 100% Avg 55.86,https://swgoh.gg/gac/counters/GENERALHUX/
characters,GENERALHUX,,DARTHMALAK,['DARTHMALAK'],"['GENERALHUX', 'FIRSTORDERTIEPILOT', 'FIRSTORDERTROOPER']",7,100.0,58.0,Seen 7 Win % 100% Avg 58,https://swgoh.gg/gac/counters/GENERALHUX/
characters,GENERALHUX,,EMPERORPALPATINE,"['EMPERORPALPATINE', 'MARAJADE', 'VADERDUELSEND']","['GENERALHUX', 'FIRSTORDERTIEPILOT', 'FOSITHTROOPER']",7,100.0,53.86,Seen 7 Win % 100% Avg 53.86,https://swgoh.gg/gac/counters/GENERALHUX/
characters,GENERALHUX,,GRANDMOFFTARKIN,"['GRANDMOFFTARKIN', 'DISGUISEDCLONETROOPER', 'SCORCH']","['GENERALHUX', 'FIRSTORDERTIEPILOT', 'FOSITHTROOPER']",7,100.0,56.86,Seen 7 Win % 100% Avg 56.86,https://swgoh.gg/gac/counters/GENERALHUX/
characters,GENERALHUX,,JABBATHEHUTT,"['JABBATHEHUTT', 'BOUSHH', 'KRRSANTAN']","['GENERALHUX', 'FIRSTORDERTIEPILOT', 'FOSITHTROOPER']",7,100.0,56.43,Seen 7 Win % 100% Avg 56.43,https://swgoh.gg/gac/counters/GENERALHUX/
characters,GENERALHUX,,COMMANDERLUKESKYWALKER,"['COMMANDERLUKESKYWALKER', 'C3POCHEWBACCA', 'C3POLEGENDARY']","['GENERALHUX', 'FIRSTORDERSPECIALFORCESPILOT', 'FIRSTORDERTIEPILOT']",6,100.0,56.17,Seen 6 Win % 100% Avg 56.17,https://swgoh.gg/gac/counters/GENERALHUX/
characters,GENERALHUX,,COMMANDERLUKESKYWALKER,"['COMMANDERLUKESKYWALKER', 'CHEWBACCALEGENDARY', 'HANSOLO']","['GENERALHUX', 'FIRSTORDERSPECIALFORCESPILOT', 'FIRSTORDERTIEPILOT']",6,100.0,56.33,Seen 6 Win % 100% Avg 56.33,https://swgoh.gg/gac/counters/GENERALHUX/
characters,GENERALHUX,,GLLEIA,"['GLLEIA', 'CAPTAINDROGAN', 'R2D2_LEGENDARY']","['GENERALHUX', 'FIRSTORDERTIEPILOT', 'FOSITHTROOPER']",6,100.0,56.83,Seen 6 Win % 100% Avg 56.83,https://swgoh.gg/gac/counters/GENERALHUX/
characters,GENERALHUX,,JEDIMASTERMACEWINDU,"['JEDIMASTERMACEWINDU', 'DEPABILLABA', 'VANGUARDTEMPLEGUARD']","['GENERALHUX', 'FIRSTORDERTIEPILOT', 'FOSITHTROOPER']",6,100.0,56.83,Seen 6 Win % 100% Avg 56.83,https://swgoh.gg/gac/counters/GENERALHUX/
characters,GENERALHUX,,MOFFGIDEONS3,"['MOFFGIDEONS3', 'MOFFGIDEONS1', 'SCOUTTROOPER_V3']","['GENERALHUX', 'FIRSTORDERTIEPILOT', 'FOSITHTROOPER']",6,100.0,56.83,Seen 6 Win % 100% Avg 56.83,https://swgoh.gg/gac/counters/GENERALHUX/
characters,GENERALHUX,,BADBATCHHUNTER,"['BADBATCHHUNTER', 'BADBATCHECHO', 'BADBATCHTECH']","['GENERALHUX', 'FIRSTORDERTROOPER', 'FOSITHTROOPER']",5,100.0,54.8,Seen 5 Win % 100% Avg 54.8,https://swgoh.gg/gac/counters/GENERALHUX/
characters,GENERALHUX,,BAYLANSKOLL,"['BAYLANSKOLL', 'MARROK', 'SHINHATI']","['GENERALHUX', 'FIRSTORDERTIEPILOT', 'FOSITHTROOPER']",5,100.0,56.6,Seen 5 Win % 100% Avg 56.6,https://swgoh.gg/gac/counters/GENERALHUX/
characters,GENERALHUX,,COMMANDERLUKESKYWALKER,"['COMMANDERLUKESKYWALKER', 'C3POCHEWBACCA', 'C3POLEGENDARY']","['GENERALHUX', 'FIRSTORDEREXECUTIONER', 'KYLORENUNMASKED']",5,100.0,56.6,Seen 5 Win % 100% Avg 56.6,https://swgoh.gg/gac/counters/GENERALHUX/
characters,GENERALHUX,,COMMANDERLUKESKYWALKER,"['COMMANDERLUKESKYWALKER', 'CHEWBACCALEGENDARY', 'HANSOLO']","['GENERALHUX', 'FIRSTORDERTROOPER', 'KYLOREN']",5,100.0,56.0,Seen 5 Win % 100% Avg 56,https://swgoh.gg/gac/counters/GENERALHUX/
characters,GENERALHUX,,GENERALSKYWALKER,"['GENERALSKYWALKER', 'CT5555', 'CT7567']","['GENERALHUX', 'FIRSTORDERTIEPILOT', 'FOSITHTROOPER']",5,100.0,54.4,Seen 5 Win % 100% Avg 54.4,https://swgoh.gg/gac/counters/GENERALHUX/
characters,GENERALHUX,,GRANDMASTERLUKE,"['GRANDMASTERLUKE', 'JEDIKNIGHTCAL', 'JEDIKNIGHTLUKE']","['GENERALHUX', 'FIRSTORDERTIEPILOT', 'FOSITHTROOPER']",5,100.0,56.8,Seen 5 Win % 100% Avg 56.8,https://swgoh.gg/gac/counters/GENERALHUX/
characters,GENERALHUX,,MANDALORBOKATAN,"['MANDALORBOKATAN', 'IG12', 'PAZVIZSLA']","['GENERALHUX', 'FIRSTORDERTIEPILOT', 'FOSITHTROOPER']",5,100.0,55.6,Seen 5 Win % 100% Avg 55.6,https://swgoh.gg/gac/counters/GENERALHUX/
characters,GENERALHUX,,MANDALORBOKATAN,"['MANDALORBOKATAN', 'IG12', 'PAZVIZSLA']","['GENERALHUX', 'FIRSTORDERTROOPER', 'FOSITHTROOPER']",5,100.0,55.8,Seen 5 Win % 100% Avg 55.8,https://swgoh.gg/gac/counters/GENERALHUX/
characters,GENERALHUX,,MOFFGIDEONS3,"['MOFFGIDEONS3', 'MOFFGIDEONS1', 'SCOUTTROOPER_V3']","['GENERALHUX', 'FIRSTORDERTROOPER', 'FOSITHTROOPER']",5,100.0,56.4,Seen 5 Win % 100% Avg 56.4,https://swgoh.gg/gac/counters/GENERALHUX/
characters,GENERALHUX,,THIRDSISTER,"['THIRDSISTER', 'GRANDINQUISITOR', 'SEVENTHSISTER']","['GENERALHUX', 'FIRSTORDERTIEPILOT', 'FOSITHTROOPER']",5,100.0,56.6,Seen 5 Win % 100% Avg 56.6,https://swgoh.gg/gac/counters/GENERALHUX/
characters,GENERALHUX,,ADMIRALRADDUS,"['ADMIRALRADDUS', 'CASSIANANDOR', 'JYNERSO']","['GENERALHUX', 'FIRSTORDERTROOPER', 'KYLOREN']",4,100.0,56.5,Seen 4 Win % 100% Avg 56.5,https://swgoh.gg/gac/counters/GENERALHUX/
characters,GENERALHUX,,BADBATCHHUNTER,"['BADBATCHHUNTER', 'BADBATCHECHO', 'BADBATCHTECH']","['GENERALHUX', 'FIRSTORDERTROOPER', 'KYLOREN']",4,100.0,56.5,Seen 4 Win % 100% Avg 56.5,https://swgoh.gg/gac/counters/GENERALHUX/
characters,GENERALHUX,,BAYLANSKOLL,"['BAYLANSKOLL', 'MARROK', 'SHINHATI']","['GENERALHUX', 'FIRSTORDERTIEPILOT', 'FIRSTORDERTROOPER']",4,100.0,56.75,Seen 4 Win % 100% Avg 56.75,https://swgoh.gg/gac/counters/GENERALHUX/
characters,GENERALHUX,,CAPTAINENOCH,"['CAPTAINENOCH', 'DEATHTROOPERPERIDEA', 'NIGHTTROOPER']","['GENERALHUX', 'FIRSTORDERTIEPILOT', 'KYLOREN']",4,100.0,55.25,Seen 4 Win % 100% Avg 55.25,https://swgoh.gg/gac/counters/GENERALHUX/
characters,GENERALHUX,,CEREJUNDA,"['CEREJUNDA', 'CALKESTIS', 'TARONMALICOS']","['GENERALHUX', 'FIRSTORDERTIEPILOT', 'FOSITHTROOPER']",4,100.0,57.0,Seen 4 Win % 100% Avg 57,https://swgoh.gg/gac/counters/GENERALHUX/
characters,GENERALHUX,,COMMANDERLUKESKYWALKER,"['COMMANDERLUKESKYWALKER', 'CHEWBACCALEGENDARY', 'HANSOLO']","['GENERALHUX', 'FIRSTORDEREXECUTIONER', 'FIRSTORDERTIEPILOT']",4,100.0,56.0,Seen 4 Win % 100% Avg 56,https://swgoh.gg/gac/counters/GENERALHUX/
characters,GENERALHUX,,DARTHMALGUS,"['DARTHMALGUS', 'DARTHMALAK', 'DARTHREVAN']","['GENERALHUX', 'FIRSTORDERTIEPILOT', 'FOSITHTROOPER']",4,100.0,56.0,Seen 4 Win % 100% Avg 56,https://swgoh.gg/gac/counters/GENERALHUX/
characters,GENERALHUX,,EMPERORPALPATINE,"['EMPERORPALPATINE', 'MARAJADE', 'VADER']","['GENERALHUX', 'FIRSTORDERTIEPILOT', 'FOSITHTROOPER']",4,100.0,52.75,Seen 4 Win % 100% Avg 52.75,https://swgoh.gg/gac/counters/GENERALHUX/
characters,GENERALHUX,,GENERALSKYWALKER,"['GENERALSKYWALKER', 'CT5555', 'CT7567']","['GENERALHUX', 'FIRSTORDERTROOPER', 'FOSITHTROOPER']",4,100.0,54.75,Seen 4 Win % 100% Avg 54.75,https://swgoh.gg/gac/counters/GENERALHUX/
characters,GENERALHUX,,GRANDMASTERLUKE,"['GRANDMASTERLUKE', 'JEDIKNIGHTCAL', 'JEDIKNIGHTLUKE']","['GENERALHUX', 'FIRSTORDERTROOPER', 'FOSITHTROOPER']",4,100.0,56.5,Seen 4 Win % 100% Avg 56.5,https://swgoh.gg/gac/counters/GENERALHUX/
characters,GENERALHUX,,GRANDMASTERLUKE,['GRANDMASTERLUKE'],"['GENERALHUX', 'FIRSTORDERTIEPILOT', 'FIRSTORDERTROOPER']",4,100.0,58.25,Seen 4 Win % 100% Avg 58.25,https://swgoh.gg/gac/counters/GENERALHUX/
characters,GENERALHUX,,SATELESHAN,"['SATELESHAN', 'BASTILASHAN', 'JEDIKNIGHTREVAN']","['GENERALHUX', 'FIRSTORDERTROOPER', 'FOSITHTROOPER']",4,100.0,56.25,Seen 4 Win % 100% Avg 56.25,https://swgoh.gg/gac/counters/GENERALHUX/
characters,GENERALHUX,,SUPREMELEADERKYLOREN,['SUPREMELEADERKYLOREN'],"['GENERALHUX', 'FIRSTORDERTIEPILOT', 'FOSITHTROOPER']",4,100.0,58.5,Seen 4 Win % 100% Avg 58.5,https://swgoh.gg/gac/counters/GENERALHUX/
characters,ADMIRALACKBAR,,ADMIRALRADDUS,"['ADMIRALRADDUS', 'CASSIANANDOR', 'JYNERSO']","['ADMIRALACKBAR', 'HOTHHAN', 'PRINCESSLEIA']",12,100.0,56.92,Seen 12 Win % 100% Avg 56.92,https://swgoh.gg/gac/counters/ADMIRALACKBAR/
characters,ADMIRALACKBAR,,WAMPA,['WAMPA'],"['ADMIRALACKBAR', 'HOTHLEIA', 'PRINCESSLEIA']",10,100.0,58.1,Seen 10 Win % 100% Avg 58.1,https://swgoh.gg/gac/counters/ADMIRALACKBAR/
characters,ADMIRALACKBAR,,DOCTORAPHRA,"['DOCTORAPHRA', 'BT1', 'TRIPLEZERO']","['ADMIRALACKBAR', 'BIGGSDARKLIGHTER', 'WEDGEANTILLES']",9,100.0,56.78,Seen 9 Win % 100% Avg 56.78,https://swgoh.gg/gac/counters/ADMIRALACKBAR/
characters,ADMIRALACKBAR,,WAMPA,['WAMPA'],"['ADMIRALACKBAR', 'BIGGSDARKLIGHTER', 'WEDGEANTILLES']",9,100.0,58.89,Seen 9 Win % 100% Avg 58.89,https://swgoh.gg/gac/counters/ADMIRALACKBAR/
characters,ADMIRALACKBAR,,WAMPA,['WAMPA'],"['ADMIRALACKBAR', 'ADMINISTRATORLANDO', 'PRINCESSLEIA']",8,100.0,58.25,Seen 8 Win % 100% Avg 58.25,https://swgoh.gg/gac/counters/ADMIRALACKBAR/
characters,ADMIRALACKBAR,,BADBATCHHUNTER,"['BADBATCHHUNTER', 'BADBATCHECHO', 'BADBATCHTECH']","['ADMIRALACKBAR', 'HOTHHAN', 'PRINCESSLEIA']",7,100.0,57.0,Seen 7 Win % 100% Avg 57,https://swgoh.gg/gac/counters/ADMIRALACKBAR/
characters,ADMIRALACKBAR,,COMMANDERLUKESKYWALKER,"['COMMANDERLUKESKYWALKER', 'CHEWBACCALEGENDARY', 'HANSOLO']","['ADMIRALACKBAR', 'OLDBENKENOBI', 'PRINCESSLEIA']",7,100.0,56.86,Seen 7 Win % 100% Avg 56.86,https://swgoh.gg/gac/counters/ADMIRALACKBAR/
characters,ADMIRALACKBAR,,VADER,['VADER'],"['ADMIRALACKBAR', 'BIGGSDARKLIGHTER', 'WEDGEANTILLES']",7,100.0,59.0,Seen 7 Win % 100% Avg 59,https://swgoh.gg/gac/counters/ADMIRALACKBAR/
characters,ADMIRALACKBAR,,ADMIRALRADDUS,"['ADMIRALRADDUS', 'CASSIANANDOR', 'JYNERSO']","['ADMIRALACKBAR', 'OLDBENKENOBI', 'PRINCESSLEIA']",6,100.0,56.67,Seen 6 Win % 100% Avg 56.67,https://swgoh.gg/gac/counters/ADMIRALACKBAR/
characters,ADMIRALACKBAR,,ADMIRALRADDUS,"['ADMIRALRADDUS', 'CASSIANANDOR', 'JYNERSO']","['ADMIRALACKBAR', 'BIGGSDARKLIGHTER', 'WEDGEANTILLES']",5,100.0,57.0,Seen 5 Win % 100% Avg 57,https://swgoh.gg/gac/counters/ADMIRALACKBAR/
characters,ADMIRALACKBAR,,BADBATCHHUNTER,"['BADBATCHHUNTER', 'BADBATCHECHO', 'BADBATCHTECH']","['ADMIRALACKBAR', 'HOTHLEIA', 'PRINCESSLEIA']",5,100.0,56.8,Seen 5 Win % 100% Avg 56.8,https://swgoh.gg/gac/counters/ADMIRALACKBAR/
characters,ADMIRALACKBAR,,COMMANDERLUKESKYWALKER,"['COMMANDERLUKESKYWALKER', 'CHEWBACCALEGENDARY', 'HANSOLO']","['ADMIRALACKBAR', 'ADMINISTRATORLANDO', 'PRINCESSLEIA']",5,100.0,57.0,Seen 5 Win % 100% Avg 57,https://swgoh.gg/gac/counters/ADMIRALACKBAR/
characters,ADMIRALACKBAR,,COMMANDERLUKESKYWALKER,"['COMMANDERLUKESKYWALKER', 'CHEWBACCALEGENDARY', 'HANSOLO']","['ADMIRALACKBAR', 'FULCRUMAHSOKA', 'PRINCESSLEIA']",5,100.0,56.8,Seen 5 Win % 100% Avg 56.8,https://swgoh.gg/gac/counters/ADMIRALACKBAR/
characters,ADMIRALACKBAR,,DASHRENDAR,"['DASHRENDAR', 'CHEWBACCALEGENDARY', 'HANSOLO']","['ADMIRALACKBAR', 'PRINCESSLEIA', 'STORMTROOPERLUKE']",5,100.0,57.0,Seen 5 Win % 100% Avg 57,https://swgoh.gg/gac/counters/ADMIRALACKBAR/
characters,ADMIRALACKBAR,,ADMIRALRADDUS,"['ADMIRALRADDUS', 'CASSIANANDOR', 'JYNERSO']","['ADMIRALACKBAR', 'CAPTAINREX', 'PRINCESSLEIA']",4,100.0,57.0,Seen 4 Win % 100% Avg 57,https://swgoh.gg/gac/counters/ADMIRALACKBAR/
characters,ADMIRALACKBAR,,ADMIRALRADDUS,"['ADMIRALRADDUS', 'CASSIANANDOR', 'JYNERSO']","['ADMIRALACKBAR', 'FULCRUMAHSOKA', 'PRINCESSLEIA']",4,100.0,56.75,Seen 4 Win % 100% Avg 56.75,https://swgoh.gg/gac/counters/ADMIRALACKBAR/
characters,ADMIRALACKBAR,,DARTHMALAK,['DARTHMALAK'],"['ADMIRALACKBAR', 'BIGGSDARKLIGHTER', 'WEDGEANTILLES']",4,100.0,58.0,Seen 4 Win % 100% Avg 58,https://swgoh.gg/gac/counters/ADMIRALACKBAR/
characters,ADMIRALACKBAR,,DARTHTRAYA,"['DARTHTRAYA', 'DARTHNIHILUS', 'SAVAGEOPRESS']","['ADMIRALACKBAR', 'PRINCESSLEIA', 'STORMTROOPERLUKE']",4,100.0,56.0,Seen 4 Win % 100% Avg 56,https://swgoh.gg/gac/counters/ADMIRALACKBAR/
characters,ADMIRALACKBAR,,DOCTORAPHRA,"['DOCTORAPHRA', 'BT1', 'TRIPLEZERO']","['ADMIRALACKBAR', 'HOTHLEIA', 'PRINCESSLEIA']",4,100.0,57.0,Seen 4 Win % 100% Avg 57,https://swgoh.gg/gac/counters/ADMIRALACKBAR/
characters,ADMIRALACKBAR,,WAMPA,['WAMPA'],"['ADMIRALACKBAR', 'LUKESKYWALKER', 'PRINCESSLEIA']",4,100.0,58.75,Seen 4 Win % 100% Avg 58.75,https://swgoh.gg/gac/counters/ADMIRALACKBAR/
characters,ADMIRALACKBAR,,WAMPA,['WAMPA'],"['ADMIRALACKBAR', 'OLDBENKENOBI', 'PRINCESSLEIA']",4,100.0,58.5,Seen 4 Win % 100% Avg 58.5,https://swgoh.gg/gac/counters/ADMIRALACKBAR/
characters,ADMIRALACKBAR,,BADBATCHHUNTER,"['BADBATCHHUNTER', 'BADBATCHECHO', 'BADBATCHTECH']","['ADMIRALACKBAR', 'BIGGSDARKLIGHTER', 'WEDGEANTILLES']",3,100.0,57.0,Seen 3 Win % 100% Avg 57,https://swgoh.gg/gac/counters/ADMIRALACKBAR/
characters,ADMIRALACKBAR,,CEREJUNDA,"['CEREJUNDA', 'MAULS7', 'TARONMALICOS']","['ADMIRALACKBAR', 'CHOPPERS3', 'PRINCESSLEIA']",3,100.0,57.0,Seen 3 Win % 100% Avg 57,https://swgoh.gg/gac/counters/ADMIRALACKBAR/
characters,ADMIRALACKBAR,,COMMANDERLUKESKYWALKER,"['COMMANDERLUKESKYWALKER', 'C3POCHEWBACCA', 'C3POLEGENDARY']","['ADMIRALACKBAR', 'HOTHLEIA', 'PRINCESSLEIA']",3,100.0,56.67,Seen 3 Win % 100% Avg 56.67,https://swgoh.gg/gac/counters/ADMIRALACKBAR/
characters,ADMIRALACKBAR,,DARTHMALAK,['DARTHMALAK'],"['ADMIRALACKBAR', 'HOTHHAN', 'HOTHLEIA']",3,100.0,58.0,Seen 3 Win % 100% Avg 58,https://swgoh.gg/gac/counters/ADMIRALACKBAR/
characters,ADMIRALACKBAR,,DASHRENDAR,"['DASHRENDAR', 'CHEWBACCALEGENDARY', 'HANSOLO']","['ADMIRALACKBAR', 'HOTHHAN', 'PRINCESSLEIA']",3,100.0,57.0,Seen 3 Win % 100% Avg 57,https://swgoh.gg/gac/counters/ADMIRALACKBAR/
characters,ADMIRALACKBAR,,DOCTORAPHRA,"['DOCTORAPHRA', 'BT1', 'TRIPLEZERO']","['ADMIRALACKBAR', 'FULCRUMAHSOKA', 'PRINCESSLEIA']",3,100.0,53.67,Seen 3 Win % 100% Avg 53.67,https://swgoh.gg/gac/counters/ADMIRALACKBAR/
characters,ADMIRALACKBAR,,DOCTORAPHRA,"['DOCTORAPHRA', 'BT1', 'TRIPLEZERO']","['ADMIRALACKBAR', 'OLDBENKENOBI', 'PRINCESSLEIA']",3,100.0,57.0,Seen 3 Win % 100% Avg 57,https://swgoh.gg/gac/counters/ADMIRALACKBAR/
characters,ADMIRALACKBAR,,GENERALSKYWALKER,"['GENERALSKYWALKER', 'CT5555', 'CT7567']","['ADMIRALACKBAR', 'FULCRUMAHSOKA', 'PRINCESSLEIA']",3,100.0,56.33,Seen 3 Win % 100% Avg 56.33,https://swgoh.gg/gac/counters/ADMIRALACKBAR/
characters,ADMIRALACKBAR,,GENERALSKYWALKER,"['GENERALSKYWALKER', 'CT5555', 'CT7567']","['ADMIRALACKBAR', 'PRINCESSLEIA', 'STORMTROOPERLUKE']",3,100.0,55.0,Seen 3 Win % 100% Avg 55,https://swgoh.gg/gac/counters/ADMIRALACKBAR/
characters,ADMIRALACKBAR,,GENERALSKYWALKER,['GENERALSKYWALKER'],"['ADMIRALACKBAR', 'OLDBENKENOBI', 'PRINCESSLEIA']",3,100.0,59.0,Seen 3 Win % 100% Avg 59,https://swgoh.gg/gac/counters/ADMIRALACKBAR/
characters,ADMIRALACKBAR,,GRANDMASTERLUKE,['GRANDMASTERLUKE'],"['ADMIRALACKBAR', 'LUKESKYWALKER', 'PRINCESSLEIA']",3,100.0,59.0,Seen 3 Win % 100% Avg 59,https://swgoh.gg/gac/counters/ADMIRALACKBAR/
characters,ADMIRALACKBAR,,JABBATHEHUTT,['JABBATHEHUTT'],"['ADMIRALACKBAR', 'HOTHHAN', 'HOTHLEIA']",3,100.0,59.0,Seen 3 Win % 100% Avg 59,https://swgoh.gg/gac/counters/ADMIRALACKBAR/
characters,ADMIRALACKBAR,,SATELESHAN,"['SATELESHAN', 'BASTILASHAN', 'JEDIKNIGHTREVAN']","['ADMIRALACKBAR', 'HOTHLEIA', 'PRINCESSLEIA']",3,100.0,57.0,Seen 3 Win % 100% Avg 57,https://swgoh.gg/gac/counters/ADMIRALACKBAR/
characters,ADMIRALACKBAR,,SITHPALPATINE,"['SITHPALPATINE', 'WATTAMBOR']","['ADMIRALACKBAR', 'LUKESKYWALKER', 'PRINCESSLEIA']",3,100.0,58.0,Seen 3 Win % 100% Avg 58,https://swgoh.gg/gac/counters/ADMIRALACKBAR/
characters,ADMIRALACKBAR,,STORMTROOPERLUKE,"['STORMTROOPERLUKE', 'PRINCESSLEIA', 'STORMTROOPERHAN']","['ADMIRALACKBAR', 'LUKESKYWALKER', 'PRINCESSLEIA']",3,100.0,57.0,Seen 3 Win % 100% Avg 57,https://swgoh.gg/gac/counters/ADMIRALACKBAR/
characters,ADMIRALACKBAR,,THIRDSISTER,"['THIRDSISTER', 'GRANDINQUISITOR', 'SEVENTHSISTER']","['ADMIRALACKBAR', 'BIGGSDARKLIGHTER', 'WEDGEANTILLES']",3,100.0,57.0,Seen 3 Win % 100% Avg 57,https://swgoh.gg/gac/counters/ADMIRALACKBAR/
characters,ADMIRALACKBAR,,VEERS,"['VEERS', 'ADMIRALPIETT', 'DARKTROOPER']","['ADMIRALACKBAR', 'BIGGSDARKLIGHTER', 'WEDGEANTILLES']",3,100.0,57.0,Seen 3 Win % 100% Avg 57,https://swgoh.gg/gac/counters/ADMIRALACKBAR/
characters,ADMIRALACKBAR,,WAMPA,['WAMPA'],"['ADMIRALACKBAR', 'BIGGSDARKLIGHTER', 'PRINCESSLEIA']",3,100.0,59.0,Seen 3 Win % 100% Avg 59,https://swgoh.gg/gac/counters/ADMIRALACKBAR/
characters,ADMIRALACKBAR,,ADMIRALRADDUS,"['ADMIRALRADDUS', 'CASSIANANDOR', 'JYNERSO']","['ADMIRALACKBAR', 'BAZEMALBUS', 'CHIRRUTIMWE']",2,100.0,57.0,Seen 2 Win % 100% Avg 57,https://swgoh.gg/gac/counters/ADMIRALACKBAR/
characters,ADMIRALACKBAR,,ADMIRALRADDUS,"['ADMIRALRADDUS', 'CASSIANANDOR', 'JYNERSO']","['ADMIRALACKBAR', 'CHOPPERS3', 'PRINCESSLEIA']",2,100.0,56.5,Seen 2 Win % 100% Avg 56.5,https://swgoh.gg/gac/counters/ADMIRALACKBAR/
characters,GRIEVOUS,,MOFFGIDEONS3,"['MOFFGIDEONS3', 'MOFFGIDEONS1', 'SCOUTTROOPER_V3']","['GRIEVOUS', 'B1BATTLEDROIDV2', 'B2SUPERBATTLEDROID']",224,100.0,56.85,Seen 224 Win % 100% Avg 56.85,https://swgoh.gg/gac/counters/GRIEVOUS/
characters,GRIEVOUS,,ADMIRALRADDUS,"['ADMIRALRADDUS', 'CASSIANANDOR', 'JYNERSO']","['GRIEVOUS', 'B2SUPERBATTLEDROID', 'MAGNAGUARD']",185,100.0,56.71,Seen 185 Win % 100% Avg 56.71,https://swgoh.gg/gac/counters/GRIEVOUS/
characters,GRIEVOUS,,MOFFGIDEONS3,"['MOFFGIDEONS3', 'MOFFGIDEONS1', 'SCOUTTROOPER_V3']","['GRIEVOUS', 'B1BATTLEDROIDV2', 'MAGNAGUARD']",182,100.0,56.91,Seen 182 Win % 100% Avg 56.91,https://swgoh.gg/gac/counters/GRIEVOUS/
characters,GRIEVOUS,,COMMANDERLUKESKYWALKER,"['COMMANDERLUKESKYWALKER', 'CHEWBACCALEGENDARY', 'HANSOLO']","['GRIEVOUS', 'B1BATTLEDROIDV2', 'B2SUPERBATTLEDROID']",167,100.0,55.56,Seen 167 Win % 100% Avg 55.56,https://swgoh.gg/gac/counters/GRIEVOUS/
characters,GRIEVOUS,,MOFFGIDEONS3,"['MOFFGIDEONS3', 'MOFFGIDEONS1', 'SCOUTTROOPER_V3']","['GRIEVOUS', 'B2SUPERBATTLEDROID', 'STAP']",148,100.0,56.65,Seen 148 Win % 100% Avg 56.65,https://swgoh.gg/gac/counters/GRIEVOUS/
characters,GRIEVOUS,,MOFFGIDEONS3,"['MOFFGIDEONS3', 'MOFFGIDEONS1', 'SCOUTTROOPER_V3']","['GRIEVOUS', 'B2SUPERBATTLEDROID', 'MAGNAGUARD']",136,100.0,56.74,Seen 136 Win % 100% Avg 56.74,https://swgoh.gg/gac/counters/GRIEVOUS/
characters,GRIEVOUS,,MOFFGIDEONS3,"['MOFFGIDEONS3', 'MOFFGIDEONS1', 'SCOUTTROOPER_V3']","['GRIEVOUS', 'B1BATTLEDROIDV2', 'STAP']",101,100.0,56.86,Seen 101 Win % 100% Avg 56.86,https://swgoh.gg/gac/counters/GRIEVOUS/
characters,GRIEVOUS,,GENERALSKYWALKER,"['GENERALSKYWALKER', 'CT5555', 'CT7567']","['GRIEVOUS', 'B1BATTLEDROIDV2', 'MAGNAGUARD']",93,100.0,54.01,Seen 93 Win % 100% Avg 54.01,https://swgoh.gg/gac/counters/GRIEVOUS/
characters,GRIEVOUS,,GENERALSKYWALKER,"['GENERALSKYWALKER', 'CT5555', 'CT7567']","['GRIEVOUS', 'B1BATTLEDROIDV2', 'B2SUPERBATTLEDROID']",90,100.0,54.24,Seen 90 Win % 100% Avg 54.24,https://swgoh.gg/gac/counters/GRIEVOUS/
characters,GRIEVOUS,,ADMIRALRADDUS,"['ADMIRALRADDUS', 'CASSIANANDOR', 'JYNERSO']","['GRIEVOUS', 'DROIDEKA', 'MAGNAGUARD']",80,100.0,56.48,Seen 80 Win % 100% Avg 56.48,https://swgoh.gg/gac/counters/GRIEVOUS/
characters,GRIEVOUS,,GENERALSKYWALKER,"['GENERALSKYWALKER', 'CT5555', 'CT7567']","['GRIEVOUS', 'B2SUPERBATTLEDROID', 'STAP']",79,100.0,54.0,Seen 79 Win % 100% Avg 54,https://swgoh.gg/gac/counters/GRIEVOUS/
characters,GRIEVOUS,,GENERALSKYWALKER,"['GENERALSKYWALKER', 'ARCTROOPER501ST', 'CT210408']","['GRIEVOUS', 'B1BATTLEDROIDV2', 'B2SUPERBATTLEDROID']",72,100.0,54.15,Seen 72 Win % 100% Avg 54.15,https://swgoh.gg/gac/counters/GRIEVOUS/
characters,GRIEVOUS,,BOSSNASS,"['BOSSNASS', 'CAPTAINTARPALS', 'JARJARBINKS']","['GRIEVOUS', 'B1BATTLEDROIDV2', 'MAGNAGUARD']",70,100.0,56.93,Seen 70 Win % 100% Avg 56.93,https://swgoh.gg/gac/counters/GRIEVOUS/
characters,GRIEVOUS,,GENERALSKYWALKER,"['GENERALSKYWALKER', 'CT5555', 'CT7567']","['GRIEVOUS', 'B2SUPERBATTLEDROID', 'MAGNAGUARD']",68,100.0,54.4,Seen 68 Win % 100% Avg 54.4,https://swgoh.gg/gac/counters/GRIEVOUS/
characters,GRIEVOUS,,BOSSNASS,"['BOSSNASS', 'BOOMADIER', 'JARJARBINKS']","['GRIEVOUS', 'MAGNAGUARD', 'STAP']",67,100.0,57.0,Seen 67 Win % 100% Avg 57,https://swgoh.gg/gac/counters/GRIEVOUS/
characters,GRIEVOUS,,DOCTORAPHRA,"['DOCTORAPHRA', 'BT1', 'IG90']","['GRIEVOUS', 'MAGNAGUARD', 'STAP']",66,100.0,56.35,Seen 66 Win % 100% Avg 56.35,https://swgoh.gg/gac/counters/GRIEVOUS/
characters,GRIEVOUS,,ADMIRALRADDUS,"['ADMIRALRADDUS', 'CASSIANANDOR', 'JYNERSO']","['GRIEVOUS', 'B1BATTLEDROIDV2', 'DROIDEKA']",59,100.0,56.41,Seen 59 Win % 100% Avg 56.41,https://swgoh.gg/gac/counters/GRIEVOUS/
characters,GRIEVOUS,,MOFFGIDEONS3,"['MOFFGIDEONS3', 'MOFFGIDEONS1', 'SCOUTTROOPER_V3']","['GRIEVOUS', 'B1BATTLEDROIDV2', 'DROIDEKA']",53,100.0,56.89,Seen 53 Win % 100% Avg 56.89,https://swgoh.gg/gac/counters/GRIEVOUS/
characters,GRIEVOUS,,GENERALSKYWALKER,"['GENERALSKYWALKER', 'ARCTROOPER501ST', 'CT210408']","['GRIEVOUS', 'B2SUPERBATTLEDROID', 'STAP']",52,100.0,52.88,Seen 52 Win % 100% Avg 52.88,https://swgoh.gg/gac/counters/GRIEVOUS/
characters,GRIEVOUS,,ADMIRALRADDUS,"['ADMIRALRADDUS', 'CASSIANANDOR', 'JYNERSO']","['GRIEVOUS', 'B2SUPERBATTLEDROID', 'DROIDEKA']",51,100.0,56.61,Seen 51 Win % 100% Avg 56.61,https://swgoh.gg/gac/counters/GRIEVOUS/
characters,GRIEVOUS,,BOSSNASS,"['BOSSNASS', 'CAPTAINTARPALS', 'JARJARBINKS']","['GRIEVOUS', 'B2SUPERBATTLEDROID', 'MAGNAGUARD']",49,100.0,57.0,Seen 49 Win % 100% Avg 57,https://swgoh.gg/gac/counters/GRIEVOUS/
characters,GRIEVOUS,,MOFFGIDEONS3,"['MOFFGIDEONS3', 'MOFFGIDEONS1', 'SCOUTTROOPER_V3']","['GRIEVOUS', 'DROIDEKA', 'MAGNAGUARD']",48,100.0,56.83,Seen 48 Win % 100% Avg 56.83,https://swgoh.gg/gac/counters/GRIEVOUS/
characters,GRIEVOUS,,SATELESHAN,"['SATELESHAN', 'BASTILASHAN', 'JEDIKNIGHTREVAN']","['GRIEVOUS', 'B1BATTLEDROIDV2', 'B2SUPERBATTLEDROID']",47,100.0,56.66,Seen 47 Win % 100% Avg 56.66,https://swgoh.gg/gac/counters/GRIEVOUS/
characters,GRIEVOUS,,GENERALSKYWALKER,"['GENERALSKYWALKER', 'ARCTROOPER501ST', 'CT210408']","['GRIEVOUS', 'B2SUPERBATTLEDROID', 'MAGNAGUARD']",43,100.0,54.3,Seen 43 Win % 100% Avg 54.3,https://swgoh.gg/gac/counters/GRIEVOUS/
characters,GRIEVOUS,,COMMANDERLUKESKYWALKER,"['COMMANDERLUKESKYWALKER', 'C3POCHEWBACCA', 'C3POLEGENDARY']","['GRIEVOUS', 'B2SUPERBATTLEDROID', 'DROIDEKA']",38,100.0,55.66,Seen 38 Win % 100% Avg 55.66,https://swgoh.gg/gac/counters/GRIEVOUS/
characters,GRIEVOUS,,SATELESHAN,"['SATELESHAN', 'BASTILASHAN', 'JEDIKNIGHTREVAN']","['GRIEVOUS', 'B2SUPERBATTLEDROID', 'STAP']",37,100.0,56.24,Seen 37 Win % 100% Avg 56.24,https://swgoh.gg/gac/counters/GRIEVOUS/
characters,GRIEVOUS,,MOFFGIDEONS3,"['MOFFGIDEONS3', 'MOFFGIDEONS1', 'SCOUTTROOPER_V3']","['GRIEVOUS', 'B2SUPERBATTLEDROID', 'DROIDEKA']",36,100.0,56.89,Seen 36 Win % 100% Avg 56.89,https://swgoh.gg/gac/counters/GRIEVOUS/
characters,GRIEVOUS,,BAYLANSKOLL,"['BAYLANSKOLL', 'MARROK', 'SHINHATI']","['GRIEVOUS', 'MAGNAGUARD', 'STAP']",35,100.0,56.43,Seen 35 Win % 100% Avg 56.43,https://swgoh.gg/gac/counters/GRIEVOUS/
characters,GRIEVOUS,,SATELESHAN,"['SATELESHAN', 'BASTILASHAN', 'JEDIKNIGHTREVAN']","['GRIEVOUS', 'B1BATTLEDROIDV2', 'MAGNAGUARD']",35,100.0,56.6,Seen 35 Win % 100% Avg 56.6,https://swgoh.gg/gac/counters/GRIEVOUS/
characters,GRIEVOUS,,MOFFGIDEONS3,"['MOFFGIDEONS3', 'MOFFGIDEONS1', 'SCOUTTROOPER_V3']","['GRIEVOUS', 'MAGNAGUARD', 'STAP']",198,99.0,56.53,Seen 198 Win % 99% Avg 56.53,https://swgoh.gg/gac/counters/GRIEVOUS/
characters,GRIEVOUS,,ADMIRALRADDUS,"['ADMIRALRADDUS', 'CASSIANANDOR', 'JYNERSO']","['GRIEVOUS', 'B2SUPERBATTLEDROID', 'STAP']",164,99.0,56.23,Seen 164 Win % 99% Avg 56.23,https://swgoh.gg/gac/counters/GRIEVOUS/
characters,GRIEVOUS,,WAMPA,['WAMPA'],"['GRIEVOUS', 'B2SUPERBATTLEDROID', 'MAGNAGUARD']",322,99.0,58.54,Seen 322 Win % 99% Avg 58.54,https://swgoh.gg/gac/counters/GRIEVOUS/
characters,GRIEVOUS,,ADMIRALRADDUS,"['ADMIRALRADDUS', 'CASSIANANDOR', 'JYNERSO']","['GRIEVOUS', 'B1BATTLEDROIDV2', 'MAGNAGUARD']",155,99.0,55.95,Seen 155 Win % 99% Avg 55.95,https://swgoh.gg/gac/counters/GRIEVOUS/
characters,GRIEVOUS,,ADMIRALRADDUS,"['ADMIRALRADDUS', 'CASSIANANDOR', 'JYNERSO']","['GRIEVOUS', 'MAGNAGUARD', 'STAP']",263,99.0,55.93,Seen 263 Win % 99% Avg 55.93,https://swgoh.gg/gac/counters/GRIEVOUS/
characters,GRIEVOUS,,WAMPA,['WAMPA'],"['GRIEVOUS', 'B1BATTLEDROIDV2', 'DROIDEKA']",117,99.0,58.02,Seen 117 Win % 99% Avg 58.02,https://swgoh.gg/gac/counters/GRIEVOUS/
characters,GRIEVOUS,,ADMIRALRADDUS,"['ADMIRALRADDUS', 'CASSIANANDOR', 'JYNERSO']","['GRIEVOUS', 'B1BATTLEDROIDV2', 'B2SUPERBATTLEDROID']",222,99.0,56.04,Seen 222 Win % 99% Avg 56.04,https://swgoh.gg/gac/counters/GRIEVOUS/
characters,GRIEVOUS,,BOSSNASS,"['BOSSNASS', 'GUNGANPHALANX', 'JARJARBINKS']","['GRIEVOUS', 'B1BATTLEDROIDV2', 'MAGNAGUARD']",96,98.0,56.43,Seen 96 Win % 98% Avg 56.43,https://swgoh.gg/gac/counters/GRIEVOUS/
characters,GRIEVOUS,,WAMPA,['WAMPA'],"['GRIEVOUS', 'B2SUPERBATTLEDROID', 'DROIDEKA']",90,98.0,58.11,Seen 90 Win % 98% Avg 58.11,https://swgoh.gg/gac/counters/GRIEVOUS/
characters,GRIEVOUS,,COMMANDERLUKESKYWALKER,"['COMMANDERLUKESKYWALKER', 'C3POCHEWBACCA', 'C3POLEGENDARY']","['GRIEVOUS', 'B2SUPERBATTLEDROID', 'MAGNAGUARD']",79,98.0,54.44,Seen 79 Win % 98% Avg 54.44,https://swgoh.gg/gac/counters/GRIEVOUS/
characters,GRIEVOUS,,GENERALSKYWALKER,"['GENERALSKYWALKER', 'ARCTROOPER501ST', 'CT210408']","['GRIEVOUS', 'B1BATTLEDROIDV2', 'MAGNAGUARD']",75,98.0,53.03,Seen 75 Win % 98% Avg 53.03,https://swgoh.gg/gac/counters/GRIEVOUS/
characters,GRIEVOUS,,WAMPA,['WAMPA'],"['GRIEVOUS', 'B1BATTLEDROIDV2', 'B2SUPERBATTLEDROID']",469,98.0,57.93,Seen 469 Win % 98% Avg 57.93,https://swgoh.gg/gac/counters/GRIEVOUS/
characters,GRIEVOUS,,BOSSNASS,"['BOSSNASS', 'GUNGANPHALANX', 'JARJARBINKS']","['GRIEVOUS', 'B2SUPERBATTLEDROID', 'MAGNAGUARD']",64,98.0,56.14,Seen 64 Win % 98% Avg 56.14,https://swgoh.gg/gac/counters/GRIEVOUS/
characters,GRIEVOUS,,SATELESHAN,"['SATELESHAN', 'BASTILASHAN', 'JEDIKNIGHTREVAN']","['GRIEVOUS', 'MAGNAGUARD', 'STAP']",61,98.0,55.1,Seen 61 Win % 98% Avg 55.1,https://swgoh.gg/gac/counters/GRIEVOUS/
characters,GRIEVOUS,,GENERALSKYWALKER,"['GENERALSKYWALKER', 'CT5555', 'CT7567']","['GRIEVOUS', 'MAGNAGUARD', 'STAP']",121,98.0,52.98,Seen 121 Win % 98% Avg 52.98,https://swgoh.gg/gac/counters/GRIEVOUS/
characters,GRIEVOUS,,BOSSNASS,"['BOSSNASS', 'CAPTAINTARPALS', 'JARJARBINKS']","['GRIEVOUS', 'B1BATTLEDROIDV2', 'B2SUPERBATTLEDROID']",55,98.0,55.84,Seen 55 Win % 98% Avg 55.84,https://swgoh.gg/gac/counters/GRIEVOUS/
characters,GRIEVOUS,,MOTHERTALZIN,"['MOTHERTALZIN', 'DAKA', 'MERRIN']","['GRIEVOUS', 'B1BATTLEDROIDV2', 'B2SUPERBATTLEDROID']",51,98.0,54.76,Seen 51 Win % 98% Avg 54.76,https://swgoh.gg/gac/counters/GRIEVOUS/
characters,GRIEVOUS,,COMMANDERLUKESKYWALKER,"['COMMANDERLUKESKYWALKER', 'CHEWBACCALEGENDARY', 'HANSOLO']","['GRIEVOUS', 'B1BATTLEDROIDV2', 'DROIDEKA']",48,97.0,54.5,Seen 48 Win % 97% Avg 54.5,https://swgoh.gg/gac/counters/GRIEVOUS/
characters,GRIEVOUS,,COMMANDERLUKESKYWALKER,"['COMMANDERLUKESKYWALKER', 'C3POCHEWBACCA', 'C3POLEGENDARY']","['GRIEVOUS', 'B1BATTLEDROIDV2', 'DROIDEKA']",46,97.0,54.57,Seen 46 Win % 97% Avg 54.57,https://swgoh.gg/gac/counters/GRIEVOUS/
characters,GRIEVOUS,,GENERALSKYWALKER,"['GENERALSKYWALKER', 'ARCTROOPER501ST', 'CT210408']","['GRIEVOUS', 'B1BATTLEDROIDV2', 'STAP']",41,97.0,51.56,Seen 41 Win % 97% Avg 51.56,https://swgoh.gg/gac/counters/GRIEVOUS/
characters,GRIEVOUS,,WAMPA,['WAMPA'],"['GRIEVOUS', 'B1BATTLEDROIDV2', 'MAGNAGUARD']",449,97.0,57.33,Seen 449 Win % 97% Avg 57.33,https://swgoh.gg/gac/counters/GRIEVOUS/
characters,QUIGONJINN,,GRANDMASTERLUKE,"['GRANDMASTERLUKE', 'JEDIKNIGHTCAL', 'JEDIKNIGHTLUKE']","['QUIGONJINN', 'ANAKINKNIGHT', 'KIADIMUNDI']",1227,100.0,56.2,"Seen 1,227 Win % 100% Avg 56.2",https://swgoh.gg/gac/counters/QUIGONJINN/
characters,QUIGONJINN,,MANDALORBOKATAN,"['MANDALORBOKATAN', 'IG12', 'PAZVIZSLA']","['QUIGONJINN', 'ANAKINKNIGHT', 'KIADIMUNDI']",582,100.0,54.61,Seen 582 Win % 100% Avg 54.61,https://swgoh.gg/gac/counters/QUIGONJINN/
characters,QUIGONJINN,,GRANDMASTERLUKE,"['GRANDMASTERLUKE', 'HERMITYODA', 'JEDIKNIGHTLUKE']","['QUIGONJINN', 'ANAKINKNIGHT', 'KIADIMUNDI']",478,100.0,56.13,Seen 478 Win % 100% Avg 56.13,https://swgoh.gg/gac/counters/QUIGONJINN/
characters,QUIGONJINN,,GRANDMASTERLUKE,['GRANDMASTERLUKE'],"['QUIGONJINN', 'ANAKINKNIGHT', 'MACEWINDU']",381,100.0,58.38,Seen 381 Win % 100% Avg 58.38,https://swgoh.gg/gac/counters/QUIGONJINN/
characters,QUIGONJINN,,GRANDMASTERLUKE,"['GRANDMASTERLUKE', 'JEDIKNIGHTCAL', 'JEDIKNIGHTLUKE']","['QUIGONJINN', 'ANAKINKNIGHT', 'MACEWINDU']",367,100.0,56.28,Seen 367 Win % 100% Avg 56.28,https://swgoh.gg/gac/counters/QUIGONJINN/
characters,QUIGONJINN,,JABBATHEHUTT,"['JABBATHEHUTT', 'BOUSHH', 'KRRSANTAN']","['QUIGONJINN', 'ANAKINKNIGHT', 'KIADIMUNDI']",338,100.0,56.45,Seen 338 Win % 100% Avg 56.45,https://swgoh.gg/gac/counters/QUIGONJINN/
characters,QUIGONJINN,,SITHPALPATINE,['SITHPALPATINE'],"['QUIGONJINN', 'ANAKINKNIGHT', 'MACEWINDU']",334,100.0,58.52,Seen 334 Win % 100% Avg 58.52,https://swgoh.gg/gac/counters/QUIGONJINN/
characters,QUIGONJINN,,GRANDMASTERLUKE,"['GRANDMASTERLUKE', 'JEDIKNIGHTCAL']","['QUIGONJINN', 'ANAKINKNIGHT', 'KIADIMUNDI']",227,100.0,57.53,Seen 227 Win % 100% Avg 57.53,https://swgoh.gg/gac/counters/QUIGONJINN/
characters,QUIGONJINN,,GRANDMASTERLUKE,"['GRANDMASTERLUKE', 'HERMITYODA']","['QUIGONJINN', 'ANAKINKNIGHT', 'MACEWINDU']",203,100.0,57.14,Seen 203 Win % 100% Avg 57.14,https://swgoh.gg/gac/counters/QUIGONJINN/
characters,QUIGONJINN,,MANDALORBOKATAN,"['MANDALORBOKATAN', 'IG12', 'PAZVIZSLA']","['QUIGONJINN', 'ANAKINKNIGHT', 'MACEWINDU']",203,100.0,54.7,Seen 203 Win % 100% Avg 54.7,https://swgoh.gg/gac/counters/QUIGONJINN/
characters,QUIGONJINN,,GRANDMASTERLUKE,"['GRANDMASTERLUKE', 'HERMITYODA', 'JEDIKNIGHTCAL']","['QUIGONJINN', 'ANAKINKNIGHT', 'KIADIMUNDI']",187,100.0,56.12,Seen 187 Win % 100% Avg 56.12,https://swgoh.gg/gac/counters/QUIGONJINN/
characters,QUIGONJINN,,GRANDMASTERLUKE,"['GRANDMASTERLUKE', 'HERMITYODA', 'JEDIKNIGHTLUKE']","['QUIGONJINN', 'ANAKINKNIGHT', 'MACEWINDU']",178,100.0,56.25,Seen 178 Win % 100% Avg 56.25,https://swgoh.gg/gac/counters/QUIGONJINN/
characters,QUIGONJINN,,SITHPALPATINE,"['SITHPALPATINE', 'WATTAMBOR']","['QUIGONJINN', 'ANAKINKNIGHT', 'MACEWINDU']",175,100.0,56.87,Seen 175 Win % 100% Avg 56.87,https://swgoh.gg/gac/counters/QUIGONJINN/
characters,QUIGONJINN,,JEDIMASTERKENOBI,"['JEDIMASTERKENOBI', 'COMMANDERAHSOKA', 'GENERALKENOBI']","['QUIGONJINN', 'ANAKINKNIGHT', 'KIADIMUNDI']",147,100.0,57.0,Seen 147 Win % 100% Avg 57,https://swgoh.gg/gac/counters/QUIGONJINN/
characters,QUIGONJINN,,GLLEIA,"['GLLEIA', 'CAPTAINDROGAN', 'R2D2_LEGENDARY']","['QUIGONJINN', 'ANAKINKNIGHT', 'KIADIMUNDI']",146,100.0,56.54,Seen 146 Win % 100% Avg 56.54,https://swgoh.gg/gac/counters/QUIGONJINN/
characters,QUIGONJINN,,DARTHMALGUS,"['DARTHMALGUS', 'DARTHMALAK', 'DARTHREVAN']","['QUIGONJINN', 'ANAKINKNIGHT', 'MACEWINDU']",144,100.0,54.37,Seen 144 Win % 100% Avg 54.37,https://swgoh.gg/gac/counters/QUIGONJINN/
characters,QUIGONJINN,,MANDALORBOKATAN,"['MANDALORBOKATAN', 'IG12', 'THEMANDALORIANBESKARARMOR']","['QUIGONJINN', 'ANAKINKNIGHT', 'MACEWINDU']",123,100.0,54.13,Seen 123 Win % 100% Avg 54.13,https://swgoh.gg/gac/counters/QUIGONJINN/
characters,QUIGONJINN,,GRANDMASTERLUKE,"['GRANDMASTERLUKE', 'JEDIKNIGHTLUKE']","['QUIGONJINN', 'ANAKINKNIGHT', 'KIADIMUNDI']",121,100.0,57.63,Seen 121 Win % 100% Avg 57.63,https://swgoh.gg/gac/counters/QUIGONJINN/
characters,QUIGONJINN,,LORDVADER,"['LORDVADER', 'APPO', 'OPERATIVE']","['QUIGONJINN', 'ANAKINKNIGHT', 'KIADIMUNDI']",117,100.0,53.71,Seen 117 Win % 100% Avg 53.71,https://swgoh.gg/gac/counters/QUIGONJINN/
characters,QUIGONJINN,,GRANDMASTERLUKE,"['GRANDMASTERLUKE', 'HERMITYODA']","['QUIGONJINN', 'ANAKINKNIGHT', 'KIADIMUNDI']",734,99.0,57.34,Seen 734 Win % 99% Avg 57.34,https://swgoh.gg/gac/counters/QUIGONJINN/
characters,QUIGONJINN,,THIRDSISTER,"['THIRDSISTER', 'GRANDINQUISITOR', 'SEVENTHSISTER']","['QUIGONJINN', 'ANAKINKNIGHT', 'KIADIMUNDI']",1240,99.0,55.13,"Seen 1,240 Win % 99% Avg 55.13",https://swgoh.gg/gac/counters/QUIGONJINN/
characters,QUIGONJINN,,THIRDSISTER,"['THIRDSISTER', 'GRANDINQUISITOR', 'SEVENTHSISTER']","['QUIGONJINN', 'ANAKINKNIGHT', 'MACEWINDU']",503,99.0,54.67,Seen 503 Win % 99% Avg 54.67,https://swgoh.gg/gac/counters/QUIGONJINN/
characters,QUIGONJINN,,BOSSNASS,"['BOSSNASS', 'CAPTAINTARPALS', 'JARJARBINKS']","['QUIGONJINN', 'ANAKINKNIGHT', 'MACEWINDU']",615,99.0,56.6,Seen 615 Win % 99% Avg 56.6,https://swgoh.gg/gac/counters/QUIGONJINN/
characters,QUIGONJINN,,DARTHMALGUS,"['DARTHMALGUS', 'DARTHMALAK', 'DARTHREVAN']","['QUIGONJINN', 'ANAKINKNIGHT', 'KIADIMUNDI']",365,99.0,53.82,Seen 365 Win % 99% Avg 53.82,https://swgoh.gg/gac/counters/QUIGONJINN/
characters,QUIGONJINN,,DARTHMALGUS,"['DARTHMALGUS', 'BASTILASHANDARK', 'DARTHMALAK']","['QUIGONJINN', 'ANAKINKNIGHT', 'KIADIMUNDI']",290,98.0,52.92,Seen 290 Win % 98% Avg 52.92,https://swgoh.gg/gac/counters/QUIGONJINN/
characters,QUIGONJINN,,SITHPALPATINE,"['SITHPALPATINE', 'WATTAMBOR']","['QUIGONJINN', 'ANAKINKNIGHT', 'KIADIMUNDI']",492,98.0,56.26,Seen 492 Win % 98% Avg 56.26,https://swgoh.gg/gac/counters/QUIGONJINN/
characters,QUIGONJINN,,BOSSNASS,"['BOSSNASS', 'BOOMADIER', 'JARJARBINKS']","['QUIGONJINN', 'ANAKINKNIGHT', 'KIADIMUNDI']",320,98.0,55.94,Seen 320 Win % 98% Avg 55.94,https://swgoh.gg/gac/counters/QUIGONJINN/
characters,QUIGONJINN,,BOSSNASS,"['BOSSNASS', 'GUNGANPHALANX', 'JARJARBINKS']","['QUIGONJINN', 'ANAKINKNIGHT', 'MACEWINDU']",569,98.0,56.07,Seen 569 Win % 98% Avg 56.07,https://swgoh.gg/gac/counters/QUIGONJINN/
characters,QUIGONJINN,,BOSSNASS,"['BOSSNASS', 'CAPTAINTARPALS', 'JARJARBINKS']","['QUIGONJINN', 'ANAKINKNIGHT', 'KIADIMUNDI']",1871,98.0,55.98,"Seen 1,871 Win % 98% Avg 55.98",https://swgoh.gg/gac/counters/QUIGONJINN/
characters,QUIGONJINN,,BOSSNASS,"['BOSSNASS', 'GUNGANPHALANX', 'JARJARBINKS']","['QUIGONJINN', 'ANAKINKNIGHT', 'KIADIMUNDI']",2095,98.0,55.92,"Seen 2,095 Win % 98% Avg 55.92",https://swgoh.gg/gac/counters/QUIGONJINN/
characters,QUIGONJINN,,CAPTAINENOCH,"['CAPTAINENOCH', 'DEATHTROOPERPERIDEA', 'NIGHTTROOPER']","['QUIGONJINN', 'ANAKINKNIGHT', 'KIADIMUNDI']",2192,97.0,52.14,"Seen 2,192 Win % 97% Avg 52.14",https://swgoh.gg/gac/counters/QUIGONJINN/
characters,QUIGONJINN,,BOSSNASS,"['BOSSNASS', 'CAPTAINTARPALS', 'GUNGANPHALANX']","['QUIGONJINN', 'ANAKINKNIGHT', 'MACEWINDU']",141,97.0,55.68,Seen 141 Win % 97% Avg 55.68,https://swgoh.gg/gac/counters/QUIGONJINN/
characters,QUIGONJINN,,GRANDMASTERLUKE,['GRANDMASTERLUKE'],"['QUIGONJINN', 'ANAKINKNIGHT', 'KIADIMUNDI']",629,97.0,56.64,Seen 629 Win % 97% Avg 56.64,https://swgoh.gg/gac/counters/QUIGONJINN/
characters,QUIGONJINN,,BAYLANSKOLL,"['BAYLANSKOLL', 'MARROK', 'SHINHATI']","['QUIGONJINN', 'ANAKINKNIGHT', 'KIADIMUNDI']",190,97.0,54.11,Seen 190 Win % 97% Avg 54.11,https://swgoh.gg/gac/counters/QUIGONJINN/
characters,QUIGONJINN,,BOSSNASS,"['BOSSNASS', 'CAPTAINTARPALS', 'GUNGANPHALANX']","['QUIGONJINN', 'ANAKINKNIGHT', 'KIADIMUNDI']",353,97.0,55.22,Seen 353 Win % 97% Avg 55.22,https://swgoh.gg/gac/counters/QUIGONJINN/
characters,QUIGONJINN,,MOFFGIDEONS3,"['MOFFGIDEONS3', 'CAPTAINENOCH', 'SCOUTTROOPER_V3']","['QUIGONJINN', 'ANAKINKNIGHT', 'KIADIMUNDI']",133,96.0,54.82,Seen 133 Win % 96% Avg 54.82,https://swgoh.gg/gac/counters/QUIGONJINN/
characters,QUIGONJINN,,MANDALORBOKATAN,"['MANDALORBOKATAN', 'IG12', 'THEMANDALORIANBESKARARMOR']","['QUIGONJINN', 'ANAKINKNIGHT', 'KIADIMUNDI']",254,96.0,52.16,Seen 254 Win % 96% Avg 52.16,https://swgoh.gg/gac/counters/QUIGONJINN/
characters,QUIGONJINN,,BOSSNASS,"['BOSSNASS', 'CAPTAINTARPALS', 'JARJARBINKS']","['QUIGONJINN', 'ANAKINKNIGHT', 'KELLERANBEQ']",117,96.0,55.03,Seen 117 Win % 96% Avg 55.03,https://swgoh.gg/gac/counters/QUIGONJINN/
characters,QUIGONJINN,,SITHPALPATINE,['SITHPALPATINE'],"['QUIGONJINN', 'ANAKINKNIGHT', 'KIADIMUNDI']",802,95.0,55.88,Seen 802 Win % 95% Avg 55.88,https://swgoh.gg/gac/counters/QUIGONJINN/
characters,QUIGONJINN,,MOFFGIDEONS3,"['MOFFGIDEONS3', 'MOFFGIDEONS1', 'SCOUTTROOPER_V3']","['QUIGONJINN', 'ANAKINKNIGHT', 'KIADIMUNDI']",1665,95.0,53.49,"Seen 1,665 Win % 95% Avg 53.49",https://swgoh.gg/gac/counters/QUIGONJINN/
characters,QUIGONJINN,,GRANDMOFFTARKIN,"['GRANDMOFFTARKIN', 'DISGUISEDCLONETROOPER', 'SCORCH']","['QUIGONJINN', 'ANAKINKNIGHT', 'KIADIMUNDI']",254,94.0,52.92,Seen 254 Win % 94% Avg 52.92,https://swgoh.gg/gac/counters/QUIGONJINN/
characters,QUIGONJINN,,GRANDINQUISITOR,"['GRANDINQUISITOR', 'NINTHSISTER', 'SEVENTHSISTER']","['QUIGONJINN', 'ANAKINKNIGHT', 'MACEWINDU']",212,94.0,52.01,Seen 212 Win % 94% Avg 52.01,https://swgoh.gg/gac/counters/QUIGONJINN/
characters,QUIGONJINN,,MOFFGIDEONS3,"['MOFFGIDEONS3', 'MOFFGIDEONS1', 'SCOUTTROOPER_V3']","['QUIGONJINN', 'ANAKINKNIGHT', 'MACEWINDU']",535,94.0,52.65,Seen 535 Win % 94% Avg 52.65,https://swgoh.gg/gac/counters/QUIGONJINN/
characters,QUIGONJINN,,BOSSNASS,"['BOSSNASS', 'BOOMADIER', 'JARJARBINKS']","['QUIGONJINN', 'ANAKINKNIGHT', 'MACEWINDU']",157,94.0,53.55,Seen 157 Win % 94% Avg 53.55,https://swgoh.gg/gac/counters/QUIGONJINN/
characters,QUIGONJINN,,CAPTAINENOCH,"['CAPTAINENOCH', 'DEATHTROOPERPERIDEA', 'NIGHTTROOPER']","['QUIGONJINN', 'ANAKINKNIGHT', 'MACEWINDU']",783,93.0,49.76,Seen 783 Win % 93% Avg 49.76,https://swgoh.gg/gac/counters/QUIGONJINN/
characters,QUIGONJINN,,GRANDMOFFTARKIN,"['GRANDMOFFTARKIN', 'DISGUISEDCLONETROOPER', 'SCORCH']","['QUIGONJINN', 'ANAKINKNIGHT', 'MACEWINDU']",123,92.0,51.46,Seen 123 Win % 92% Avg 51.46,https://swgoh.gg/gac/counters/QUIGONJINN/
characters,QUIGONJINN,,QUEENAMIDALA,"['QUEENAMIDALA', 'MASTERQUIGON', 'PADAWANOBIWAN']","['QUIGONJINN', 'ANAKINKNIGHT', 'KIADIMUNDI']",131,92.0,51.51,Seen 131 Win % 92% Avg 51.51,https://swgoh.gg/gac/counters/QUIGONJINN/
characters,QUIGONJINN,,ADMIRALRADDUS,"['ADMIRALRADDUS', 'CASSIANANDOR', 'JYNERSO']","['QUIGONJINN', 'ANAKINKNIGHT', 'MACEWINDU']",254,91.0,50.68,Seen 254 Win % 91% Avg 50.68,https://swgoh.gg/gac/counters/QUIGONJINN/
characters,QUIGONJINN,,SATELESHAN,"['SATELESHAN', 'BASTILASHAN', 'JEDIKNIGHTREVAN']","['QUIGONJINN', 'ANAKINKNIGHT', 'KIADIMUNDI']",258,90.0,48.93,Seen 258 Win % 90% Avg 48.93,https://swgoh.gg/gac/counters/QUIGONJINN/
characters,QUIGONJINN,,DARTHREVAN,"['DARTHREVAN', 'BASTILASHANDARK', 'DARTHMALAK']","['QUIGONJINN', 'ANAKINKNIGHT', 'KIADIMUNDI']",123,90.0,48.93,Seen 123 Win % 90% Avg 48.93,https://swgoh.gg/gac/counters/QUIGONJINN/
characters,GREATMOTHERS,,STRANGER,"['STRANGER', 'MAULHATEFUELED', 'STARKILLER']","['GREATMOTHERS', 'MORGANELSBETH', 'NIGHTSISTERSPIRIT']",234,100.0,55.41,Seen 234 Win % 100% Avg 55.41,https://swgoh.gg/gac/counters/GREATMOTHERS/
characters,GREATMOTHERS,,MANDALORBOKATAN,"['MANDALORBOKATAN', 'IG12', 'PAZVIZSLA']","['GREATMOTHERS', 'ASAJVENTRESS', 'MORGANELSBETH']",194,100.0,55.42,Seen 194 Win % 100% Avg 55.42,https://swgoh.gg/gac/counters/GREATMOTHERS/
characters,GREATMOTHERS,,SUPREMELEADERKYLOREN,"['SUPREMELEADERKYLOREN', 'DARKREY', 'KYLORENUNMASKED']","['GREATMOTHERS', 'MERRIN', 'MORGANELSBETH']",152,100.0,55.87,Seen 152 Win % 100% Avg 55.87,https://swgoh.gg/gac/counters/GREATMOTHERS/
characters,GREATMOTHERS,,LORDVADER,"['LORDVADER', 'APPO', 'OPERATIVE']","['GREATMOTHERS', 'MERRIN', 'MORGANELSBETH']",103,100.0,53.6,Seen 103 Win % 100% Avg 53.6,https://swgoh.gg/gac/counters/GREATMOTHERS/
characters,GREATMOTHERS,,GLLEIA,"['GLLEIA', 'CAPTAINDROGAN', 'R2D2_LEGENDARY']","['GREATMOTHERS', 'MERRIN', 'MORGANELSBETH']",102,100.0,55.96,Seen 102 Win % 100% Avg 55.96,https://swgoh.gg/gac/counters/GREATMOTHERS/
characters,GREATMOTHERS,,JEDIMASTERKENOBI,"['JEDIMASTERKENOBI', 'COMMANDERAHSOKA', 'GENERALKENOBI']","['GREATMOTHERS', 'ASAJVENTRESS', 'MORGANELSBETH']",88,100.0,55.94,Seen 88 Win % 100% Avg 55.94,https://swgoh.gg/gac/counters/GREATMOTHERS/
characters,GREATMOTHERS,,MANDALORBOKATAN,"['MANDALORBOKATAN', 'IG12', 'THEMANDALORIANBESKARARMOR']","['GREATMOTHERS', 'ASAJJDARKDISCIPLE', 'MORGANELSBETH']",83,100.0,54.23,Seen 83 Win % 100% Avg 54.23,https://swgoh.gg/gac/counters/GREATMOTHERS/
characters,GREATMOTHERS,,MANDALORBOKATAN,"['MANDALORBOKATAN', 'IG12', 'THEMANDALORIANBESKARARMOR']","['GREATMOTHERS', 'MERRIN', 'MORGANELSBETH']",1767,99.0,54.72,"Seen 1,767 Win % 99% Avg 54.72",https://swgoh.gg/gac/counters/GREATMOTHERS/
characters,GREATMOTHERS,,MANDALORBOKATAN,"['MANDALORBOKATAN', 'IG12', 'THEMANDALORIANBESKARARMOR']","['GREATMOTHERS', 'ASAJVENTRESS', 'MORGANELSBETH']",386,99.0,54.5,Seen 386 Win % 99% Avg 54.5,https://swgoh.gg/gac/counters/GREATMOTHERS/
characters,GREATMOTHERS,,SUPREMELEADERKYLOREN,"['SUPREMELEADERKYLOREN', 'DARKREY', 'KYLORENUNMASKED']","['GREATMOTHERS', 'MORGANELSBETH', 'NIGHTSISTERSPIRIT']",380,99.0,55.14,Seen 380 Win % 99% Avg 55.14,https://swgoh.gg/gac/counters/GREATMOTHERS/
characters,GREATMOTHERS,,JEDIMASTERKENOBI,"['JEDIMASTERKENOBI', 'COMMANDERAHSOKA', 'GENERALKENOBI']","['GREATMOTHERS', 'MERRIN', 'MORGANELSBETH']",288,99.0,55.75,Seen 288 Win % 99% Avg 55.75,https://swgoh.gg/gac/counters/GREATMOTHERS/
characters,GREATMOTHERS,,MANDALORBOKATAN,"['MANDALORBOKATAN', 'IG12', 'PAZVIZSLA']","['GREATMOTHERS', 'MERRIN', 'MORGANELSBETH']",856,99.0,55.29,Seen 856 Win % 99% Avg 55.29,https://swgoh.gg/gac/counters/GREATMOTHERS/
characters,GREATMOTHERS,,LORDVADER,"['LORDVADER', 'APPO', 'OPERATIVE']","['GREATMOTHERS', 'MORGANELSBETH', 'NIGHTSISTERSPIRIT']",350,99.0,53.46,Seen 350 Win % 99% Avg 53.46,https://swgoh.gg/gac/counters/GREATMOTHERS/
characters,GREATMOTHERS,,GLLEIA,"['GLLEIA', 'CAPTAINDROGAN', 'R2D2_LEGENDARY']","['GREATMOTHERS', 'MORGANELSBETH', 'NIGHTSISTERSPIRIT']",348,99.0,55.17,Seen 348 Win % 99% Avg 55.17,https://swgoh.gg/gac/counters/GREATMOTHERS/
characters,GREATMOTHERS,,JEDIMASTERKENOBI,"['JEDIMASTERKENOBI', 'AHSOKATANO', 'COMMANDERAHSOKA']","['GREATMOTHERS', 'MORGANELSBETH', 'NIGHTSISTERSPIRIT']",281,99.0,55.88,Seen 281 Win % 99% Avg 55.88,https://swgoh.gg/gac/counters/GREATMOTHERS/
characters,GREATMOTHERS,,SUPREMELEADERKYLOREN,"['SUPREMELEADERKYLOREN', 'DARKREY', 'GENERALHUX']","['GREATMOTHERS', 'MORGANELSBETH', 'NIGHTSISTERSPIRIT']",128,99.0,54.75,Seen 128 Win % 99% Avg 54.75,https://swgoh.gg/gac/counters/GREATMOTHERS/
characters,GREATMOTHERS,,MANDALORBOKATAN,"['MANDALORBOKATAN', 'IG12', 'THEMANDALORIANBESKARARMOR']","['GREATMOTHERS', 'DEATHTROOPERPERIDEA', 'MORGANELSBETH']",252,99.0,53.74,Seen 252 Win % 99% Avg 53.74,https://swgoh.gg/gac/counters/GREATMOTHERS/
characters,GREATMOTHERS,,SITHPALPATINE,"['SITHPALPATINE', 'GEONOSIANBROODALPHA', 'WATTAMBOR']","['GREATMOTHERS', 'MORGANELSBETH', 'NIGHTSISTERSPIRIT']",124,99.0,50.8,Seen 124 Win % 99% Avg 50.8,https://swgoh.gg/gac/counters/GREATMOTHERS/
characters,GREATMOTHERS,,MANDALORBOKATAN,"['MANDALORBOKATAN', 'IG12', 'THEMANDALORIANBESKARARMOR']","['GREATMOTHERS', 'MORGANELSBETH', 'NIGHTSISTERZOMBIE']",104,99.0,54.11,Seen 104 Win % 99% Avg 54.11,https://swgoh.gg/gac/counters/GREATMOTHERS/
characters,GREATMOTHERS,,JEDIMASTERKENOBI,"['JEDIMASTERKENOBI', 'COMMANDERAHSOKA', 'MACEWINDU']","['GREATMOTHERS', 'MERRIN', 'MORGANELSBETH']",93,98.0,55.82,Seen 93 Win % 98% Avg 55.82,https://swgoh.gg/gac/counters/GREATMOTHERS/
characters,GREATMOTHERS,,MANDALORBOKATAN,"['MANDALORBOKATAN', 'IG12', 'THEMANDALORIANBESKARARMOR']","['GREATMOTHERS', 'MORGANELSBETH', 'NIGHTTROOPER']",638,98.0,53.7,Seen 638 Win % 98% Avg 53.7,https://swgoh.gg/gac/counters/GREATMOTHERS/
characters,GREATMOTHERS,,THIRDSISTER,"['THIRDSISTER', 'GRANDINQUISITOR', 'SEVENTHSISTER']","['GREATMOTHERS', 'ASAJVENTRESS', 'MORGANELSBETH']",86,98.0,55.08,Seen 86 Win % 98% Avg 55.08,https://swgoh.gg/gac/counters/GREATMOTHERS/
characters,GREATMOTHERS,,SITHPALPATINE,"['SITHPALPATINE', 'WATTAMBOR']","['GREATMOTHERS', 'MERRIN', 'MORGANELSBETH']",154,98.0,54.25,Seen 154 Win % 98% Avg 54.25,https://swgoh.gg/gac/counters/GREATMOTHERS/
characters,GREATMOTHERS,,DARTHREVAN,"['DARTHREVAN', 'BASTILASHANDARK', 'DARTHMALAK']","['GREATMOTHERS', 'ASAJVENTRESS', 'MORGANELSBETH']",136,98.0,53.99,Seen 136 Win % 98% Avg 53.99,https://swgoh.gg/gac/counters/GREATMOTHERS/
characters,GREATMOTHERS,,GENERALSKYWALKER,"['GENERALSKYWALKER', 'ARCTROOPER501ST', 'CT7567']","['GREATMOTHERS', 'MERRIN', 'MORGANELSBETH']",247,97.0,53.25,Seen 247 Win % 97% Avg 53.25,https://swgoh.gg/gac/counters/GREATMOTHERS/
characters,GREATMOTHERS,,MANDALORBOKATAN,"['MANDALORBOKATAN', 'IG12', 'THEMANDALORIANBESKARARMOR']","['GREATMOTHERS', 'MORGANELSBETH', 'NIGHTSISTERACOLYTE']",90,97.0,53.24,Seen 90 Win % 97% Avg 53.24,https://swgoh.gg/gac/counters/GREATMOTHERS/
characters,GREATMOTHERS,,JEDIMASTERKENOBI,"['JEDIMASTERKENOBI', 'COMMANDERAHSOKA', 'GENERALKENOBI']","['GREATMOTHERS', 'MORGANELSBETH', 'NIGHTTROOPER']",122,97.0,54.24,Seen 122 Win % 97% Avg 54.24,https://swgoh.gg/gac/counters/GREATMOTHERS/
characters,GREATMOTHERS,,DARTHREVAN,"['DARTHREVAN', 'BASTILASHANDARK', 'DARTHMALAK']","['GREATMOTHERS', 'MORGANELSBETH', 'NIGHTTROOPER']",190,97.0,52.95,Seen 190 Win % 97% Avg 52.95,https://swgoh.gg/gac/counters/GREATMOTHERS/
characters,GREATMOTHERS,,JEDIMASTERKENOBI,"['JEDIMASTERKENOBI', 'COMMANDERAHSOKA', 'GENERALKENOBI']","['GREATMOTHERS', 'MORGANELSBETH', 'NIGHTSISTERSPIRIT']",797,97.0,54.05,Seen 797 Win % 97% Avg 54.05,https://swgoh.gg/gac/counters/GREATMOTHERS/
characters,GREATMOTHERS,,THIRDSISTER,"['THIRDSISTER', 'GRANDINQUISITOR', 'SEVENTHSISTER']","['GREATMOTHERS', 'MORGANELSBETH', 'NIGHTTROOPER']",240,97.0,54.15,Seen 240 Win % 97% Avg 54.15,https://swgoh.gg/gac/counters/GREATMOTHERS/
characters,GREATMOTHERS,,MANDALORBOKATAN,"['MANDALORBOKATAN', 'IG12', 'PAZVIZSLA']","['GREATMOTHERS', 'MORGANELSBETH', 'NIGHTTROOPER']",238,96.0,53.15,Seen 238 Win % 96% Avg 53.15,https://swgoh.gg/gac/counters/GREATMOTHERS/
characters,GREATMOTHERS,,JEDIMASTERKENOBI,"['JEDIMASTERKENOBI', 'COMMANDERAHSOKA', 'MACEWINDU']","['GREATMOTHERS', 'MORGANELSBETH', 'NIGHTSISTERSPIRIT']",154,96.0,53.93,Seen 154 Win % 96% Avg 53.93,https://swgoh.gg/gac/counters/GREATMOTHERS/
characters,GREATMOTHERS,,THIRDSISTER,"['THIRDSISTER', 'GRANDINQUISITOR', 'SEVENTHSISTER']","['GREATMOTHERS', 'MORGANELSBETH', 'NIGHTSISTERSPIRIT']",1544,95.0,53.26,"Seen 1,544 Win % 95% Avg 53.26",https://swgoh.gg/gac/counters/GREATMOTHERS/
characters,GREATMOTHERS,,DARTHREVAN,"['DARTHREVAN', 'MISSIONVAO', 'ZAALBAR']","['GREATMOTHERS', 'MERRIN', 'MORGANELSBETH']",479,95.0,50.11,Seen 479 Win % 95% Avg 50.11,https://swgoh.gg/gac/counters/GREATMOTHERS/
characters,GREATMOTHERS,,THIRDSISTER,"['THIRDSISTER', 'GRANDINQUISITOR', 'SEVENTHSISTER']","['GREATMOTHERS', 'MERRIN', 'MORGANELSBETH']",409,94.0,52.82,Seen 409 Win % 94% Avg 52.82,https://swgoh.gg/gac/counters/GREATMOTHERS/
characters,GREATMOTHERS,,DARTHREVAN,"['DARTHREVAN', 'MISSIONVAO', 'ZAALBAR']","['GREATMOTHERS', 'MORGANELSBETH', 'NIGHTSISTERSPIRIT']",1681,94.0,49.92,"Seen 1,681 Win % 94% Avg 49.92",https://swgoh.gg/gac/counters/GREATMOTHERS/
characters,GREATMOTHERS,,GENERALSKYWALKER,"['GENERALSKYWALKER', 'CT5555', 'CT7567']","['GREATMOTHERS', 'MERRIN', 'MORGANELSBETH']",654,94.0,49.88,Seen 654 Win % 94% Avg 49.88,https://swgoh.gg/gac/counters/GREATMOTHERS/
characters,GREATMOTHERS,,SITHPALPATINE,"['SITHPALPATINE', 'SITHTROOPER', 'WATTAMBOR']","['GREATMOTHERS', 'MORGANELSBETH', 'NIGHTSISTERSPIRIT']",251,94.0,47.79,Seen 251 Win % 94% Avg 47.79,https://swgoh.gg/gac/counters/GREATMOTHERS/
characters,GREATMOTHERS,,BAYLANSKOLL,"['BAYLANSKOLL', 'MARROK', 'SHINHATI']","['GREATMOTHERS', 'MERRIN', 'MORGANELSBETH']",286,93.0,51.92,Seen 286 Win % 93% Avg 51.92,https://swgoh.gg/gac/counters/GREATMOTHERS/
characters,GREATMOTHERS,,SATELESHAN,"['SATELESHAN', 'BASTILASHAN', 'JEDIKNIGHTREVAN']","['GREATMOTHERS', 'MERRIN', 'MORGANELSBETH']",121,93.0,51.62,Seen 121 Win % 93% Avg 51.62,https://swgoh.gg/gac/counters/GREATMOTHERS/
characters,GREATMOTHERS,,DARTHREVAN,"['DARTHREVAN', 'BASTILASHANDARK', 'DARTHMALAK']","['GREATMOTHERS', 'MORGANELSBETH', 'NIGHTSISTERSPIRIT']",1312,93.0,51.15,"Seen 1,312 Win % 93% Avg 51.15",https://swgoh.gg/gac/counters/GREATMOTHERS/
characters,GREATMOTHERS,,GENERALSKYWALKER,"['GENERALSKYWALKER', 'CT210408', 'CT7567']","['GREATMOTHERS', 'MERRIN', 'MORGANELSBETH']",104,93.0,50.7,Seen 104 Win % 93% Avg 50.7,https://swgoh.gg/gac/counters/GREATMOTHERS/
characters,GREATMOTHERS,,CEREJUNDA,"['CEREJUNDA', 'MAULS7', 'TARONMALICOS']","['GREATMOTHERS', 'MERRIN', 'MORGANELSBETH']",89,93.0,51.36,Seen 89 Win % 93% Avg 51.36,https://swgoh.gg/gac/counters/GREATMOTHERS/
characters,GREATMOTHERS,,DARTHMALGUS,"['DARTHMALGUS', 'BASTILASHANDARK', 'DARTHREVAN']","['GREATMOTHERS', 'MORGANELSBETH', 'NIGHTSISTERSPIRIT']",345,93.0,51.9,Seen 345 Win % 93% Avg 51.9,https://swgoh.gg/gac/counters/GREATMOTHERS/
characters,GREATMOTHERS,,DARTHREVAN,"['DARTHREVAN', 'BASTILASHANDARK', 'DARTHMALAK']","['GREATMOTHERS', 'MERRIN', 'MORGANELSBETH']",379,92.0,50.24,Seen 379 Win % 92% Avg 50.24,https://swgoh.gg/gac/counters/GREATMOTHERS/
characters,GREATMOTHERS,,MANDALORBOKATAN,"['MANDALORBOKATAN', 'IG12', 'PAZVIZSLA']","['GREATMOTHERS', 'MORGANELSBETH', 'NIGHTSISTERSPIRIT']",1438,91.0,49.99,"Seen 1,438 Win % 91% Avg 49.99",https://swgoh.gg/gac/counters/GREATMOTHERS/
characters,GREATMOTHERS,,DARTHREVAN,"['DARTHREVAN', 'MISSIONVAO', 'ZAALBAR']","['GREATMOTHERS', 'ASAJVENTRESS', 'MORGANELSBETH']",88,90.0,48.14,Seen 88 Win % 90% Avg 48.14,https://swgoh.gg/gac/counters/GREATMOTHERS/
characters,GREATMOTHERS,,MANDALORBOKATAN,"['MANDALORBOKATAN', 'IG12', 'THEMANDALORIANBESKARARMOR']","['GREATMOTHERS', 'MORGANELSBETH', 'NIGHTSISTERSPIRIT']",3340,90.0,49.35,"Seen 3,340 Win % 90% Avg 49.35",https://swgoh.gg/gac/counters/GREATMOTHERS/
characters,GREATMOTHERS,,DARTHREVAN,"['DARTHREVAN', 'MISSIONVAO', 'ZAALBAR']","['GREATMOTHERS', 'MORGANELSBETH', 'NIGHTTROOPER']",174,90.0,47.45,Seen 174 Win % 90% Avg 47.45,https://swgoh.gg/gac/counters/GREATMOTHERS/
characters,GREATMOTHERS,,GENERALSKYWALKER,"['GENERALSKYWALKER', 'CT5555', 'CT7567']","['GREATMOTHERS', 'ASAJVENTRESS', 'MORGANELSBETH']",142,90.0,47.61,Seen 142 Win % 90% Avg 47.61,https://swgoh.gg/gac/counters/GREATMOTHERS/
characters,JEDIKNIGHTREVAN,,THIRDSISTER,"['THIRDSISTER', 'GRANDINQUISITOR', 'SEVENTHSISTER']","['JEDIKNIGHTREVAN', 'BASTILASHAN', 'JOLEEBINDO']",29,100.0,56.72,Seen 29 Win % 100% Avg 56.72,https://swgoh.gg/gac/counters/JEDIKNIGHTREVAN/
characters,JEDIKNIGHTREVAN,,GENERALSKYWALKER,"['GENERALSKYWALKER', 'CT5555', 'CT7567']","['JEDIKNIGHTREVAN', 'BASTILASHAN', 'JOLEEBINDO']",27,100.0,54.52,Seen 27 Win % 100% Avg 54.52,https://swgoh.gg/gac/counters/JEDIKNIGHTREVAN/
characters,JEDIKNIGHTREVAN,,SATELESHAN,"['SATELESHAN', 'BASTILASHAN', 'JEDIKNIGHTREVAN']","['JEDIKNIGHTREVAN', 'BASTILASHAN', 'JOLEEBINDO']",16,100.0,56.94,Seen 16 Win % 100% Avg 56.94,https://swgoh.gg/gac/counters/JEDIKNIGHTREVAN/
characters,JEDIKNIGHTREVAN,,DARTHREVAN,"['DARTHREVAN', 'BASTILASHANDARK', 'DARTHMALAK']","['JEDIKNIGHTREVAN', 'BASTILASHAN', 'JOLEEBINDO']",15,100.0,55.4,Seen 15 Win % 100% Avg 55.4,https://swgoh.gg/gac/counters/JEDIKNIGHTREVAN/
characters,JEDIKNIGHTREVAN,,GREATMOTHERS,"['GREATMOTHERS', 'MORGANELSBETH', 'NIGHTSISTERSPIRIT']","['JEDIKNIGHTREVAN', 'BASTILASHAN', 'JOLEEBINDO']",14,100.0,56.79,Seen 14 Win % 100% Avg 56.79,https://swgoh.gg/gac/counters/JEDIKNIGHTREVAN/
characters,JEDIKNIGHTREVAN,,GENERALSKYWALKER,"['GENERALSKYWALKER', 'CT5555', 'CT7567']","['JEDIKNIGHTREVAN', 'GRANDMASTERYODA', 'JOLEEBINDO']",12,100.0,55.25,Seen 12 Win % 100% Avg 55.25,https://swgoh.gg/gac/counters/JEDIKNIGHTREVAN/
characters,JEDIKNIGHTREVAN,,THIRDSISTER,"['THIRDSISTER', 'GRANDINQUISITOR', 'SEVENTHSISTER']","['JEDIKNIGHTREVAN', 'GRANDMASTERYODA', 'JOLEEBINDO']",12,100.0,56.92,Seen 12 Win % 100% Avg 56.92,https://swgoh.gg/gac/counters/JEDIKNIGHTREVAN/
characters,JEDIKNIGHTREVAN,,DARTHREVAN,"['DARTHREVAN', 'MISSIONVAO', 'ZAALBAR']","['JEDIKNIGHTREVAN', 'BASTILASHAN', 'JOLEEBINDO']",10,100.0,53.4,Seen 10 Win % 100% Avg 53.4,https://swgoh.gg/gac/counters/JEDIKNIGHTREVAN/
characters,JEDIKNIGHTREVAN,,ADMIRALRADDUS,"['ADMIRALRADDUS', 'CASSIANANDOR', 'JYNERSO']","['JEDIKNIGHTREVAN', 'BASTILASHAN', 'JOLEEBINDO']",8,100.0,56.25,Seen 8 Win % 100% Avg 56.25,https://swgoh.gg/gac/counters/JEDIKNIGHTREVAN/
characters,JEDIKNIGHTREVAN,,DARTHMALGUS,"['DARTHMALGUS', 'DARTHMALAK', 'DARTHREVAN']","['JEDIKNIGHTREVAN', 'BASTILASHAN', 'JOLEEBINDO']",8,100.0,55.88,Seen 8 Win % 100% Avg 55.88,https://swgoh.gg/gac/counters/JEDIKNIGHTREVAN/
characters,JEDIKNIGHTREVAN,,DARTHREVAN,"['DARTHREVAN', 'BASTILASHANDARK', 'HK47']","['JEDIKNIGHTREVAN', 'BASTILASHAN', 'JOLEEBINDO']",8,100.0,55.38,Seen 8 Win % 100% Avg 55.38,https://swgoh.gg/gac/counters/JEDIKNIGHTREVAN/
characters,JEDIKNIGHTREVAN,,EMPERORPALPATINE,"['EMPERORPALPATINE', 'MARAJADE', 'VADERDUELSEND']","['JEDIKNIGHTREVAN', 'BASTILASHAN', 'JOLEEBINDO']",8,100.0,54.62,Seen 8 Win % 100% Avg 54.62,https://swgoh.gg/gac/counters/JEDIKNIGHTREVAN/
characters,JEDIKNIGHTREVAN,,GENERALSKYWALKER,"['GENERALSKYWALKER', 'CT5555', 'CT7567']","['JEDIKNIGHTREVAN', 'BASTILASHAN', 'GRANDMASTERYODA']",8,100.0,53.75,Seen 8 Win % 100% Avg 53.75,https://swgoh.gg/gac/counters/JEDIKNIGHTREVAN/
characters,JEDIKNIGHTREVAN,,DARTHREVAN,"['DARTHREVAN', 'BASTILASHANDARK', 'DARTHMALAK']","['JEDIKNIGHTREVAN', 'GRANDMASTERYODA', 'JOLEEBINDO']",6,100.0,55.17,Seen 6 Win % 100% Avg 55.17,https://swgoh.gg/gac/counters/JEDIKNIGHTREVAN/
characters,JEDIKNIGHTREVAN,,GLLEIA,"['GLLEIA', 'CAPTAINDROGAN', 'R2D2_LEGENDARY']","['JEDIKNIGHTREVAN', 'BASTILASHAN', 'JOLEEBINDO']",6,100.0,56.83,Seen 6 Win % 100% Avg 56.83,https://swgoh.gg/gac/counters/JEDIKNIGHTREVAN/
characters,JEDIKNIGHTREVAN,,GLLEIA,"['GLLEIA', 'CAPTAINDROGAN', 'R2D2_LEGENDARY']","['JEDIKNIGHTREVAN', 'GRANDMASTERYODA', 'JOLEEBINDO']",6,100.0,57.0,Seen 6 Win % 100% Avg 57,https://swgoh.gg/gac/counters/JEDIKNIGHTREVAN/
characters,JEDIKNIGHTREVAN,,SITHPALPATINE,['SITHPALPATINE'],"['JEDIKNIGHTREVAN', 'BASTILASHAN', 'JOLEEBINDO']",6,100.0,58.67,Seen 6 Win % 100% Avg 58.67,https://swgoh.gg/gac/counters/JEDIKNIGHTREVAN/
characters,JEDIKNIGHTREVAN,,BAYLANSKOLL,"['BAYLANSKOLL', 'MARROK', 'SHINHATI']","['JEDIKNIGHTREVAN', 'BASTILASHAN', 'JOLEEBINDO']",5,100.0,56.8,Seen 5 Win % 100% Avg 56.8,https://swgoh.gg/gac/counters/JEDIKNIGHTREVAN/
characters,JEDIKNIGHTREVAN,,GREATMOTHERS,"['GREATMOTHERS', 'MORGANELSBETH', 'NIGHTSISTERSPIRIT']","['JEDIKNIGHTREVAN', 'GRANDMASTERYODA', 'JOLEEBINDO']",5,100.0,56.2,Seen 5 Win % 100% Avg 56.2,https://swgoh.gg/gac/counters/JEDIKNIGHTREVAN/
characters,JEDIKNIGHTREVAN,,JABBATHEHUTT,"['JABBATHEHUTT', 'BOUSHH', 'KRRSANTAN']","['JEDIKNIGHTREVAN', 'BASTILASHAN', 'JOLEEBINDO']",5,100.0,57.0,Seen 5 Win % 100% Avg 57,https://swgoh.gg/gac/counters/JEDIKNIGHTREVAN/
characters,JEDIKNIGHTREVAN,,MANDALORBOKATAN,"['MANDALORBOKATAN', 'IG12', 'PAZVIZSLA']","['JEDIKNIGHTREVAN', 'BASTILASHAN', 'JOLEEBINDO']",5,100.0,56.0,Seen 5 Win % 100% Avg 56,https://swgoh.gg/gac/counters/JEDIKNIGHTREVAN/
characters,JEDIKNIGHTREVAN,,SITHPALPATINE,"['SITHPALPATINE', 'WATTAMBOR']","['JEDIKNIGHTREVAN', 'BASTILASHAN', 'JOLEEBINDO']",5,100.0,56.8,Seen 5 Win % 100% Avg 56.8,https://swgoh.gg/gac/counters/JEDIKNIGHTREVAN/
characters,JEDIKNIGHTREVAN,,COMMANDERLUKESKYWALKER,"['COMMANDERLUKESKYWALKER', 'C3POCHEWBACCA', 'C3POLEGENDARY']","['JEDIKNIGHTREVAN', 'GRANDMASTERYODA', 'JOLEEBINDO']",4,100.0,56.0,Seen 4 Win % 100% Avg 56,https://swgoh.gg/gac/counters/JEDIKNIGHTREVAN/
characters,JEDIKNIGHTREVAN,,DARTHMALGUS,"['DARTHMALGUS', 'BASTILASHANDARK', 'DARTHREVAN']","['JEDIKNIGHTREVAN', 'BASTILASHAN', 'JOLEEBINDO']",4,100.0,57.0,Seen 4 Win % 100% Avg 57,https://swgoh.gg/gac/counters/JEDIKNIGHTREVAN/
characters,JEDIKNIGHTREVAN,,GENERALSKYWALKER,"['GENERALSKYWALKER', 'ARCTROOPER501ST', 'CT210408']","['JEDIKNIGHTREVAN', 'BASTILASHAN', 'JUHANI']",4,100.0,54.5,Seen 4 Win % 100% Avg 54.5,https://swgoh.gg/gac/counters/JEDIKNIGHTREVAN/
characters,JEDIKNIGHTREVAN,,GRANDINQUISITOR,"['GRANDINQUISITOR', 'FIFTHBROTHER', 'SEVENTHSISTER']","['JEDIKNIGHTREVAN', 'BASTILASHAN', 'JOLEEBINDO']",4,100.0,56.25,Seen 4 Win % 100% Avg 56.25,https://swgoh.gg/gac/counters/JEDIKNIGHTREVAN/
characters,JEDIKNIGHTREVAN,,MANDALORBOKATAN,"['MANDALORBOKATAN', 'IG12', 'THEMANDALORIANBESKARARMOR']","['JEDIKNIGHTREVAN', 'BASTILASHAN', 'JOLEEBINDO']",4,100.0,55.0,Seen 4 Win % 100% Avg 55,https://swgoh.gg/gac/counters/JEDIKNIGHTREVAN/
characters,JEDIKNIGHTREVAN,,CAPTAINENOCH,"['CAPTAINENOCH', 'DEATHTROOPERPERIDEA', 'NIGHTTROOPER']","['JEDIKNIGHTREVAN', 'BASTILASHAN', 'JOLEEBINDO']",3,100.0,54.67,Seen 3 Win % 100% Avg 54.67,https://swgoh.gg/gac/counters/JEDIKNIGHTREVAN/
characters,JEDIKNIGHTREVAN,,CEREJUNDA,"['CEREJUNDA', 'CALKESTIS', 'TARONMALICOS']","['JEDIKNIGHTREVAN', 'BASTILASHAN', 'JOLEEBINDO']",3,100.0,56.33,Seen 3 Win % 100% Avg 56.33,https://swgoh.gg/gac/counters/JEDIKNIGHTREVAN/
characters,JEDIKNIGHTREVAN,,CEREJUNDA,"['CEREJUNDA', 'CALKESTIS', 'TARONMALICOS']","['JEDIKNIGHTREVAN', 'GRANDMASTERYODA', 'JOLEEBINDO']",3,100.0,56.67,Seen 3 Win % 100% Avg 56.67,https://swgoh.gg/gac/counters/JEDIKNIGHTREVAN/
characters,JEDIKNIGHTREVAN,,DARTHBANE,"['DARTHBANE', 'COUNTDOOKU']","['JEDIKNIGHTREVAN', 'BASTILASHAN', 'JOLEEBINDO']",3,100.0,57.33,Seen 3 Win % 100% Avg 57.33,https://swgoh.gg/gac/counters/JEDIKNIGHTREVAN/
characters,JEDIKNIGHTREVAN,,DARTHBANE,"['DARTHBANE', 'COUNTDOOKU']","['JEDIKNIGHTREVAN', 'GRANDMASTERYODA', 'JOLEEBINDO']",3,100.0,56.33,Seen 3 Win % 100% Avg 56.33,https://swgoh.gg/gac/counters/JEDIKNIGHTREVAN/
characters,JEDIKNIGHTREVAN,,DARTHMALGUS,"['DARTHMALGUS', 'BASTILASHANDARK', 'DARTHMALAK']","['JEDIKNIGHTREVAN', 'BASTILASHAN', 'JOLEEBINDO']",3,100.0,55.67,Seen 3 Win % 100% Avg 55.67,https://swgoh.gg/gac/counters/JEDIKNIGHTREVAN/
characters,JEDIKNIGHTREVAN,,DARTHREVAN,"['DARTHREVAN', 'BASTILASHANDARK', 'HK47']","['JEDIKNIGHTREVAN', 'GRANDMASTERYODA', 'JOLEEBINDO']",3,100.0,56.67,Seen 3 Win % 100% Avg 56.67,https://swgoh.gg/gac/counters/JEDIKNIGHTREVAN/
characters,JEDIKNIGHTREVAN,,DARTHREVAN,"['DARTHREVAN', 'MISSIONVAO', 'ZAALBAR']","['JEDIKNIGHTREVAN', 'GRANDMASTERYODA', 'JOLEEBINDO']",3,100.0,54.0,Seen 3 Win % 100% Avg 54,https://swgoh.gg/gac/counters/JEDIKNIGHTREVAN/
characters,JEDIKNIGHTREVAN,,GENERALSKYWALKER,"['GENERALSKYWALKER', 'ARCTROOPER501ST', 'CT210408']","['JEDIKNIGHTREVAN', 'GRANDMASTERYODA', 'SHAAKTI']",3,100.0,54.33,Seen 3 Win % 100% Avg 54.33,https://swgoh.gg/gac/counters/JEDIKNIGHTREVAN/
characters,JEDIKNIGHTREVAN,,GLLEIA,"['GLLEIA', 'CAPTAINDROGAN', 'R2D2_LEGENDARY']","['JEDIKNIGHTREVAN', 'BASTILASHAN', 'GRANDMASTERYODA']",3,100.0,57.0,Seen 3 Win % 100% Avg 57,https://swgoh.gg/gac/counters/JEDIKNIGHTREVAN/
characters,JEDIKNIGHTREVAN,,GRANDMASTERLUKE,"['GRANDMASTERLUKE', 'JEDIKNIGHTCAL', 'JEDIKNIGHTLUKE']","['JEDIKNIGHTREVAN', 'GRANDMASTERYODA', 'JOLEEBINDO']",3,100.0,57.0,Seen 3 Win % 100% Avg 57,https://swgoh.gg/gac/counters/JEDIKNIGHTREVAN/
characters,JEDIKNIGHTREVAN,,GRANDMOFFTARKIN,"['GRANDMOFFTARKIN', 'DISGUISEDCLONETROOPER', 'SCORCH']","['JEDIKNIGHTREVAN', 'GRANDMASTERYODA', 'JOLEEBINDO']",3,100.0,56.33,Seen 3 Win % 100% Avg 56.33,https://swgoh.gg/gac/counters/JEDIKNIGHTREVAN/
characters,JEDIKNIGHTREVAN,,GREATMOTHERS,"['GREATMOTHERS', 'ASAJVENTRESS', 'MORGANELSBETH']","['JEDIKNIGHTREVAN', 'BASTILASHAN', 'JOLEEBINDO']",3,100.0,57.0,Seen 3 Win % 100% Avg 57,https://swgoh.gg/gac/counters/JEDIKNIGHTREVAN/
characters,JEDIKNIGHTREVAN,,GREATMOTHERS,"['GREATMOTHERS', 'MERRIN', 'MORGANELSBETH']","['JEDIKNIGHTREVAN', 'BASTILASHAN', 'JOLEEBINDO']",3,100.0,56.0,Seen 3 Win % 100% Avg 56,https://swgoh.gg/gac/counters/JEDIKNIGHTREVAN/
characters,JEDIKNIGHTREVAN,,JEDIMASTERKENOBI,"['JEDIMASTERKENOBI', 'COMMANDERAHSOKA']","['JEDIKNIGHTREVAN', 'BASTILASHAN', 'JOLEEBINDO']",3,100.0,58.0,Seen 3 Win % 100% Avg 58,https://swgoh.gg/gac/counters/JEDIKNIGHTREVAN/
characters,JEDIKNIGHTREVAN,,MAULS7,"['MAULS7', 'GARSAXON', 'IMPERIALSUPERCOMMANDO']","['JEDIKNIGHTREVAN', 'BASTILASHAN', 'GRANDMASTERYODA']",3,100.0,54.33,Seen 3 Win % 100% Avg 54.33,https://swgoh.gg/gac/counters/JEDIKNIGHTREVAN/
characters,JEDIKNIGHTREVAN,,MAULS7,"['MAULS7', 'GARSAXON', 'IMPERIALSUPERCOMMANDO']","['JEDIKNIGHTREVAN', 'MISSIONVAO', 'ZAALBAR']",3,100.0,55.67,Seen 3 Win % 100% Avg 55.67,https://swgoh.gg/gac/counters/JEDIKNIGHTREVAN/
characters,JEDIKNIGHTREVAN,,PADMEAMIDALA,"['PADMEAMIDALA', 'AHSOKATANO', 'GRANDMASTERYODA']","['JEDIKNIGHTREVAN', 'GRANDMASTERYODA', 'JOLEEBINDO']",3,100.0,54.0,Seen 3 Win % 100% Avg 54,https://swgoh.gg/gac/counters/JEDIKNIGHTREVAN/
characters,JEDIKNIGHTREVAN,,SATELESHAN,"['SATELESHAN', 'JEDIKNIGHTREVAN', 'JOLEEBINDO']","['JEDIKNIGHTREVAN', 'BASTILASHAN', 'JOLEEBINDO']",3,100.0,56.0,Seen 3 Win % 100% Avg 56,https://swgoh.gg/gac/counters/JEDIKNIGHTREVAN/
characters,JEDIKNIGHTREVAN,,SITHPALPATINE,['SITHPALPATINE'],"['JEDIKNIGHTREVAN', 'GRANDMASTERYODA', 'OLDBENKENOBI']",3,100.0,58.67,Seen 3 Win % 100% Avg 58.67,https://swgoh.gg/gac/counters/JEDIKNIGHTREVAN/
characters,JEDIKNIGHTREVAN,,SUPREMELEADERKYLOREN,"['SUPREMELEADERKYLOREN', 'DARKREY', 'GENERALHUX']","['JEDIKNIGHTREVAN', 'BASTILASHAN', 'JOLEEBINDO']",3,100.0,57.0,Seen 3 Win % 100% Avg 57,https://swgoh.gg/gac/counters/JEDIKNIGHTREVAN/
characters,JEDIKNIGHTREVAN,,SUPREMELEADERKYLOREN,"['SUPREMELEADERKYLOREN', 'DARKREY', 'KYLORENUNMASKED']","['JEDIKNIGHTREVAN', 'GRANDMASTERYODA', 'JOLEEBINDO']",3,100.0,56.67,Seen 3 Win % 100% Avg 56.67,https://swgoh.gg/gac/counters/JEDIKNIGHTREVAN/
characters,CASSIANUNDERCOVER,,SUPREMELEADERKYLOREN,"['SUPREMELEADERKYLOREN', 'DARKREY', 'GENERALHUX']","['CASSIANUNDERCOVER', 'CINTA', 'VEL']",151,100.0,56.91,Seen 151 Win % 100% Avg 56.91,https://swgoh.gg/gac/counters/CASSIANUNDERCOVER/
characters,CASSIANUNDERCOVER,,JEDIMASTERKENOBI,"['JEDIMASTERKENOBI', 'COMMANDERAHSOKA', 'GENERALKENOBI']","['CASSIANUNDERCOVER', 'KLEYA', 'VEL']",113,100.0,57.0,Seen 113 Win % 100% Avg 57,https://swgoh.gg/gac/counters/CASSIANUNDERCOVER/
characters,CASSIANUNDERCOVER,,SUPREMELEADERKYLOREN,"['SUPREMELEADERKYLOREN', 'DARKREY', 'KYLORENUNMASKED']","['CASSIANUNDERCOVER', 'CINTA', 'VEL']",288,99.0,56.56,Seen 288 Win % 99% Avg 56.56,https://swgoh.gg/gac/counters/CASSIANUNDERCOVER/
characters,CASSIANUNDERCOVER,,JEDIMASTERKENOBI,"['JEDIMASTERKENOBI', 'COMMANDERAHSOKA', 'MACEWINDU']","['CASSIANUNDERCOVER', 'CINTA', 'VEL']",224,99.0,56.7,Seen 224 Win % 99% Avg 56.7,https://swgoh.gg/gac/counters/CASSIANUNDERCOVER/
characters,CASSIANUNDERCOVER,,JEDIMASTERKENOBI,"['JEDIMASTERKENOBI', 'COMMANDERAHSOKA', 'GENERALKENOBI']","['CASSIANUNDERCOVER', 'CINTA', 'VEL']",659,99.0,56.73,Seen 659 Win % 99% Avg 56.73,https://swgoh.gg/gac/counters/CASSIANUNDERCOVER/
characters,CASSIANUNDERCOVER,,SITHPALPATINE,"['SITHPALPATINE', 'DARTHBANE']","['CASSIANUNDERCOVER', 'KLEYA', 'LUTHENRAEL']",428,99.0,57.64,Seen 428 Win % 99% Avg 57.64,https://swgoh.gg/gac/counters/CASSIANUNDERCOVER/
characters,CASSIANUNDERCOVER,,SUPREMELEADERKYLOREN,"['SUPREMELEADERKYLOREN', 'DARKREY', 'GENERALHUX']","['CASSIANUNDERCOVER', 'KLEYA', 'LUTHENRAEL']",423,99.0,55.9,Seen 423 Win % 99% Avg 55.9,https://swgoh.gg/gac/counters/CASSIANUNDERCOVER/
characters,CASSIANUNDERCOVER,,STRANGER,"['STRANGER', 'MAULHATEFUELED', 'STARKILLER']","['CASSIANUNDERCOVER', 'CINTA', 'VEL']",244,99.0,55.45,Seen 244 Win % 99% Avg 55.45,https://swgoh.gg/gac/counters/CASSIANUNDERCOVER/
characters,CASSIANUNDERCOVER,,SITHPALPATINE,"['SITHPALPATINE', 'DARTHBANE']","['CASSIANUNDERCOVER', 'CINTA', 'VEL']",106,99.0,57.44,Seen 106 Win % 99% Avg 57.44,https://swgoh.gg/gac/counters/CASSIANUNDERCOVER/
characters,CASSIANUNDERCOVER,,DARTHBANE,"['DARTHBANE', 'SITHASSASSIN']","['CASSIANUNDERCOVER', 'CINTA', 'VEL']",140,98.0,55.32,Seen 140 Win % 98% Avg 55.32,https://swgoh.gg/gac/counters/CASSIANUNDERCOVER/
characters,CASSIANUNDERCOVER,,GLLEIA,"['GLLEIA', 'CAPTAINDROGAN', 'R2D2_LEGENDARY']","['CASSIANUNDERCOVER', 'CINTA', 'VEL']",335,98.0,56.04,Seen 335 Win % 98% Avg 56.04,https://swgoh.gg/gac/counters/CASSIANUNDERCOVER/
characters,CASSIANUNDERCOVER,,SITHPALPATINE,"['SITHPALPATINE', 'SITHTROOPER', 'WATTAMBOR']","['CASSIANUNDERCOVER', 'CINTA', 'VEL']",251,98.0,53.63,Seen 251 Win % 98% Avg 53.63,https://swgoh.gg/gac/counters/CASSIANUNDERCOVER/
characters,CASSIANUNDERCOVER,,SITHPALPATINE,"['SITHPALPATINE', 'WATTAMBOR']","['CASSIANUNDERCOVER', 'CINTA', 'VEL']",239,97.0,55.48,Seen 239 Win % 97% Avg 55.48,https://swgoh.gg/gac/counters/CASSIANUNDERCOVER/
characters,CASSIANUNDERCOVER,,SATELESHAN,"['SATELESHAN', 'BASTILASHAN', 'JEDIKNIGHTREVAN']","['CASSIANUNDERCOVER', 'CINTA', 'VEL']",1178,97.0,55.7,"Seen 1,178 Win % 97% Avg 55.7",https://swgoh.gg/gac/counters/CASSIANUNDERCOVER/
characters,CASSIANUNDERCOVER,,JEDIMASTERKENOBI,"['JEDIMASTERKENOBI', 'COMMANDERAHSOKA', 'GENERALKENOBI']","['CASSIANUNDERCOVER', 'KLEYA', 'LUTHENRAEL']",1106,97.0,55.23,"Seen 1,106 Win % 97% Avg 55.23",https://swgoh.gg/gac/counters/CASSIANUNDERCOVER/
characters,CASSIANUNDERCOVER,,QUEENAMIDALA,"['QUEENAMIDALA', 'MASTERQUIGON', 'PADAWANOBIWAN']","['CASSIANUNDERCOVER', 'CINTA', 'KLEYA']",127,96.0,55.12,Seen 127 Win % 96% Avg 55.12,https://swgoh.gg/gac/counters/CASSIANUNDERCOVER/
characters,CASSIANUNDERCOVER,,DARTHBANE,"['DARTHBANE', 'COUNTDOOKU']","['CASSIANUNDERCOVER', 'CINTA', 'VEL']",222,96.0,54.63,Seen 222 Win % 96% Avg 54.63,https://swgoh.gg/gac/counters/CASSIANUNDERCOVER/
characters,CASSIANUNDERCOVER,,QUEENAMIDALA,"['QUEENAMIDALA', 'MASTERQUIGON', 'PADAWANOBIWAN']","['CASSIANUNDERCOVER', 'CINTA', 'VEL']",2383,96.0,54.78,"Seen 2,383 Win % 96% Avg 54.78",https://swgoh.gg/gac/counters/CASSIANUNDERCOVER/
characters,CASSIANUNDERCOVER,,LORDVADER,"['LORDVADER', 'APPO', 'OPERATIVE']","['CASSIANUNDERCOVER', 'CINTA', 'VEL']",174,95.0,51.83,Seen 174 Win % 95% Avg 51.83,https://swgoh.gg/gac/counters/CASSIANUNDERCOVER/
characters,CASSIANUNDERCOVER,,JEDIMASTERKENOBI,"['JEDIMASTERKENOBI', 'COMMANDERAHSOKA', 'MACEWINDU']","['CASSIANUNDERCOVER', 'KLEYA', 'LUTHENRAEL']",523,95.0,54.57,Seen 523 Win % 95% Avg 54.57,https://swgoh.gg/gac/counters/CASSIANUNDERCOVER/
characters,CASSIANUNDERCOVER,,GREATMOTHERS,"['GREATMOTHERS', 'MORGANELSBETH', 'NIGHTSISTERSPIRIT']","['CASSIANUNDERCOVER', 'CINTA', 'VEL']",2858,93.0,53.26,"Seen 2,858 Win % 93% Avg 53.26",https://swgoh.gg/gac/counters/CASSIANUNDERCOVER/
characters,CASSIANUNDERCOVER,,SUPREMELEADERKYLOREN,"['SUPREMELEADERKYLOREN', 'DARKREY', 'KYLORENUNMASKED']","['CASSIANUNDERCOVER', 'KLEYA', 'LUTHENRAEL']",291,93.0,51.76,Seen 291 Win % 93% Avg 51.76,https://swgoh.gg/gac/counters/CASSIANUNDERCOVER/
characters,CASSIANUNDERCOVER,,DASHRENDAR,"['DASHRENDAR', 'CHEWBACCALEGENDARY', 'HANSOLO']","['CASSIANUNDERCOVER', 'CINTA', 'VEL']",1960,93.0,52.9,"Seen 1,960 Win % 93% Avg 52.9",https://swgoh.gg/gac/counters/CASSIANUNDERCOVER/
characters,CASSIANUNDERCOVER,,JEDIMASTERKENOBI,"['JEDIMASTERKENOBI', 'AHSOKATANO', 'COMMANDERAHSOKA']","['CASSIANUNDERCOVER', 'KLEYA', 'LUTHENRAEL']",131,93.0,52.99,Seen 131 Win % 93% Avg 52.99,https://swgoh.gg/gac/counters/CASSIANUNDERCOVER/
characters,CASSIANUNDERCOVER,,DASHRENDAR,"['DASHRENDAR', 'CHEWBACCALEGENDARY', 'HANSOLO']","['CASSIANUNDERCOVER', 'KLEYA', 'VEL']",315,93.0,52.27,Seen 315 Win % 93% Avg 52.27,https://swgoh.gg/gac/counters/CASSIANUNDERCOVER/
characters,CASSIANUNDERCOVER,,SATELESHAN,"['SATELESHAN', 'JEDIKNIGHTREVAN', 'JOLEEBINDO']","['CASSIANUNDERCOVER', 'CINTA', 'VEL']",105,92.0,52.65,Seen 105 Win % 92% Avg 52.65,https://swgoh.gg/gac/counters/CASSIANUNDERCOVER/
characters,CASSIANUNDERCOVER,,DARTHREVAN,"['DARTHREVAN', 'MISSIONVAO', 'ZAALBAR']","['CASSIANUNDERCOVER', 'CINTA', 'VEL']",970,92.0,49.45,Seen 970 Win % 92% Avg 49.45,https://swgoh.gg/gac/counters/CASSIANUNDERCOVER/
characters,CASSIANUNDERCOVER,,GREATMOTHERS,"['GREATMOTHERS', 'MORGANELSBETH', 'NIGHTTROOPER']","['CASSIANUNDERCOVER', 'CINTA', 'VEL']",273,91.0,52.14,Seen 273 Win % 91% Avg 52.14,https://swgoh.gg/gac/counters/CASSIANUNDERCOVER/
characters,CASSIANUNDERCOVER,,DARTHREVAN,"['DARTHREVAN', 'MISSIONVAO', 'ZAALBAR']","['CASSIANUNDERCOVER', 'KLEYA', 'VEL']",133,91.0,48.44,Seen 133 Win % 91% Avg 48.44,https://swgoh.gg/gac/counters/CASSIANUNDERCOVER/
characters,CASSIANUNDERCOVER,,GRANDMASTERLUKE,"['GRANDMASTERLUKE', 'JEDIKNIGHTCAL', 'JEDIKNIGHTLUKE']","['CASSIANUNDERCOVER', 'KLEYA', 'VEL']",140,91.0,51.58,Seen 140 Win % 91% Avg 51.58,https://swgoh.gg/gac/counters/CASSIANUNDERCOVER/
characters,CASSIANUNDERCOVER,,CC2224,"['CC2224', 'CAPTAINREX', 'KIX']","['CASSIANUNDERCOVER', 'CINTA', 'VEL']",141,90.0,51.24,Seen 141 Win % 90% Avg 51.24,https://swgoh.gg/gac/counters/CASSIANUNDERCOVER/
characters,CASSIANUNDERCOVER,,GREATMOTHERS,"['GREATMOTHERS', 'MERRIN', 'MORGANELSBETH']","['CASSIANUNDERCOVER', 'CINTA', 'VEL']",125,90.0,51.31,Seen 125 Win % 90% Avg 51.31,https://swgoh.gg/gac/counters/CASSIANUNDERCOVER/
characters,CASSIANUNDERCOVER,,QUEENAMIDALA,"['QUEENAMIDALA', 'MASTERQUIGON', 'PADAWANOBIWAN']","['CASSIANUNDERCOVER', 'KLEYA', 'VEL']",312,90.0,51.28,Seen 312 Win % 90% Avg 51.28,https://swgoh.gg/gac/counters/CASSIANUNDERCOVER/
characters,CASSIANUNDERCOVER,,SATELESHAN,"['SATELESHAN', 'BASTILASHAN', 'JEDIKNIGHTREVAN']","['CASSIANUNDERCOVER', 'KLEYA', 'VEL']",126,88.0,50.71,Seen 126 Win % 88% Avg 50.71,https://swgoh.gg/gac/counters/CASSIANUNDERCOVER/
characters,CASSIANUNDERCOVER,,WAMPA,['WAMPA'],"['CASSIANUNDERCOVER', 'CINTA', 'VEL']",1274,87.0,51.1,"Seen 1,274 Win % 87% Avg 51.1",https://swgoh.gg/gac/counters/CASSIANUNDERCOVER/
characters,CASSIANUNDERCOVER,,GENERALSKYWALKER,"['GENERALSKYWALKER', 'CT5555', 'CT7567']","['CASSIANUNDERCOVER', 'CINTA', 'VEL']",775,87.0,49.14,Seen 775 Win % 87% Avg 49.14,https://swgoh.gg/gac/counters/CASSIANUNDERCOVER/
characters,CASSIANUNDERCOVER,,GRANDMASTERLUKE,"['GRANDMASTERLUKE', 'JEDIKNIGHTCAL', 'JEDIKNIGHTLUKE']","['CASSIANUNDERCOVER', 'CINTA', 'VEL']",719,87.0,49.06,Seen 719 Win % 87% Avg 49.06,https://swgoh.gg/gac/counters/CASSIANUNDERCOVER/
characters,CASSIANUNDERCOVER,,BAYLANSKOLL,"['BAYLANSKOLL', 'MARROK', 'SHINHATI']","['CASSIANUNDERCOVER', 'KLEYA', 'LUTHENRAEL']",1364,85.0,48.59,"Seen 1,364 Win % 85% Avg 48.59",https://swgoh.gg/gac/counters/CASSIANUNDERCOVER/
characters,CASSIANUNDERCOVER,,DARTHNIHILUS,"['DARTHNIHILUS', 'DARTHTRAYA', 'SAVAGEOPRESS']","['CASSIANUNDERCOVER', 'CINTA', 'VEL']",132,84.0,45.75,Seen 132 Win % 84% Avg 45.75,https://swgoh.gg/gac/counters/CASSIANUNDERCOVER/
characters,CASSIANUNDERCOVER,,MANDALORBOKATAN,"['MANDALORBOKATAN', 'IG12', 'THEMANDALORIANBESKARARMOR']","['CASSIANUNDERCOVER', 'CINTA', 'VEL']",257,84.0,46.56,Seen 257 Win % 84% Avg 46.56,https://swgoh.gg/gac/counters/CASSIANUNDERCOVER/
characters,CASSIANUNDERCOVER,,DARTHTRAYA,"['DARTHTRAYA', 'DARTHNIHILUS', 'SAVAGEOPRESS']","['CASSIANUNDERCOVER', 'CINTA', 'VEL']",330,83.0,47.82,Seen 330 Win % 83% Avg 47.82,https://swgoh.gg/gac/counters/CASSIANUNDERCOVER/
characters,CASSIANUNDERCOVER,,STRANGER,"['STRANGER', 'MAULHATEFUELED', 'STARKILLER']","['CASSIANUNDERCOVER', 'KLEYA', 'LUTHENRAEL']",278,83.0,46.6,Seen 278 Win % 83% Avg 46.6,https://swgoh.gg/gac/counters/CASSIANUNDERCOVER/
characters,CASSIANUNDERCOVER,,GREATMOTHERS,"['GREATMOTHERS', 'MORGANELSBETH', 'NIGHTSISTERSPIRIT']","['CASSIANUNDERCOVER', 'KLEYA', 'VEL']",272,83.0,47.28,Seen 272 Win % 83% Avg 47.28,https://swgoh.gg/gac/counters/CASSIANUNDERCOVER/
characters,CASSIANUNDERCOVER,,GLLEIA,"['GLLEIA', 'CAPTAINDROGAN', 'R2D2_LEGENDARY']","['CASSIANUNDERCOVER', 'KLEYA', 'LUTHENRAEL']",344,81.0,46.59,Seen 344 Win % 81% Avg 46.59,https://swgoh.gg/gac/counters/CASSIANUNDERCOVER/
characters,CASSIANUNDERCOVER,,DOCTORAPHRA,"['DOCTORAPHRA', 'BT1', 'TRIPLEZERO']","['CASSIANUNDERCOVER', 'CINTA', 'VEL']",310,80.0,45.61,Seen 310 Win % 80% Avg 45.61,https://swgoh.gg/gac/counters/CASSIANUNDERCOVER/
characters,CASSIANUNDERCOVER,,CEREJUNDA,"['CEREJUNDA', 'FULCRUMAHSOKA', 'TARONMALICOS']","['CASSIANUNDERCOVER', 'KLEYA', 'LUTHENRAEL']",280,80.0,44.91,Seen 280 Win % 80% Avg 44.91,https://swgoh.gg/gac/counters/CASSIANUNDERCOVER/
characters,CASSIANUNDERCOVER,,GRANDMOFFTARKIN,"['GRANDMOFFTARKIN', 'DISGUISEDCLONETROOPER', 'SCORCH']","['CASSIANUNDERCOVER', 'CINTA', 'VEL']",222,80.0,45.79,Seen 222 Win % 80% Avg 45.79,https://swgoh.gg/gac/counters/CASSIANUNDERCOVER/
characters,CASSIANUNDERCOVER,,GENERALSKYWALKER,"['GENERALSKYWALKER', 'ARCTROOPER501ST', 'CT210408']","['CASSIANUNDERCOVER', 'CINTA', 'VEL']",242,80.0,44.3,Seen 242 Win % 80% Avg 44.3,https://swgoh.gg/gac/counters/CASSIANUNDERCOVER/
characters,CASSIANUNDERCOVER,,DARTHMALGUS,"['DARTHMALGUS', 'DARTHMALAK', 'DARTHREVAN']","['CASSIANUNDERCOVER', 'CINTA', 'VEL']",132,79.0,44.49,Seen 132 Win % 79% Avg 44.49,https://swgoh.gg/gac/counters/CASSIANUNDERCOVER/
characters,CASSIANUNDERCOVER,,ADMIRALRADDUS,"['ADMIRALRADDUS', 'CASSIANANDOR', 'JYNERSO']","['CASSIANUNDERCOVER', 'CINTA', 'VEL']",153,79.0,44.95,Seen 153 Win % 79% Avg 44.95,https://swgoh.gg/gac/counters/CASSIANUNDERCOVER/
characters,GEONOSIANBROODALPHA,,ADMIRALRADDUS,"['ADMIRALRADDUS', 'CASSIANANDOR', 'JYNERSO']","['GEONOSIANBROODALPHA', 'GEONOSIANSPY', 'SUNFAC']",279,100.0,56.8,Seen 279 Win % 100% Avg 56.8,https://swgoh.gg/gac/counters/GEONOSIANBROODALPHA/
characters,GEONOSIANBROODALPHA,,ADMIRALRADDUS,"['ADMIRALRADDUS', 'CASSIANANDOR', 'JYNERSO']","['GEONOSIANBROODALPHA', 'GEONOSIANSPY', 'POGGLETHELESSER']",159,100.0,56.84,Seen 159 Win % 100% Avg 56.84,https://swgoh.gg/gac/counters/GEONOSIANBROODALPHA/
characters,GEONOSIANBROODALPHA,,ADMIRALRADDUS,"['ADMIRALRADDUS', 'CASSIANANDOR', 'JYNERSO']","['GEONOSIANBROODALPHA', 'GEONOSIANSOLDIER', 'GEONOSIANSPY']",140,100.0,56.68,Seen 140 Win % 100% Avg 56.68,https://swgoh.gg/gac/counters/GEONOSIANBROODALPHA/
characters,GEONOSIANBROODALPHA,,EMPERORPALPATINE,"['EMPERORPALPATINE', 'MARAJADE', 'VADER']","['GEONOSIANBROODALPHA', 'GEONOSIANSPY', 'POGGLETHELESSER']",118,100.0,56.62,Seen 118 Win % 100% Avg 56.62,https://swgoh.gg/gac/counters/GEONOSIANBROODALPHA/
characters,GEONOSIANBROODALPHA,,EMPERORPALPATINE,"['EMPERORPALPATINE', 'MARAJADE', 'VADERDUELSEND']","['GEONOSIANBROODALPHA', 'GEONOSIANSPY', 'SUNFAC']",117,100.0,56.78,Seen 117 Win % 100% Avg 56.78,https://swgoh.gg/gac/counters/GEONOSIANBROODALPHA/
characters,GEONOSIANBROODALPHA,,DOCTORAPHRA,"['DOCTORAPHRA', 'BT1', 'TRIPLEZERO']","['GEONOSIANBROODALPHA', 'GEONOSIANSOLDIER', 'GEONOSIANSPY']",89,100.0,56.46,Seen 89 Win % 100% Avg 56.46,https://swgoh.gg/gac/counters/GEONOSIANBROODALPHA/
characters,GEONOSIANBROODALPHA,,DARTHTRAYA,"['DARTHTRAYA', 'DARTHNIHILUS', 'DARTHSION']","['GEONOSIANBROODALPHA', 'GEONOSIANSPY', 'POGGLETHELESSER']",87,100.0,55.53,Seen 87 Win % 100% Avg 55.53,https://swgoh.gg/gac/counters/GEONOSIANBROODALPHA/
characters,GEONOSIANBROODALPHA,,DARTHTRAYA,"['DARTHTRAYA', 'DARTHNIHILUS', 'SAVAGEOPRESS']","['GEONOSIANBROODALPHA', 'GEONOSIANSPY', 'POGGLETHELESSER']",76,100.0,56.74,Seen 76 Win % 100% Avg 56.74,https://swgoh.gg/gac/counters/GEONOSIANBROODALPHA/
characters,GEONOSIANBROODALPHA,,VEERS,"['VEERS', 'ADMIRALPIETT', 'DARKTROOPER']","['GEONOSIANBROODALPHA', 'GEONOSIANSOLDIER', 'GEONOSIANSPY']",73,100.0,56.44,Seen 73 Win % 100% Avg 56.44,https://swgoh.gg/gac/counters/GEONOSIANBROODALPHA/
characters,GEONOSIANBROODALPHA,,GENERALSKYWALKER,"['GENERALSKYWALKER', 'CT5555', 'CT7567']","['GEONOSIANBROODALPHA', 'GEONOSIANSPY', 'SUNFAC']",71,100.0,56.38,Seen 71 Win % 100% Avg 56.38,https://swgoh.gg/gac/counters/GEONOSIANBROODALPHA/
characters,GEONOSIANBROODALPHA,,EMPERORPALPATINE,"['EMPERORPALPATINE', 'MARAJADE', 'VADERDUELSEND']","['GEONOSIANBROODALPHA', 'GEONOSIANSOLDIER', 'GEONOSIANSPY']",67,100.0,56.58,Seen 67 Win % 100% Avg 56.58,https://swgoh.gg/gac/counters/GEONOSIANBROODALPHA/
characters,GEONOSIANBROODALPHA,,EMPERORPALPATINE,"['EMPERORPALPATINE', 'MARAJADE', 'VADERDUELSEND']","['GEONOSIANBROODALPHA', 'GEONOSIANSPY', 'POGGLETHELESSER']",66,100.0,56.83,Seen 66 Win % 100% Avg 56.83,https://swgoh.gg/gac/counters/GEONOSIANBROODALPHA/
characters,GEONOSIANBROODALPHA,,GENERALSKYWALKER,"['GENERALSKYWALKER', 'ARCTROOPER501ST', 'CT210408']","['GEONOSIANBROODALPHA', 'GEONOSIANSPY', 'SUNFAC']",63,100.0,56.21,Seen 63 Win % 100% Avg 56.21,https://swgoh.gg/gac/counters/GEONOSIANBROODALPHA/
characters,GEONOSIANBROODALPHA,,DOCTORAPHRA,"['DOCTORAPHRA', 'BT1', 'TRIPLEZERO']","['GEONOSIANBROODALPHA', 'GEONOSIANSPY', 'POGGLETHELESSER']",60,100.0,56.5,Seen 60 Win % 100% Avg 56.5,https://swgoh.gg/gac/counters/GEONOSIANBROODALPHA/
characters,GEONOSIANBROODALPHA,,DASHRENDAR,"['DASHRENDAR', 'CHEWBACCALEGENDARY', 'HANSOLO']","['GEONOSIANBROODALPHA', 'GEONOSIANSPY', 'SUNFAC']",58,100.0,56.93,Seen 58 Win % 100% Avg 56.93,https://swgoh.gg/gac/counters/GEONOSIANBROODALPHA/
characters,GEONOSIANBROODALPHA,,GENERALSKYWALKER,"['GENERALSKYWALKER', 'CT5555', 'CT7567']","['GEONOSIANBROODALPHA', 'GEONOSIANSPY', 'POGGLETHELESSER']",46,100.0,56.46,Seen 46 Win % 100% Avg 56.46,https://swgoh.gg/gac/counters/GEONOSIANBROODALPHA/
characters,GEONOSIANBROODALPHA,,GRANDMASTERLUKE,"['GRANDMASTERLUKE', 'JEDIKNIGHTCAL', 'JEDIKNIGHTLUKE']","['GEONOSIANBROODALPHA', 'GEONOSIANSPY', 'SUNFAC']",44,100.0,57.0,Seen 44 Win % 100% Avg 57,https://swgoh.gg/gac/counters/GEONOSIANBROODALPHA/
characters,GEONOSIANBROODALPHA,,GENERALSKYWALKER,"['GENERALSKYWALKER', 'CT5555', 'CT7567']","['GEONOSIANBROODALPHA', 'GEONOSIANSOLDIER', 'GEONOSIANSPY']",42,100.0,56.52,Seen 42 Win % 100% Avg 56.52,https://swgoh.gg/gac/counters/GEONOSIANBROODALPHA/
characters,GEONOSIANBROODALPHA,,GENERALSKYWALKER,"['GENERALSKYWALKER', 'ARCTROOPER501ST', 'CT210408']","['GEONOSIANBROODALPHA', 'GEONOSIANSOLDIER', 'GEONOSIANSPY']",37,100.0,56.51,Seen 37 Win % 100% Avg 56.51,https://swgoh.gg/gac/counters/GEONOSIANBROODALPHA/
characters,GEONOSIANBROODALPHA,,THIRDSISTER,"['THIRDSISTER', 'GRANDINQUISITOR', 'SEVENTHSISTER']","['GEONOSIANBROODALPHA', 'GEONOSIANSPY', 'SUNFAC']",37,100.0,57.0,Seen 37 Win % 100% Avg 57,https://swgoh.gg/gac/counters/GEONOSIANBROODALPHA/
characters,GEONOSIANBROODALPHA,,SATELESHAN,"['SATELESHAN', 'BASTILASHAN', 'JEDIKNIGHTREVAN']","['GEONOSIANBROODALPHA', 'GEONOSIANSPY', 'SUNFAC']",34,100.0,56.82,Seen 34 Win % 100% Avg 56.82,https://swgoh.gg/gac/counters/GEONOSIANBROODALPHA/
characters,GEONOSIANBROODALPHA,,BAYLANSKOLL,"['BAYLANSKOLL', 'MARROK', 'SHINHATI']","['GEONOSIANBROODALPHA', 'GEONOSIANSPY', 'SUNFAC']",33,100.0,56.94,Seen 33 Win % 100% Avg 56.94,https://swgoh.gg/gac/counters/GEONOSIANBROODALPHA/
characters,GEONOSIANBROODALPHA,,CAPTAINENOCH,"['CAPTAINENOCH', 'DEATHTROOPERPERIDEA', 'NIGHTTROOPER']","['GEONOSIANBROODALPHA', 'GEONOSIANSOLDIER', 'GEONOSIANSPY']",33,100.0,55.18,Seen 33 Win % 100% Avg 55.18,https://swgoh.gg/gac/counters/GEONOSIANBROODALPHA/
characters,GEONOSIANBROODALPHA,,GRANDMOFFTARKIN,"['GRANDMOFFTARKIN', 'DISGUISEDCLONETROOPER', 'SCORCH']","['GEONOSIANBROODALPHA', 'GEONOSIANSPY', 'SUNFAC']",33,100.0,56.48,Seen 33 Win % 100% Avg 56.48,https://swgoh.gg/gac/counters/GEONOSIANBROODALPHA/
characters,GEONOSIANBROODALPHA,,VADER,"['VADER', 'ADMIRALPIETT', 'GRANDADMIRALTHRAWN']","['GEONOSIANBROODALPHA', 'GEONOSIANSOLDIER', 'GEONOSIANSPY']",31,100.0,56.52,Seen 31 Win % 100% Avg 56.52,https://swgoh.gg/gac/counters/GEONOSIANBROODALPHA/
characters,GEONOSIANBROODALPHA,,DASHRENDAR,"['DASHRENDAR', 'CHEWBACCALEGENDARY', 'HANSOLO']","['GEONOSIANBROODALPHA', 'GEONOSIANSOLDIER', 'GEONOSIANSPY']",27,100.0,56.89,Seen 27 Win % 100% Avg 56.89,https://swgoh.gg/gac/counters/GEONOSIANBROODALPHA/
characters,GEONOSIANBROODALPHA,,EMPERORPALPATINE,"['EMPERORPALPATINE', 'MARAJADE', 'VADER']","['GEONOSIANBROODALPHA', 'GEONOSIANSOLDIER', 'SUNFAC']",27,100.0,56.44,Seen 27 Win % 100% Avg 56.44,https://swgoh.gg/gac/counters/GEONOSIANBROODALPHA/
characters,GEONOSIANBROODALPHA,,QUEENAMIDALA,"['QUEENAMIDALA', 'MASTERQUIGON', 'PADAWANOBIWAN']","['GEONOSIANBROODALPHA', 'GEONOSIANSPY', 'SUNFAC']",27,100.0,57.0,Seen 27 Win % 100% Avg 57,https://swgoh.gg/gac/counters/GEONOSIANBROODALPHA/
characters,GEONOSIANBROODALPHA,,WAMPA,['WAMPA'],"['GEONOSIANBROODALPHA', 'POGGLETHELESSER', 'SUNFAC']",27,100.0,58.63,Seen 27 Win % 100% Avg 58.63,https://swgoh.gg/gac/counters/GEONOSIANBROODALPHA/
characters,GEONOSIANBROODALPHA,,ADMIRALRADDUS,"['ADMIRALRADDUS', 'CASSIANANDOR', 'JYNERSO']","['GEONOSIANBROODALPHA', 'GEONOSIANSOLDIER', 'SUNFAC']",26,100.0,56.62,Seen 26 Win % 100% Avg 56.62,https://swgoh.gg/gac/counters/GEONOSIANBROODALPHA/
characters,GEONOSIANBROODALPHA,,GENERALSKYWALKER,"['GENERALSKYWALKER', 'ARCTROOPER501ST', 'CT210408']","['GEONOSIANBROODALPHA', 'GEONOSIANSPY', 'POGGLETHELESSER']",26,100.0,55.81,Seen 26 Win % 100% Avg 55.81,https://swgoh.gg/gac/counters/GEONOSIANBROODALPHA/
characters,GEONOSIANBROODALPHA,,JABBATHEHUTT,"['JABBATHEHUTT', 'BOUSHH', 'KRRSANTAN']","['GEONOSIANBROODALPHA', 'GEONOSIANSPY', 'SUNFAC']",26,100.0,57.0,Seen 26 Win % 100% Avg 57,https://swgoh.gg/gac/counters/GEONOSIANBROODALPHA/
characters,GEONOSIANBROODALPHA,,ADMIRALRADDUS,"['ADMIRALRADDUS', 'CASSIANANDOR', 'JYNERSO']","['GEONOSIANBROODALPHA', 'POGGLETHELESSER', 'SUNFAC']",24,100.0,56.92,Seen 24 Win % 100% Avg 56.92,https://swgoh.gg/gac/counters/GEONOSIANBROODALPHA/
characters,GEONOSIANBROODALPHA,,DARTHNIHILUS,"['DARTHNIHILUS', 'DARTHSION', 'DARTHTRAYA']","['GEONOSIANBROODALPHA', 'GEONOSIANSPY', 'SUNFAC']",24,100.0,53.96,Seen 24 Win % 100% Avg 53.96,https://swgoh.gg/gac/counters/GEONOSIANBROODALPHA/
characters,GEONOSIANBROODALPHA,,SATELESHAN,"['SATELESHAN', 'BASTILASHAN', 'JEDIKNIGHTREVAN']","['GEONOSIANBROODALPHA', 'GEONOSIANSPY', 'POGGLETHELESSER']",24,100.0,56.62,Seen 24 Win % 100% Avg 56.62,https://swgoh.gg/gac/counters/GEONOSIANBROODALPHA/
characters,GEONOSIANBROODALPHA,,BOSSNASS,"['BOSSNASS', 'CAPTAINTARPALS', 'JARJARBINKS']","['GEONOSIANBROODALPHA', 'GEONOSIANSPY', 'SUNFAC']",23,100.0,57.0,Seen 23 Win % 100% Avg 57,https://swgoh.gg/gac/counters/GEONOSIANBROODALPHA/
characters,GEONOSIANBROODALPHA,,DOCTORAPHRA,"['DOCTORAPHRA', 'BT1', 'IG90']","['GEONOSIANBROODALPHA', 'GEONOSIANSPY', 'SUNFAC']",22,100.0,57.0,Seen 22 Win % 100% Avg 57,https://swgoh.gg/gac/counters/GEONOSIANBROODALPHA/
characters,GEONOSIANBROODALPHA,,SATELESHAN,"['SATELESHAN', 'BASTILASHAN', 'JEDIKNIGHTREVAN']","['GEONOSIANBROODALPHA', 'GEONOSIANSOLDIER', 'GEONOSIANSPY']",22,100.0,56.68,Seen 22 Win % 100% Avg 56.68,https://swgoh.gg/gac/counters/GEONOSIANBROODALPHA/
characters,GEONOSIANBROODALPHA,,DARTHTRAYA,"['DARTHTRAYA', 'DARTHNIHILUS', 'SAVAGEOPRESS']","['GEONOSIANBROODALPHA', 'POGGLETHELESSER', 'SUNFAC']",21,100.0,56.76,Seen 21 Win % 100% Avg 56.76,https://swgoh.gg/gac/counters/GEONOSIANBROODALPHA/
characters,GEONOSIANBROODALPHA,,DASHRENDAR,"['DASHRENDAR', 'CHEWBACCALEGENDARY', 'HANSOLO']","['GEONOSIANBROODALPHA', 'GEONOSIANSPY', 'POGGLETHELESSER']",21,100.0,57.0,Seen 21 Win % 100% Avg 57,https://swgoh.gg/gac/counters/GEONOSIANBROODALPHA/
characters,GEONOSIANBROODALPHA,,THIRDSISTER,"['THIRDSISTER', 'GRANDINQUISITOR', 'SEVENTHSISTER']","['GEONOSIANBROODALPHA', 'GEONOSIANSOLDIER', 'GEONOSIANSPY']",21,100.0,57.0,Seen 21 Win % 100% Avg 57,https://swgoh.gg/gac/counters/GEONOSIANBROODALPHA/
characters,GEONOSIANBROODALPHA,,BAYLANSKOLL,"['BAYLANSKOLL', 'MARROK', 'SHINHATI']","['GEONOSIANBROODALPHA', 'GEONOSIANSPY', 'POGGLETHELESSER']",20,100.0,57.0,Seen 20 Win % 100% Avg 57,https://swgoh.gg/gac/counters/GEONOSIANBROODALPHA/
characters,GEONOSIANBROODALPHA,,BOSSNASS,"['BOSSNASS', 'CAPTAINTARPALS', 'JARJARBINKS']","['GEONOSIANBROODALPHA', 'GEONOSIANSPY', 'POGGLETHELESSER']",19,100.0,56.84,Seen 19 Win % 100% Avg 56.84,https://swgoh.gg/gac/counters/GEONOSIANBROODALPHA/
characters,GEONOSIANBROODALPHA,,GLLEIA,"['GLLEIA', 'CAPTAINDROGAN', 'R2D2_LEGENDARY']","['GEONOSIANBROODALPHA', 'GEONOSIANSPY', 'SUNFAC']",19,100.0,57.0,Seen 19 Win % 100% Avg 57,https://swgoh.gg/gac/counters/GEONOSIANBROODALPHA/
characters,GEONOSIANBROODALPHA,,ADMIRALRADDUS,"['ADMIRALRADDUS', 'JYNERSO', 'K2SO']","['GEONOSIANBROODALPHA', 'GEONOSIANSPY', 'SUNFAC']",18,100.0,56.89,Seen 18 Win % 100% Avg 56.89,https://swgoh.gg/gac/counters/GEONOSIANBROODALPHA/
characters,GEONOSIANBROODALPHA,,GRANDMASTERLUKE,"['GRANDMASTERLUKE', 'JEDIKNIGHTCAL', 'JEDIKNIGHTLUKE']","['GEONOSIANBROODALPHA', 'GEONOSIANSPY', 'POGGLETHELESSER']",18,100.0,57.0,Seen 18 Win % 100% Avg 57,https://swgoh.gg/gac/counters/GEONOSIANBROODALPHA/
characters,GEONOSIANBROODALPHA,,GRANDMOFFTARKIN,"['GRANDMOFFTARKIN', 'DISGUISEDCLONETROOPER', 'SCORCH']","['GEONOSIANBROODALPHA', 'GEONOSIANSPY', 'POGGLETHELESSER']",18,100.0,56.78,Seen 18 Win % 100% Avg 56.78,https://swgoh.gg/gac/counters/GEONOSIANBROODALPHA/
characters,GEONOSIANBROODALPHA,,THIRDSISTER,"['THIRDSISTER', 'GRANDINQUISITOR', 'SEVENTHSISTER']","['GEONOSIANBROODALPHA', 'GEONOSIANSPY', 'POGGLETHELESSER']",18,100.0,56.94,Seen 18 Win % 100% Avg 56.94,https://swgoh.gg/gac/counters/GEONOSIANBROODALPHA/
characters,GEONOSIANBROODALPHA,,EMPERORPALPATINE,"['EMPERORPALPATINE', 'MARAJADE', 'VADER']","['GEONOSIANBROODALPHA', 'GEONOSIANSPY', 'SUNFAC']",198,99.0,56.41,Seen 198 Win % 99% Avg 56.41,https://swgoh.gg/gac/counters/GEONOSIANBROODALPHA/
characters,GEONOSIANBROODALPHA,,DARTHTRAYA,"['DARTHTRAYA', 'DARTHNIHILUS', 'DARTHSION']","['GEONOSIANBROODALPHA', 'GEONOSIANSPY', 'SUNFAC']",153,99.0,55.29,Seen 153 Win % 99% Avg 55.29,https://swgoh.gg/gac/counters/GEONOSIANBROODALPHA/
ships,CAPITALSTARDESTROYER,CHAMPIONSHIPS_GRAND_ARENA_GA2_EVENT_SEASON_79,CAPITALPROFUNDITY,"['CAPITALPROFUNDITY', 'MILLENNIUMFALCON', 'OUTRIDER', 'YWINGREBEL', 'ROGUEONESHIP']","['CAPITALSTARDESTROYER', 'SCYTHE', 'TIEADVANCED', 'TIEFIGHTERIMPERIAL', 'TIEDEFENDER', 'TIEINTERCEPTOR']",216,100.0,75.67,Seen 216 Win % 100% Avg 75.67,https://swgoh.gg/gac/ship-counters/CAPITALSTARDESTROYER/?season_id=CHAMPIONSHIPS_GRAND_ARENA_GA2_EVENT_SEASON_79
ships,CAPITALSTARDESTROYER,CHAMPIONSHIPS_GRAND_ARENA_GA2_EVENT_SEASON_79,CAPITALLEVIATHAN,"['CAPITALLEVIATHAN', 'FURYCLASSINTERCEPTOR', 'SITHBOMBER', 'TIEDAGGER', 'SITHFIGHTER', 'SITHSUPREMACYCLASS']","['CAPITALSTARDESTROYER', 'EMPERORSSHUTTLE', 'GAUNTLETSTARFIGHTER', 'TIEBOMBERIMPERIAL', 'SCYTHE', 'TIEDEFENDER']",198,100.0,72.72,Seen 198 Win % 100% Avg 72.72,https://swgoh.gg/gac/ship-counters/CAPITALSTARDESTROYER/?season_id=CHAMPIONSHIPS_GRAND_ARENA_GA2_EVENT_SEASON_79
ships,CAPITALSTARDESTROYER,CHAMPIONSHIPS_GRAND_ARENA_GA2_EVENT_SEASON_79,CAPITALLEVIATHAN,"['CAPITALLEVIATHAN', 'FURYCLASSINTERCEPTOR', 'SITHBOMBER', 'TIEDAGGER']","['CAPITALSTARDESTROYER', 'EMPERORSSHUTTLE', 'GAUNTLETSTARFIGHTER', 'TIEBOMBERIMPERIAL', 'SCYTHE', 'TIEDEFENDER']",108,100.0,75.33,Seen 108 Win % 100% Avg 75.33,https://swgoh.gg/gac/ship-counters/CAPITALSTARDESTROYER/?season_id=CHAMPIONSHIPS_GRAND_ARENA_GA2_EVENT_SEASON_79
ships,CAPITALSTARDESTROYER,CHAMPIONSHIPS_GRAND_ARENA_GA2_EVENT_SEASON_79,CAPITALEXECUTOR,"['CAPITALEXECUTOR', 'PUNISHINGONE', 'RAZORCREST', 'XANADUBLOOD', 'HOUNDSTOOTH', 'SLAVE1']","['CAPITALSTARDESTROYER', 'EMPERORSSHUTTLE', 'GAUNTLETSTARFIGHTER', 'TIEBOMBERIMPERIAL', 'SCYTHE', 'TIEDEFENDER']",105,100.0,73.58,Seen 105 Win % 100% Avg 73.58,https://swgoh.gg/gac/ship-counters/CAPITALSTARDESTROYER/?season_id=CHAMPIONSHIPS_GRAND_ARENA_GA2_EVENT_SEASON_79
ships,CAPITALSTARDESTROYER,CHAMPIONSHIPS_GRAND_ARENA_GA2_EVENT_SEASON_79,CAPITALPROFUNDITY,"['CAPITALPROFUNDITY', 'MILLENNIUMFALCON', 'OUTRIDER', 'YWINGREBEL', 'ROGUEONESHIP']","['CAPITALSTARDESTROYER', 'SCYTHE', 'TIEADVANCED', 'TIEBOMBERIMPERIAL', 'EMPERORSSHUTTLE', 'TIEDEFENDER', 'TIEFIGHTERIMPERIAL', 'TIEINTERCEPTOR']",98,100.0,75.67,Seen 98 Win % 100% Avg 75.67,https://swgoh.gg/gac/ship-counters/CAPITALSTARDESTROYER/?season_id=CHAMPIONSHIPS_GRAND_ARENA_GA2_EVENT_SEASON_79
ships,CAPITALSTARDESTROYER,CHAMPIONSHIPS_GRAND_ARENA_GA2_EVENT_SEASON_79,CAPITALPROFUNDITY,"['CAPITALPROFUNDITY', 'MILLENNIUMFALCON', 'OUTRIDER', 'YWINGREBEL', 'ROGUEONESHIP']","['CAPITALSTARDESTROYER', 'SCYTHE', 'TIEADVANCED', 'TIEFIGHTERIMPERIAL', 'EMPERORSSHUTTLE', 'GAUNTLETSTARFIGHTER', 'TIEDEFENDER', 'TIEINTERCEPTOR']",89,100.0,75.54,Seen 89 Win % 100% Avg 75.54,https://swgoh.gg/gac/ship-counters/CAPITALSTARDESTROYER/?season_id=CHAMPIONSHIPS_GRAND_ARENA_GA2_EVENT_SEASON_79
ships,CAPITALSTARDESTROYER,CHAMPIONSHIPS_GRAND_ARENA_GA2_EVENT_SEASON_79,CAPITALLEVIATHAN,"['CAPITALLEVIATHAN', 'FURYCLASSINTERCEPTOR', 'SITHBOMBER', 'TIEDAGGER', 'SITHFIGHTER', 'SITHSUPREMACYCLASS']","['CAPITALSTARDESTROYER', 'SCYTHE', 'TIEADVANCED', 'TIEFIGHTERIMPERIAL', 'TIEDEFENDER', 'TIEINTERCEPTOR']",88,100.0,71.18,Seen 88 Win % 100% Avg 71.18,https://swgoh.gg/gac/ship-counters/CAPITALSTARDESTROYER/?season_id=CHAMPIONSHIPS_GRAND_ARENA_GA2_EVENT_SEASON_79
ships,CAPITALSTARDESTROYER,CHAMPIONSHIPS_GRAND_ARENA_GA2_EVENT_SEASON_79,CAPITALEXECUTOR,"['CAPITALEXECUTOR', 'PUNISHINGONE', 'RAZORCREST', 'XANADUBLOOD', 'HOUNDSTOOTH']","['CAPITALSTARDESTROYER', 'EMPERORSSHUTTLE', 'GAUNTLETSTARFIGHTER', 'TIEBOMBERIMPERIAL', 'SCYTHE', 'TIEDEFENDER', 'TIEINTERCEPTOR']",72,100.0,72.94,Seen 72 Win % 100% Avg 72.94,https://swgoh.gg/gac/ship-counters/CAPITALSTARDESTROYER/?season_id=CHAMPIONSHIPS_GRAND_ARENA_GA2_EVENT_SEASON_79
ships,CAPITALSTARDESTROYER,CHAMPIONSHIPS_GRAND_ARENA_GA2_EVENT_SEASON_79,CAPITALLEVIATHAN,"['CAPITALLEVIATHAN', 'FURYCLASSINTERCEPTOR', 'SITHBOMBER', 'TIEDAGGER', 'SITHFIGHTER', 'SITHINFILTRATOR', 'SITHSUPREMACYCLASS']","['CAPITALSTARDESTROYER', 'EMPERORSSHUTTLE', 'GAUNTLETSTARFIGHTER', 'TIEBOMBERIMPERIAL', 'SCYTHE', 'TIEDEFENDER']",72,100.0,71.74,Seen 72 Win % 100% Avg 71.74,https://swgoh.gg/gac/ship-counters/CAPITALSTARDESTROYER/?season_id=CHAMPIONSHIPS_GRAND_ARENA_GA2_EVENT_SEASON_79
ships,CAPITALSTARDESTROYER,CHAMPIONSHIPS_GRAND_ARENA_GA2_EVENT_SEASON_79,CAPITALLEVIATHAN,"['CAPITALLEVIATHAN', 'FURYCLASSINTERCEPTOR', 'SITHBOMBER', 'TIEDAGGER', 'SITHINFILTRATOR', 'SITHSUPREMACYCLASS']","['CAPITALSTARDESTROYER', 'EMPERORSSHUTTLE', 'GAUNTLETSTARFIGHTER', 'TIEBOMBERIMPERIAL', 'SCYTHE', 'TIEDEFENDER']",72,100.0,72.69,Seen 72 Win % 100% Avg 72.69,https://swgoh.gg/gac/ship-counters/CAPITALSTARDESTROYER/?season_id=CHAMPIONSHIPS_GRAND_ARENA_GA2_EVENT_SEASON_79
ships,CAPITALSTARDESTROYER,CHAMPIONSHIPS_GRAND_ARENA_GA2_EVENT_SEASON_79,CAPITALPROFUNDITY,"['CAPITALPROFUNDITY', 'MILLENNIUMFALCON', 'OUTRIDER', 'YWINGREBEL', 'ROGUEONESHIP']","['CAPITALSTARDESTROYER', 'EMPERORSSHUTTLE', 'GAUNTLETSTARFIGHTER', 'TIEBOMBERIMPERIAL', 'SCYTHE', 'TIEDEFENDER', 'TIEINTERCEPTOR']",70,100.0,75.13,Seen 70 Win % 100% Avg 75.13,https://swgoh.gg/gac/ship-counters/CAPITALSTARDESTROYER/?season_id=CHAMPIONSHIPS_GRAND_ARENA_GA2_EVENT_SEASON_79
ships,CAPITALSTARDESTROYER,CHAMPIONSHIPS_GRAND_ARENA_GA2_EVENT_SEASON_79,CAPITALEXECUTOR,"['CAPITALEXECUTOR', 'PUNISHINGONE', 'RAZORCREST', 'XANADUBLOOD', 'HOUNDSTOOTH', 'IG2000', 'SLAVE1']","['CAPITALSTARDESTROYER', 'EMPERORSSHUTTLE', 'GAUNTLETSTARFIGHTER', 'TIEBOMBERIMPERIAL', 'SCYTHE', 'TIEDEFENDER']",66,100.0,72.26,Seen 66 Win % 100% Avg 72.26,https://swgoh.gg/gac/ship-counters/CAPITALSTARDESTROYER/?season_id=CHAMPIONSHIPS_GRAND_ARENA_GA2_EVENT_SEASON_79
ships,CAPITALSTARDESTROYER,CHAMPIONSHIPS_GRAND_ARENA_GA2_EVENT_SEASON_79,CAPITALLEVIATHAN,"['CAPITALLEVIATHAN', 'FURYCLASSINTERCEPTOR', 'SITHBOMBER', 'TIEDAGGER', 'SITHFIGHTER', 'SITHINFILTRATOR', 'SITHSUPREMACYCLASS']","['CAPITALSTARDESTROYER', 'SCYTHE', 'TIEADVANCED', 'TIEFIGHTERIMPERIAL', 'TIEDEFENDER', 'TIEINTERCEPTOR']",62,100.0,70.03,Seen 62 Win % 100% Avg 70.03,https://swgoh.gg/gac/ship-counters/CAPITALSTARDESTROYER/?season_id=CHAMPIONSHIPS_GRAND_ARENA_GA2_EVENT_SEASON_79
ships,CAPITALSTARDESTROYER,CHAMPIONSHIPS_GRAND_ARENA_GA2_EVENT_SEASON_79,CAPITALPROFUNDITY,"['CAPITALPROFUNDITY', 'MILLENNIUMFALCON', 'OUTRIDER', 'YWINGREBEL', 'ROGUEONESHIP']","['CAPITALSTARDESTROYER', 'SCYTHE', 'TIEADVANCED', 'TIEFIGHTERIMPERIAL', 'EMPERORSSHUTTLE', 'TIEDEFENDER', 'TIEINTERCEPTOR']",61,100.0,75.79,Seen 61 Win % 100% Avg 75.79,https://swgoh.gg/gac/ship-counters/CAPITALSTARDESTROYER/?season_id=CHAMPIONSHIPS_GRAND_ARENA_GA2_EVENT_SEASON_79
ships,CAPITALSTARDESTROYER,CHAMPIONSHIPS_GRAND_ARENA_GA2_EVENT_SEASON_79,CAPITALPROFUNDITY,"['CAPITALPROFUNDITY', 'MILLENNIUMFALCON', 'OUTRIDER', 'YWINGREBEL', 'ROGUEONESHIP']","['CAPITALSTARDESTROYER', 'SCYTHE', 'TIEADVANCED', 'TIEFIGHTERIMPERIAL', 'GAUNTLETSTARFIGHTER', 'TIEDEFENDER', 'TIEINTERCEPTOR']",56,100.0,75.5,Seen 56 Win % 100% Avg 75.5,https://swgoh.gg/gac/ship-counters/CAPITALSTARDESTROYER/?season_id=CHAMPIONSHIPS_GRAND_ARENA_GA2_EVENT_SEASON_79
ships,CAPITALSTARDESTROYER,CHAMPIONSHIPS_GRAND_ARENA_GA2_EVENT_SEASON_79,CAPITALEXECUTOR,"['CAPITALEXECUTOR', 'PUNISHINGONE', 'RAZORCREST', 'XANADUBLOOD', 'HOUNDSTOOTH', 'IG2000', 'SLAVE1']","['CAPITALSTARDESTROYER', 'SCYTHE', 'TIEADVANCED', 'TIEBOMBERIMPERIAL', 'EMPERORSSHUTTLE', 'TIEDEFENDER', 'TIEFIGHTERIMPERIAL', 'TIEINTERCEPTOR']",55,100.0,70.96,Seen 55 Win % 100% Avg 70.96,https://swgoh.gg/gac/ship-counters/CAPITALSTARDESTROYER/?season_id=CHAMPIONSHIPS_GRAND_ARENA_GA2_EVENT_SEASON_79
ships,CAPITALSTARDESTROYER,CHAMPIONSHIPS_GRAND_ARENA_GA2_EVENT_SEASON_79,CAPITALPROFUNDITY,"['CAPITALPROFUNDITY', 'MILLENNIUMFALCON', 'OUTRIDER', 'YWINGREBEL', 'ROGUEONESHIP']","['CAPITALSTARDESTROYER', 'SCYTHE', 'TIEADVANCED', 'TIEFIGHTERIMPERIAL', 'EMPERORSSHUTTLE', 'TIEBOMBERIMPERIAL', 'TIEDEFENDER', 'TIEINTERCEPTOR']",54,100.0,75.04,Seen 54 Win % 100% Avg 75.04,https://swgoh.gg/gac/ship-counters/CAPITALSTARDESTROYER/?season_id=CHAMPIONSHIPS_GRAND_ARENA_GA2_EVENT_SEASON_79
ships,CAPITALSTARDESTROYER,CHAMPIONSHIPS_GRAND_ARENA_GA2_EVENT_SEASON_79,CAPITALLEVIATHAN,"['CAPITALLEVIATHAN', 'FURYCLASSINTERCEPTOR', 'SITHBOMBER', 'TIEDAGGER', 'SITHFIGHTER', 'SITHSUPREMACYCLASS']","['CAPITALSTARDESTROYER', 'EMPERORSSHUTTLE', 'GAUNTLETSTARFIGHTER', 'TIEBOMBERIMPERIAL', 'SCYTHE', 'TIEDEFENDER', 'TIEINTERCEPTOR']",51,100.0,71.59,Seen 51 Win % 100% Avg 71.59,https://swgoh.gg/gac/ship-counters/CAPITALSTARDESTROYER/?season_id=CHAMPIONSHIPS_GRAND_ARENA_GA2_EVENT_SEASON_79
ships,CAPITALSTARDESTROYER,CHAMPIONSHIPS_GRAND_ARENA_GA2_EVENT_SEASON_79,CAPITALLEVIATHAN,"['CAPITALLEVIATHAN', 'FURYCLASSINTERCEPTOR', 'SITHBOMBER', 'TIEDAGGER', 'SITHINFILTRATOR', 'SITHSUPREMACYCLASS']","['CAPITALSTARDESTROYER', 'SCYTHE', 'TIEADVANCED', 'TIEFIGHTERIMPERIAL', 'TIEDEFENDER', 'TIEINTERCEPTOR']",51,100.0,70.69,Seen 51 Win % 100% Avg 70.69,https://swgoh.gg/gac/ship-counters/CAPITALSTARDESTROYER/?season_id=CHAMPIONSHIPS_GRAND_ARENA_GA2_EVENT_SEASON_79
ships,CAPITALSTARDESTROYER,CHAMPIONSHIPS_GRAND_ARENA_GA2_EVENT_SEASON_79,CAPITALEXECUTOR,"['CAPITALEXECUTOR', 'PUNISHINGONE', 'RAZORCREST', 'XANADUBLOOD', 'HOUNDSTOOTH']","['CAPITALSTARDESTROYER', 'SCYTHE', 'TIEADVANCED', 'TIEBOMBERIMPERIAL', 'TIEDEFENDER', 'TIEINTERCEPTOR']",50,100.0,73.14,Seen 50 Win % 100% Avg 73.14,https://swgoh.gg/gac/ship-counters/CAPITALSTARDESTROYER/?season_id=CHAMPIONSHIPS_GRAND_ARENA_GA2_EVENT_SEASON_79
ships,CAPITALSTARDESTROYER,CHAMPIONSHIPS_GRAND_ARENA_GA2_EVENT_SEASON_79,CAPITALLEVIATHAN,"['CAPITALLEVIATHAN', 'FURYCLASSINTERCEPTOR', 'SITHBOMBER', 'TIEDAGGER', 'SITHFIGHTER', 'SITHSUPREMACYCLASS']","['CAPITALSTARDESTROYER', 'SCYTHE', 'TIEADVANCED', 'TIEBOMBERIMPERIAL', 'EMPERORSSHUTTLE', 'TIEDEFENDER', 'TIEFIGHTERIMPERIAL', 'TIEINTERCEPTOR']",49,100.0,70.78,Seen 49 Win % 100% Avg 70.78,https://swgoh.gg/gac/ship-counters/CAPITALSTARDESTROYER/?season_id=CHAMPIONSHIPS_GRAND_ARENA_GA2_EVENT_SEASON_79
ships,CAPITALSTARDESTROYER,CHAMPIONSHIPS_GRAND_ARENA_GA2_EVENT_SEASON_79,CAPITALPROFUNDITY,"['CAPITALPROFUNDITY', 'MILLENNIUMFALCON', 'OUTRIDER', 'YWINGREBEL', 'ROGUEONESHIP']","['CAPITALSTARDESTROYER', 'SCYTHE', 'TIEADVANCED', 'TIEBOMBERIMPERIAL', 'TIEDEFENDER', 'TIEFIGHTERIMPERIAL', 'TIEINTERCEPTOR']",49,100.0,75.31,Seen 49 Win % 100% Avg 75.31,https://swgoh.gg/gac/ship-counters/CAPITALSTARDESTROYER/?season_id=CHAMPIONSHIPS_GRAND_ARENA_GA2_EVENT_SEASON_79
ships,CAPITALSTARDESTROYER,CHAMPIONSHIPS_GRAND_ARENA_GA2_EVENT_SEASON_79,CAPITALPROFUNDITY,"['CAPITALPROFUNDITY', 'MILLENNIUMFALCON', 'OUTRIDER', 'YWINGREBEL', 'GHOST', 'PHANTOM2', 'ROGUEONESHIP']","['CAPITALSTARDESTROYER', 'SCYTHE', 'TIEADVANCED', 'TIEBOMBERIMPERIAL', 'EMPERORSSHUTTLE', 'TIEDEFENDER', 'TIEFIGHTERIMPERIAL', 'TIEINTERCEPTOR']",47,100.0,73.66,Seen 47 Win % 100% Avg 73.66,https://swgoh.gg/gac/ship-counters/CAPITALSTARDESTROYER/?season_id=CHAMPIONSHIPS_GRAND_ARENA_GA2_EVENT_SEASON_79
ships,CAPITALSTARDESTROYER,CHAMPIONSHIPS_GRAND_ARENA_GA2_EVENT_SEASON_79,CAPITALPROFUNDITY,"['CAPITALPROFUNDITY', 'MILLENNIUMFALCON', 'OUTRIDER', 'YWINGREBEL', 'ROGUEONESHIP']","['CAPITALSTARDESTROYER', 'SCYTHE', 'TIEADVANCED', 'TIEBOMBERIMPERIAL', 'GAUNTLETSTARFIGHTER', 'TIEDEFENDER', 'TIEFIGHTERIMPERIAL', 'TIEINTERCEPTOR']",45,100.0,75.51,Seen 45 Win % 100% Avg 75.51,https://swgoh.gg/gac/ship-counters/CAPITALSTARDESTROYER/?season_id=CHAMPIONSHIPS_GRAND_ARENA_GA2_EVENT_SEASON_79
ships,CAPITALSTARDESTROYER,CHAMPIONSHIPS_GRAND_ARENA_GA2_EVENT_SEASON_79,CAPITALPROFUNDITY,"['CAPITALPROFUNDITY', 'MILLENNIUMFALCON', 'OUTRIDER', 'YWINGREBEL', 'ROGUEONESHIP']","['CAPITALSTARDESTROYER', 'SCYTHE', 'TIEADVANCED', 'TIEBOMBERIMPERIAL', 'EMPERORSSHUTTLE', 'GAUNTLETSTARFIGHTER', 'TIEDEFENDER', 'TIEINTERCEPTOR']",44,100.0,75.98,Seen 44 Win % 100% Avg 75.98,https://swgoh.gg/gac/ship-counters/CAPITALSTARDESTROYER/?season_id=CHAMPIONSHIPS_GRAND_ARENA_GA2_EVENT_SEASON_79
ships,CAPITALSTARDESTROYER,CHAMPIONSHIPS_GRAND_ARENA_GA2_EVENT_SEASON_79,CAPITALPROFUNDITY,"['CAPITALPROFUNDITY', 'MILLENNIUMFALCON', 'OUTRIDER', 'YWINGREBEL', 'GHOST', 'PHANTOM2', 'ROGUEONESHIP']","['CAPITALSTARDESTROYER', 'EMPERORSSHUTTLE', 'GAUNTLETSTARFIGHTER', 'TIEBOMBERIMPERIAL', 'SCYTHE', 'TIEDEFENDER']",43,100.0,71.74,Seen 43 Win % 100% Avg 71.74,https://swgoh.gg/gac/ship-counters/CAPITALSTARDESTROYER/?season_id=CHAMPIONSHIPS_GRAND_ARENA_GA2_EVENT_SEASON_79
ships,CAPITALSTARDESTROYER,CHAMPIONSHIPS_GRAND_ARENA_GA2_EVENT_SEASON_79,CAPITALLEVIATHAN,"['CAPITALLEVIATHAN', 'FURYCLASSINTERCEPTOR', 'SITHBOMBER', 'TIEDAGGER', 'SITHFIGHTER', 'SITHSUPREMACYCLASS']","['CAPITALSTARDESTROYER', 'SCYTHE', 'TIEADVANCED', 'TIEFIGHTERIMPERIAL', 'EMPERORSSHUTTLE', 'GAUNTLETSTARFIGHTER', 'TIEDEFENDER', 'TIEINTERCEPTOR']",42,100.0,71.19,Seen 42 Win % 100% Avg 71.19,https://swgoh.gg/gac/ship-counters/CAPITALSTARDESTROYER/?season_id=CHAMPIONSHIPS_GRAND_ARENA_GA2_EVENT_SEASON_79
ships,CAPITALSTARDESTROYER,CHAMPIONSHIPS_GRAND_ARENA_GA2_EVENT_SEASON_79,CAPITALEXECUTOR,"['CAPITALEXECUTOR', 'PUNISHINGONE', 'RAZORCREST', 'XANADUBLOOD', 'HOUNDSTOOTH', 'IG2000', 'SLAVE1']","['CAPITALSTARDESTROYER', 'SCYTHE', 'TIEADVANCED', 'TIEFIGHTERIMPERIAL', 'TIEDEFENDER', 'TIEINTERCEPTOR']",41,100.0,70.85,Seen 41 Win % 100% Avg 70.85,https://swgoh.gg/gac/ship-counters/CAPITALSTARDESTROYER/?season_id=CHAMPIONSHIPS_GRAND_ARENA_GA2_EVENT_SEASON_79
ships,CAPITALSTARDESTROYER,CHAMPIONSHIPS_GRAND_ARENA_GA2_EVENT_SEASON_79,CAPITALEXECUTOR,"['CAPITALEXECUTOR', 'HOUNDSTOOTH', 'PUNISHINGONE', 'RAZORCREST', 'XANADUBLOOD']","['CAPITALSTARDESTROYER', 'SCYTHE', 'TIEADVANCED', 'TIEFIGHTERIMPERIAL', 'TIEDEFENDER', 'TIEINTERCEPTOR']",40,100.0,73.3,Seen 40 Win % 100% Avg 73.3,https://swgoh.gg/gac/ship-counters/CAPITALSTARDESTROYER/?season_id=CHAMPIONSHIPS_GRAND_ARENA_GA2_EVENT_SEASON_79
ships,CAPITALSTARDESTROYER,CHAMPIONSHIPS_GRAND_ARENA_GA2_EVENT_SEASON_79,CAPITALEXECUTOR,"['CAPITALEXECUTOR', 'PUNISHINGONE', 'RAZORCREST', 'XANADUBLOOD', 'HOUNDSTOOTH']","['CAPITALSTARDESTROYER', 'EMPERORSSHUTTLE', 'GAUNTLETSTARFIGHTER', 'TIEBOMBERIMPERIAL', 'SCYTHE', 'TIEDEFENDER']",351,99.0,74.47,Seen 351 Win % 99% Avg 74.47,https://swgoh.gg/gac/ship-counters/CAPITALSTARDESTROYER/?season_id=CHAMPIONSHIPS_GRAND_ARENA_GA2_EVENT_SEASON_79
ships,CAPITALSTARDESTROYER,CHAMPIONSHIPS_GRAND_ARENA_GA2_EVENT_SEASON_79,CAPITALEXECUTOR,"['CAPITALEXECUTOR', 'PUNISHINGONE', 'RAZORCREST', 'XANADUBLOOD', 'HOUNDSTOOTH']","['CAPITALSTARDESTROYER', 'SCYTHE', 'TIEADVANCED', 'TIEFIGHTERIMPERIAL', 'TIEDEFENDER', 'TIEINTERCEPTOR']",100,99.0,73.17,Seen 100 Win % 99% Avg 73.17,https://swgoh.gg/gac/ship-counters/CAPITALSTARDESTROYER/?season_id=CHAMPIONSHIPS_GRAND_ARENA_GA2_EVENT_SEASON_79
ships,CAPITALSTARDESTROYER,CHAMPIONSHIPS_GRAND_ARENA_GA2_EVENT_SEASON_79,CAPITALPROFUNDITY,"['CAPITALPROFUNDITY', 'MILLENNIUMFALCON', 'OUTRIDER', 'YWINGREBEL', 'ROGUEONESHIP']","['CAPITALSTARDESTROYER', 'SCYTHE', 'TIEADVANCED', 'TIEBOMBERIMPERIAL', 'TIEDEFENDER', 'TIEINTERCEPTOR']",84,98.0,75.01,Seen 84 Win % 98% Avg 75.01,https://swgoh.gg/gac/ship-counters/CAPITALSTARDESTROYER/?season_id=CHAMPIONSHIPS_GRAND_ARENA_GA2_EVENT_SEASON_79
ships,CAPITALSTARDESTROYER,CHAMPIONSHIPS_GRAND_ARENA_GA2_EVENT_SEASON_79,CAPITALMONCALAMARICRUISER,"['CAPITALMONCALAMARICRUISER', 'GHOST', 'RAVENSCLAW', 'UWINGROGUEONE', 'BWINGREBEL']","['CAPITALSTARDESTROYER', 'EMPERORSSHUTTLE', 'GAUNTLETSTARFIGHTER', 'TIEBOMBERIMPERIAL', 'SCYTHE', 'TIEDEFENDER']",66,98.0,73.76,Seen 66 Win % 98% Avg 73.76,https://swgoh.gg/gac/ship-counters/CAPITALSTARDESTROYER/?season_id=CHAMPIONSHIPS_GRAND_ARENA_GA2_EVENT_SEASON_79
ships,CAPITALSTARDESTROYER,CHAMPIONSHIPS_GRAND_ARENA_GA2_EVENT_SEASON_79,CAPITALLEVIATHAN,"['CAPITALLEVIATHAN', 'FURYCLASSINTERCEPTOR', 'SITHBOMBER', 'TIEDAGGER', 'SITHFIGHTER', 'SITHINFILTRATOR', 'SITHSUPREMACYCLASS']","['CAPITALSTARDESTROYER', 'SCYTHE', 'TIEADVANCED', 'TIEBOMBERIMPERIAL', 'EMPERORSSHUTTLE', 'TIEDEFENDER', 'TIEFIGHTERIMPERIAL', 'TIEINTERCEPTOR']",65,98.0,68.26,Seen 65 Win % 98% Avg 68.26,https://swgoh.gg/gac/ship-counters/CAPITALSTARDESTROYER/?season_id=CHAMPIONSHIPS_GRAND_ARENA_GA2_EVENT_SEASON_79
ships,CAPITALSTARDESTROYER,CHAMPIONSHIPS_GRAND_ARENA_GA2_EVENT_SEASON_79,CAPITALEXECUTOR,"['CAPITALEXECUTOR', 'HOUNDSTOOTH', 'PUNISHINGONE', 'RAZORCREST', 'SLAVE1', 'XANADUBLOOD']","['CAPITALSTARDESTROYER', 'SCYTHE', 'TIEADVANCED', 'TIEFIGHTERIMPERIAL', 'TIEDEFENDER', 'TIEINTERCEPTOR']",58,98.0,70.83,Seen 58 Win % 98% Avg 70.83,https://swgoh.gg/gac/ship-counters/CAPITALSTARDESTROYER/?season_id=CHAMPIONSHIPS_GRAND_ARENA_GA2_EVENT_SEASON_79
ships,CAPITALSTARDESTROYER,CHAMPIONSHIPS_GRAND_ARENA_GA2_EVENT_SEASON_79,CAPITALEXECUTOR,"['CAPITALEXECUTOR', 'HOUNDSTOOTH', 'PUNISHINGONE', 'RAZORCREST', 'XANADUBLOOD']","['CAPITALSTARDESTROYER', 'EMPERORSSHUTTLE', 'GAUNTLETSTARFIGHTER', 'TIEBOMBERIMPERIAL', 'SCYTHE', 'TIEDEFENDER']",112,98.0,71.63,Seen 112 Win % 98% Avg 71.63,https://swgoh.gg/gac/ship-counters/CAPITALSTARDESTROYER/?season_id=CHAMPIONSHIPS_GRAND_ARENA_GA2_EVENT_SEASON_79
ships,CAPITALSTARDESTROYER,CHAMPIONSHIPS_GRAND_ARENA_GA2_EVENT_SEASON_79,CAPITALEXECUTOR,"['CAPITALEXECUTOR', 'HOUNDSTOOTH', 'PUNISHINGONE', 'RAZORCREST', 'IG2000', 'SLAVE1', 'XANADUBLOOD']","['CAPITALSTARDESTROYER', 'SCYTHE', 'TIEADVANCED', 'TIEFIGHTERIMPERIAL', 'TIEDEFENDER', 'TIEINTERCEPTOR']",49,97.0,69.63,Seen 49 Win % 97% Avg 69.63,https://swgoh.gg/gac/ship-counters/CAPITALSTARDESTROYER/?season_id=CHAMPIONSHIPS_GRAND_ARENA_GA2_EVENT_SEASON_79
ships,CAPITALSTARDESTROYER,CHAMPIONSHIPS_GRAND_ARENA_GA2_EVENT_SEASON_79,CAPITALEXECUTOR,"['CAPITALEXECUTOR', 'PUNISHINGONE', 'RAZORCREST', 'XANADUBLOOD', 'HOUNDSTOOTH', 'SLAVE1']","['CAPITALSTARDESTROYER', 'SCYTHE', 'TIEADVANCED', 'TIEFIGHTERIMPERIAL', 'TIEDEFENDER', 'TIEINTERCEPTOR']",47,97.0,71.21,Seen 47 Win % 97% Avg 71.21,https://swgoh.gg/gac/ship-counters/CAPITALSTARDESTROYER/?season_id=CHAMPIONSHIPS_GRAND_ARENA_GA2_EVENT_SEASON_79
ships,CAPITALSTARDESTROYER,CHAMPIONSHIPS_GRAND_ARENA_GA2_EVENT_SEASON_79,CAPITALLEVIATHAN,"['CAPITALLEVIATHAN', 'FURYCLASSINTERCEPTOR', 'SITHBOMBER', 'TIEDAGGER', 'SITHFIGHTER', 'SITHINFILTRATOR', 'SITHSUPREMACYCLASS']","['CAPITALSTARDESTROYER', 'SCYTHE', 'TIEADVANCED', 'TIEFIGHTERIMPERIAL', 'EMPERORSSHUTTLE', 'GAUNTLETSTARFIGHTER', 'TIEDEFENDER', 'TIEINTERCEPTOR']",45,97.0,68.69,Seen 45 Win % 97% Avg 68.69,https://swgoh.gg/gac/ship-counters/CAPITALSTARDESTROYER/?season_id=CHAMPIONSHIPS_GRAND_ARENA_GA2_EVENT_SEASON_79
ships,CAPITALSTARDESTROYER,CHAMPIONSHIPS_GRAND_ARENA_GA2_EVENT_SEASON_79,CAPITALPROFUNDITY,"['CAPITALPROFUNDITY', 'MILLENNIUMFALCON', 'OUTRIDER', 'YWINGREBEL', 'GHOST', 'PHANTOM2', 'ROGUEONESHIP']","['CAPITALSTARDESTROYER', 'SCYTHE', 'TIEADVANCED', 'TIEFIGHTERIMPERIAL', 'TIEDEFENDER', 'TIEINTERCEPTOR']",44,97.0,72.11,Seen 44 Win % 97% Avg 72.11,https://swgoh.gg/gac/ship-counters/CAPITALSTARDESTROYER/?season_id=CHAMPIONSHIPS_GRAND_ARENA_GA2_EVENT_SEASON_79
ships,CAPITALSTARDESTROYER,CHAMPIONSHIPS_GRAND_ARENA_GA2_EVENT_SEASON_79,CAPITALEXECUTOR,"['CAPITALEXECUTOR', 'HOUNDSTOOTH', 'PUNISHINGONE', 'RAZORCREST', 'SLAVE1', 'XANADUBLOOD']","['CAPITALSTARDESTROYER', 'EMPERORSSHUTTLE', 'GAUNTLETSTARFIGHTER', 'TIEBOMBERIMPERIAL', 'SCYTHE', 'TIEDEFENDER']",117,97.0,70.49,Seen 117 Win % 97% Avg 70.49,https://swgoh.gg/gac/ship-counters/CAPITALSTARDESTROYER/?season_id=CHAMPIONSHIPS_GRAND_ARENA_GA2_EVENT_SEASON_79
ships,CAPITALSTARDESTROYER,CHAMPIONSHIPS_GRAND_ARENA_GA2_EVENT_SEASON_79,CAPITALEXECUTOR,"['CAPITALEXECUTOR', 'HOUNDSTOOTH', 'PUNISHINGONE', 'RAZORCREST', 'IG2000', 'SLAVE1', 'XANADUBLOOD']","['CAPITALSTARDESTROYER', 'EMPERORSSHUTTLE', 'GAUNTLETSTARFIGHTER', 'TIEBOMBERIMPERIAL', 'SCYTHE', 'TIEDEFENDER']",92,96.0,68.54,Seen 92 Win % 96% Avg 68.54,https://swgoh.gg/gac/ship-counters/CAPITALSTARDESTROYER/?season_id=CHAMPIONSHIPS_GRAND_ARENA_GA2_EVENT_SEASON_79
ships,CAPITALSTARDESTROYER,CHAMPIONSHIPS_GRAND_ARENA_GA2_EVENT_SEASON_79,CAPITALEXECUTOR,"['CAPITALEXECUTOR', 'HOUNDSTOOTH', 'PUNISHINGONE', 'RAZORCREST', 'IG2000', 'SLAVE1', 'XANADUBLOOD']","['CAPITALSTARDESTROYER', 'SCYTHE', 'TIEADVANCED', 'TIEBOMBERIMPERIAL', 'EMPERORSSHUTTLE', 'TIEDEFENDER', 'TIEFIGHTERIMPERIAL', 'TIEINTERCEPTOR']",46,95.0,65.74,Seen 46 Win % 95% Avg 65.74,https://swgoh.gg/gac/ship-counters/CAPITALSTARDESTROYER/?season_id=CHAMPIONSHIPS_GRAND_ARENA_GA2_EVENT_SEASON_79
ships,CAPITALSTARDESTROYER,CHAMPIONSHIPS_GRAND_ARENA_GA2_EVENT_SEASON_79,CAPITALEXECUTOR,"['CAPITALEXECUTOR', 'PUNISHINGONE', 'RAZORCREST', 'XANADUBLOOD']","['CAPITALSTARDESTROYER', 'EMPERORSSHUTTLE', 'GAUNTLETSTARFIGHTER', 'TIEBOMBERIMPERIAL', 'SCYTHE', 'TIEDEFENDER']",40,95.0,71.15,Seen 40 Win % 95% Avg 71.15,https://swgoh.gg/gac/ship-counters/CAPITALSTARDESTROYER/?season_id=CHAMPIONSHIPS_GRAND_ARENA_GA2_EVENT_SEASON_79
ships,CAPITALSTARDESTROYER,CHAMPIONSHIPS_GRAND_ARENA_GA2_EVENT_SEASON_79,CAPITALPROFUNDITY,"['CAPITALPROFUNDITY', 'MILLENNIUMFALCON', 'OUTRIDER', 'YWINGREBEL', 'ROGUEONESHIP']","['CAPITALSTARDESTROYER', 'EMPERORSSHUTTLE', 'GAUNTLETSTARFIGHTER', 'TIEBOMBERIMPERIAL', 'SCYTHE', 'TIEDEFENDER']",316,93.0,69.29,Seen 316 Win % 93% Avg 69.29,https://swgoh.gg/gac/ship-counters/CAPITALSTARDESTROYER/?season_id=CHAMPIONSHIPS_GRAND_ARENA_GA2_EVENT_SEASON_79
ships,CAPITALSTARDESTROYER,CHAMPIONSHIPS_GRAND_ARENA_GA2_EVENT_SEASON_79,CAPITALNEGOTIATOR,"['CAPITALNEGOTIATOR', 'JEDISTARFIGHTERANAKIN', 'MARAUDER', 'YWINGCLONEWARS', 'BLADEOFDORIN', 'JEDISTARFIGHTERAHSOKATANO', 'UMBARANSTARFIGHTER']","['CAPITALSTARDESTROYER', 'SCYTHE', 'TIEADVANCED', 'TIEFIGHTERIMPERIAL', 'TIEDEFENDER', 'TIEINTERCEPTOR']",83,91.0,63.66,Seen 83 Win % 91% Avg 63.66,https://swgoh.gg/gac/ship-counters/CAPITALSTARDESTROYER/?season_id=CHAMPIONSHIPS_GRAND_ARENA_GA2_EVENT_SEASON_79
ships,CAPITALSTARDESTROYER,CHAMPIONSHIPS_GRAND_ARENA_GA2_EVENT_SEASON_79,CAPITALNEGOTIATOR,"['CAPITALNEGOTIATOR', 'JEDISTARFIGHTERANAKIN', 'MARAUDER', 'YWINGCLONEWARS', 'BLADEOFDORIN', 'JEDISTARFIGHTERAHSOKATANO', 'UMBARANSTARFIGHTER']","['CAPITALSTARDESTROYER', 'SCYTHE', 'TIEADVANCED', 'TIEFIGHTERIMPERIAL', 'EMPERORSSHUTTLE', 'GAUNTLETSTARFIGHTER', 'TIEDEFENDER', 'TIEINTERCEPTOR']",58,91.0,64.33,Seen 58 Win % 91% Avg 64.33,https://swgoh.gg/gac/ship-counters/CAPITALSTARDESTROYER/?season_id=CHAMPIONSHIPS_GRAND_ARENA_GA2_EVENT_SEASON_79
ships,CAPITALSTARDESTROYER,CHAMPIONSHIPS_GRAND_ARENA_GA2_EVENT_SEASON_79,CAPITALNEGOTIATOR,"['CAPITALNEGOTIATOR', 'JEDISTARFIGHTERANAKIN', 'MARAUDER', 'YWINGCLONEWARS', 'ARC170REX', 'BLADEOFDORIN', 'JEDISTARFIGHTERAHSOKATANO', 'UMBARANSTARFIGHTER']","['CAPITALSTARDESTROYER', 'SCYTHE', 'TIEADVANCED', 'TIEFIGHTERIMPERIAL', 'EMPERORSSHUTTLE', 'GAUNTLETSTARFIGHTER', 'TIEDEFENDER', 'TIEINTERCEPTOR']",43,86.0,59.33,Seen 43 Win % 86% Avg 59.33,https://swgoh.gg/gac/ship-counters/CAPITALSTARDESTROYER/?season_id=CHAMPIONSHIPS_GRAND_ARENA_GA2_EVENT_SEASON_79
ships,CAPITALSTARDESTROYER,CHAMPIONSHIPS_GRAND_ARENA_GA2_EVENT_SEASON_79,CAPITALNEGOTIATOR,"['CAPITALNEGOTIATOR', 'JEDISTARFIGHTERANAKIN', 'MARAUDER', 'YWINGCLONEWARS', 'BLADEOFDORIN', 'JEDISTARFIGHTERAHSOKATANO']","['CAPITALSTARDESTROYER', 'SCYTHE', 'TIEADVANCED', 'TIEFIGHTERIMPERIAL', 'TIEDEFENDER', 'TIEINTERCEPTOR']",51,82.0,59.02,Seen 51 Win % 82% Avg 59.02,https://swgoh.gg/gac/ship-counters/CAPITALSTARDESTROYER/?season_id=CHAMPIONSHIPS_GRAND_ARENA_GA2_EVENT_SEASON_79
ships,CAPITALSTARDESTROYER,CHAMPIONSHIPS_GRAND_ARENA_GA2_EVENT_SEASON_79,CAPITALNEGOTIATOR,"['CAPITALNEGOTIATOR', 'JEDISTARFIGHTERANAKIN', 'MARAUDER', 'YWINGCLONEWARS', 'BLADEOFDORIN', 'JEDISTARFIGHTERAHSOKATANO', 'UMBARANSTARFIGHTER']","['CAPITALSTARDESTROYER', 'EMPERORSSHUTTLE', 'GAUNTLETSTARFIGHTER', 'TIEBOMBERIMPERIAL', 'SCYTHE', 'TIEDEFENDER']",119,78.0,54.31,Seen 119 Win % 78% Avg 54.31,https://swgoh.gg/gac/ship-counters/CAPITALSTARDESTROYER/?season_id=CHAMPIONSHIPS_GRAND_ARENA_GA2_EVENT_SEASON_79
ships,CAPITALMALEVOLENCE,CHAMPIONSHIPS_GRAND_ARENA_GA2_EVENT_SEASON_79,CAPITALLEVIATHAN,"['CAPITALLEVIATHAN', 'FURYCLASSINTERCEPTOR', 'SITHBOMBER', 'TIEDAGGER', 'SITHFIGHTER', 'SITHSUPREMACYCLASS']","['CAPITALMALEVOLENCE', 'GEONOSIANSTARFIGHTER1', 'HYENABOMBER', 'VULTUREDROID', 'GEONOSIANSTARFIGHTER2', 'GEONOSIANSTARFIGHTER3']",640,100.0,72.19,Seen 640 Win % 100% Avg 72.19,https://swgoh.gg/gac/ship-counters/CAPITALMALEVOLENCE/?season_id=CHAMPIONSHIPS_GRAND_ARENA_GA2_EVENT_SEASON_79
ships,CAPITALMALEVOLENCE,CHAMPIONSHIPS_GRAND_ARENA_GA2_EVENT_SEASON_79,CAPITALNEGOTIATOR,"['CAPITALNEGOTIATOR', 'JEDISTARFIGHTERANAKIN', 'MARAUDER', 'YWINGCLONEWARS', 'BLADEOFDORIN', 'UMBARANSTARFIGHTER']","['CAPITALMALEVOLENCE', 'GEONOSIANSTARFIGHTER1', 'HYENABOMBER', 'VULTUREDROID', 'GEONOSIANSTARFIGHTER2', 'GEONOSIANSTARFIGHTER3']",180,100.0,72.17,Seen 180 Win % 100% Avg 72.17,https://swgoh.gg/gac/ship-counters/CAPITALMALEVOLENCE/?season_id=CHAMPIONSHIPS_GRAND_ARENA_GA2_EVENT_SEASON_79
ships,CAPITALMALEVOLENCE,CHAMPIONSHIPS_GRAND_ARENA_GA2_EVENT_SEASON_79,CAPITALLEVIATHAN,"['CAPITALLEVIATHAN', 'FURYCLASSINTERCEPTOR', 'SITHBOMBER', 'TIEDAGGER', 'SITHFIGHTER']","['CAPITALMALEVOLENCE', 'GEONOSIANSTARFIGHTER1', 'HYENABOMBER', 'VULTUREDROID', 'GEONOSIANSTARFIGHTER2', 'GEONOSIANSTARFIGHTER3']",157,100.0,74.38,Seen 157 Win % 100% Avg 74.38,https://swgoh.gg/gac/ship-counters/CAPITALMALEVOLENCE/?season_id=CHAMPIONSHIPS_GRAND_ARENA_GA2_EVENT_SEASON_79
ships,CAPITALMALEVOLENCE,CHAMPIONSHIPS_GRAND_ARENA_GA2_EVENT_SEASON_79,CAPITALEXECUTOR,"['CAPITALEXECUTOR', 'HOUNDSTOOTH', 'PUNISHINGONE', 'RAZORCREST', 'IG2000', 'XANADUBLOOD']","['CAPITALMALEVOLENCE', 'GEONOSIANSTARFIGHTER1', 'HYENABOMBER', 'VULTUREDROID', 'GEONOSIANSTARFIGHTER2', 'GEONOSIANSTARFIGHTER3']",138,100.0,72.13,Seen 138 Win % 100% Avg 72.13,https://swgoh.gg/gac/ship-counters/CAPITALMALEVOLENCE/?season_id=CHAMPIONSHIPS_GRAND_ARENA_GA2_EVENT_SEASON_79
ships,CAPITALMALEVOLENCE,CHAMPIONSHIPS_GRAND_ARENA_GA2_EVENT_SEASON_79,CAPITALEXECUTOR,"['CAPITALEXECUTOR', 'HOUNDSTOOTH', 'PUNISHINGONE', 'RAZORCREST', 'IG2000', 'SLAVE1', 'XANADUBLOOD']","['CAPITALMALEVOLENCE', 'GEONOSIANSTARFIGHTER1', 'GEONOSIANSTARFIGHTER2', 'GEONOSIANSTARFIGHTER3', 'HYENABOMBER', 'VULTUREDROID']",101,100.0,71.93,Seen 101 Win % 100% Avg 71.93,https://swgoh.gg/gac/ship-counters/CAPITALMALEVOLENCE/?season_id=CHAMPIONSHIPS_GRAND_ARENA_GA2_EVENT_SEASON_79
ships,CAPITALMALEVOLENCE,CHAMPIONSHIPS_GRAND_ARENA_GA2_EVENT_SEASON_79,CAPITALNEGOTIATOR,"['CAPITALNEGOTIATOR', 'JEDISTARFIGHTERANAKIN', 'MARAUDER', 'YWINGCLONEWARS', 'BLADEOFDORIN', 'JEDISTARFIGHTERAHSOKATANO']","['CAPITALMALEVOLENCE', 'GEONOSIANSTARFIGHTER1', 'GEONOSIANSTARFIGHTER2', 'GEONOSIANSTARFIGHTER3', 'HYENABOMBER', 'VULTUREDROID']",97,100.0,73.34,Seen 97 Win % 100% Avg 73.34,https://swgoh.gg/gac/ship-counters/CAPITALMALEVOLENCE/?season_id=CHAMPIONSHIPS_GRAND_ARENA_GA2_EVENT_SEASON_79
ships,CAPITALMALEVOLENCE,CHAMPIONSHIPS_GRAND_ARENA_GA2_EVENT_SEASON_79,CAPITALNEGOTIATOR,"['CAPITALNEGOTIATOR', 'JEDISTARFIGHTERANAKIN', 'MARAUDER', 'YWINGCLONEWARS', 'ARC170REX', 'BLADEOFDORIN', 'JEDISTARFIGHTERAHSOKATANO', 'UMBARANSTARFIGHTER']","['CAPITALMALEVOLENCE', 'GEONOSIANSTARFIGHTER1', 'GEONOSIANSTARFIGHTER2', 'GEONOSIANSTARFIGHTER3', 'HYENABOMBER', 'VULTUREDROID']",84,100.0,70.9,Seen 84 Win % 100% Avg 70.9,https://swgoh.gg/gac/ship-counters/CAPITALMALEVOLENCE/?season_id=CHAMPIONSHIPS_GRAND_ARENA_GA2_EVENT_SEASON_79
ships,CAPITALMALEVOLENCE,CHAMPIONSHIPS_GRAND_ARENA_GA2_EVENT_SEASON_79,CAPITALNEGOTIATOR,"['CAPITALNEGOTIATOR', 'JEDISTARFIGHTERANAKIN', 'MARAUDER', 'YWINGCLONEWARS', 'BLADEOFDORIN', 'JEDISTARFIGHTERAHSOKATANO', 'UMBARANSTARFIGHTER']","['CAPITALMALEVOLENCE', 'GEONOSIANSTARFIGHTER3', 'HYENABOMBER', 'VULTUREDROID', 'GEONOSIANSTARFIGHTER1', 'GEONOSIANSTARFIGHTER2']",84,100.0,70.67,Seen 84 Win % 100% Avg 70.67,https://swgoh.gg/gac/ship-counters/CAPITALMALEVOLENCE/?season_id=CHAMPIONSHIPS_GRAND_ARENA_GA2_EVENT_SEASON_79
ships,CAPITALMALEVOLENCE,CHAMPIONSHIPS_GRAND_ARENA_GA2_EVENT_SEASON_79,CAPITALNEGOTIATOR,"['CAPITALNEGOTIATOR', 'JEDISTARFIGHTERANAKIN', 'MARAUDER', 'YWINGCLONEWARS', 'BLADEOFDORIN', 'JEDISTARFIGHTERAHSOKATANO', 'UMBARANSTARFIGHTER']","['CAPITALMALEVOLENCE', 'GEONOSIANSTARFIGHTER1', 'GEONOSIANSTARFIGHTER2', 'GEONOSIANSTARFIGHTER3', 'HYENABOMBER', 'VULTUREDROID']",83,100.0,72.01,Seen 83 Win % 100% Avg 72.01,https://swgoh.gg/gac/ship-counters/CAPITALMALEVOLENCE/?season_id=CHAMPIONSHIPS_GRAND_ARENA_GA2_EVENT_SEASON_79
ships,CAPITALMALEVOLENCE,CHAMPIONSHIPS_GRAND_ARENA_GA2_EVENT_SEASON_79,CAPITALEXECUTOR,"['CAPITALEXECUTOR', 'HOUNDSTOOTH', 'PUNISHINGONE', 'RAZORCREST', 'XANADUBLOOD']","['CAPITALMALEVOLENCE', 'GEONOSIANSTARFIGHTER1', 'GEONOSIANSTARFIGHTER2', 'GEONOSIANSTARFIGHTER3', 'HYENABOMBER', 'VULTUREDROID']",80,100.0,74.33,Seen 80 Win % 100% Avg 74.33,https://swgoh.gg/gac/ship-counters/CAPITALMALEVOLENCE/?season_id=CHAMPIONSHIPS_GRAND_ARENA_GA2_EVENT_SEASON_79
ships,CAPITALMALEVOLENCE,CHAMPIONSHIPS_GRAND_ARENA_GA2_EVENT_SEASON_79,CAPITALEXECUTOR,"['CAPITALEXECUTOR', 'HOUNDSTOOTH', 'PUNISHINGONE', 'RAZORCREST', 'IG2000', 'SLAVE1', 'XANADUBLOOD']","['CAPITALMALEVOLENCE', 'GEONOSIANSTARFIGHTER3', 'HYENABOMBER', 'VULTUREDROID', 'GEONOSIANSTARFIGHTER1', 'GEONOSIANSTARFIGHTER2']",72,100.0,71.51,Seen 72 Win % 100% Avg 71.51,https://swgoh.gg/gac/ship-counters/CAPITALMALEVOLENCE/?season_id=CHAMPIONSHIPS_GRAND_ARENA_GA2_EVENT_SEASON_79
ships,CAPITALMALEVOLENCE,CHAMPIONSHIPS_GRAND_ARENA_GA2_EVENT_SEASON_79,CAPITALEXECUTOR,"['CAPITALEXECUTOR', 'HOUNDSTOOTH', 'PUNISHINGONE', 'RAZORCREST', 'XANADUBLOOD']","['CAPITALMALEVOLENCE', 'GEONOSIANSTARFIGHTER3', 'HYENABOMBER', 'VULTUREDROID', 'GEONOSIANSTARFIGHTER1', 'GEONOSIANSTARFIGHTER2']",72,100.0,74.03,Seen 72 Win % 100% Avg 74.03,https://swgoh.gg/gac/ship-counters/CAPITALMALEVOLENCE/?season_id=CHAMPIONSHIPS_GRAND_ARENA_GA2_EVENT_SEASON_79
ships,CAPITALMALEVOLENCE,CHAMPIONSHIPS_GRAND_ARENA_GA2_EVENT_SEASON_79,CAPITALEXECUTOR,"['CAPITALEXECUTOR', 'HOUNDSTOOTH', 'PUNISHINGONE', 'RAZORCREST', 'SLAVE1', 'XANADUBLOOD']","['CAPITALMALEVOLENCE', 'GEONOSIANSTARFIGHTER1', 'HYENABOMBER', 'VULTUREDROID', 'GEONOSIANSTARFIGHTER2', 'GEONOSIANSTARFIGHTER3']",1064,99.0,72.05,"Seen 1,064 Win % 99% Avg 72.05",https://swgoh.gg/gac/ship-counters/CAPITALMALEVOLENCE/?season_id=CHAMPIONSHIPS_GRAND_ARENA_GA2_EVENT_SEASON_79
ships,CAPITALMALEVOLENCE,CHAMPIONSHIPS_GRAND_ARENA_GA2_EVENT_SEASON_79,CAPITALLEVIATHAN,"['CAPITALLEVIATHAN', 'FURYCLASSINTERCEPTOR', 'SITHBOMBER', 'TIEDAGGER']","['CAPITALMALEVOLENCE', 'GEONOSIANSTARFIGHTER1', 'HYENABOMBER', 'VULTUREDROID', 'GEONOSIANSTARFIGHTER2', 'GEONOSIANSTARFIGHTER3']",555,99.0,74.63,Seen 555 Win % 99% Avg 74.63,https://swgoh.gg/gac/ship-counters/CAPITALMALEVOLENCE/?season_id=CHAMPIONSHIPS_GRAND_ARENA_GA2_EVENT_SEASON_79
ships,CAPITALMALEVOLENCE,CHAMPIONSHIPS_GRAND_ARENA_GA2_EVENT_SEASON_79,CAPITALEXECUTOR,"['CAPITALEXECUTOR', 'PUNISHINGONE', 'RAZORCREST', 'XANADUBLOOD', 'HOUNDSTOOTH', 'IG2000', 'SLAVE1']","['CAPITALMALEVOLENCE', 'GEONOSIANSTARFIGHTER1', 'HYENABOMBER', 'VULTUREDROID', 'GEONOSIANSTARFIGHTER2', 'GEONOSIANSTARFIGHTER3']",515,99.0,70.79,Seen 515 Win % 99% Avg 70.79,https://swgoh.gg/gac/ship-counters/CAPITALMALEVOLENCE/?season_id=CHAMPIONSHIPS_GRAND_ARENA_GA2_EVENT_SEASON_79
ships,CAPITALMALEVOLENCE,CHAMPIONSHIPS_GRAND_ARENA_GA2_EVENT_SEASON_79,CAPITALEXECUTOR,"['CAPITALEXECUTOR', 'HOUNDSTOOTH', 'PUNISHINGONE', 'RAZORCREST', 'XANADUBLOOD']","['CAPITALMALEVOLENCE', 'GEONOSIANSTARFIGHTER1', 'HYENABOMBER', 'VULTUREDROID', 'GEONOSIANSTARFIGHTER2', 'GEONOSIANSTARFIGHTER3']",1286,99.0,73.27,"Seen 1,286 Win % 99% Avg 73.27",https://swgoh.gg/gac/ship-counters/CAPITALMALEVOLENCE/?season_id=CHAMPIONSHIPS_GRAND_ARENA_GA2_EVENT_SEASON_79
ships,CAPITALMALEVOLENCE,CHAMPIONSHIPS_GRAND_ARENA_GA2_EVENT_SEASON_79,CAPITALLEVIATHAN,"['CAPITALLEVIATHAN', 'FURYCLASSINTERCEPTOR', 'SITHBOMBER', 'TIEDAGGER', 'SITHINFILTRATOR', 'SITHSUPREMACYCLASS']","['CAPITALMALEVOLENCE', 'GEONOSIANSTARFIGHTER1', 'HYENABOMBER', 'VULTUREDROID', 'GEONOSIANSTARFIGHTER2', 'GEONOSIANSTARFIGHTER3']",416,99.0,71.81,Seen 416 Win % 99% Avg 71.81,https://swgoh.gg/gac/ship-counters/CAPITALMALEVOLENCE/?season_id=CHAMPIONSHIPS_GRAND_ARENA_GA2_EVENT_SEASON_79
ships,CAPITALMALEVOLENCE,CHAMPIONSHIPS_GRAND_ARENA_GA2_EVENT_SEASON_79,CAPITALPROFUNDITY,"['CAPITALPROFUNDITY', 'MILLENNIUMFALCON', 'OUTRIDER', 'YWINGREBEL', 'GHOST', 'PHANTOM2', 'ROGUEONESHIP']","['CAPITALMALEVOLENCE', 'GEONOSIANSTARFIGHTER1', 'HYENABOMBER', 'VULTUREDROID', 'GEONOSIANSTARFIGHTER2', 'GEONOSIANSTARFIGHTER3']",349,99.0,72.01,Seen 349 Win % 99% Avg 72.01,https://swgoh.gg/gac/ship-counters/CAPITALMALEVOLENCE/?season_id=CHAMPIONSHIPS_GRAND_ARENA_GA2_EVENT_SEASON_79
ships,CAPITALMALEVOLENCE,CHAMPIONSHIPS_GRAND_ARENA_GA2_EVENT_SEASON_79,CAPITALEXECUTOR,"['CAPITALEXECUTOR', 'PUNISHINGONE', 'RAZORCREST', 'XANADUBLOOD', 'HOUNDSTOOTH', 'SLAVE1']","['CAPITALMALEVOLENCE', 'GEONOSIANSTARFIGHTER1', 'HYENABOMBER', 'VULTUREDROID', 'GEONOSIANSTARFIGHTER2', 'GEONOSIANSTARFIGHTER3']",336,99.0,71.77,Seen 336 Win % 99% Avg 71.77,https://swgoh.gg/gac/ship-counters/CAPITALMALEVOLENCE/?season_id=CHAMPIONSHIPS_GRAND_ARENA_GA2_EVENT_SEASON_79
ships,CAPITALMALEVOLENCE,CHAMPIONSHIPS_GRAND_ARENA_GA2_EVENT_SEASON_79,CAPITALEXECUTOR,"['CAPITALEXECUTOR', 'PUNISHINGONE', 'RAZORCREST', 'XANADUBLOOD', 'HOUNDSTOOTH']","['CAPITALMALEVOLENCE', 'GEONOSIANSTARFIGHTER1', 'HYENABOMBER', 'VULTUREDROID', 'GEONOSIANSTARFIGHTER2', 'GEONOSIANSTARFIGHTER3']",288,99.0,73.16,Seen 288 Win % 99% Avg 73.16,https://swgoh.gg/gac/ship-counters/CAPITALMALEVOLENCE/?season_id=CHAMPIONSHIPS_GRAND_ARENA_GA2_EVENT_SEASON_79
ships,CAPITALMALEVOLENCE,CHAMPIONSHIPS_GRAND_ARENA_GA2_EVENT_SEASON_79,CAPITALNEGOTIATOR,"['CAPITALNEGOTIATOR', 'JEDISTARFIGHTERANAKIN', 'MARAUDER', 'YWINGCLONEWARS', 'BLADEOFDORIN', 'JEDISTARFIGHTERAHSOKATANO']","['CAPITALMALEVOLENCE', 'GEONOSIANSTARFIGHTER1', 'HYENABOMBER', 'VULTUREDROID', 'GEONOSIANSTARFIGHTER2', 'GEONOSIANSTARFIGHTER3']",1036,99.0,71.47,"Seen 1,036 Win % 99% Avg 71.47",https://swgoh.gg/gac/ship-counters/CAPITALMALEVOLENCE/?season_id=CHAMPIONSHIPS_GRAND_ARENA_GA2_EVENT_SEASON_79
ships,CAPITALMALEVOLENCE,CHAMPIONSHIPS_GRAND_ARENA_GA2_EVENT_SEASON_79,CAPITALNEGOTIATOR,"['CAPITALNEGOTIATOR', 'JEDISTARFIGHTERANAKIN', 'MARAUDER', 'YWINGCLONEWARS', 'BLADEOFDORIN', 'JEDISTARFIGHTERAHSOKATANO', 'UMBARANSTARFIGHTER']","['CAPITALMALEVOLENCE', 'GEONOSIANSTARFIGHTER1', 'HYENABOMBER', 'VULTUREDROID', 'GEONOSIANSTARFIGHTER2', 'GEONOSIANSTARFIGHTER3']",1068,99.0,70.16,"Seen 1,068 Win % 99% Avg 70.16",https://swgoh.gg/gac/ship-counters/CAPITALMALEVOLENCE/?season_id=CHAMPIONSHIPS_GRAND_ARENA_GA2_EVENT_SEASON_79
ships,CAPITALMALEVOLENCE,CHAMPIONSHIPS_GRAND_ARENA_GA2_EVENT_SEASON_79,CAPITALEXECUTOR,"['CAPITALEXECUTOR', 'HOUNDSTOOTH', 'PUNISHINGONE', 'RAZORCREST', 'IG2000', 'SLAVE1', 'XANADUBLOOD']","['CAPITALMALEVOLENCE', 'GEONOSIANSTARFIGHTER1', 'HYENABOMBER', 'VULTUREDROID', 'GEONOSIANSTARFIGHTER2', 'GEONOSIANSTARFIGHTER3']",1079,99.0,70.55,"Seen 1,079 Win % 99% Avg 70.55",https://swgoh.gg/gac/ship-counters/CAPITALMALEVOLENCE/?season_id=CHAMPIONSHIPS_GRAND_ARENA_GA2_EVENT_SEASON_79
ships,CAPITALMALEVOLENCE,CHAMPIONSHIPS_GRAND_ARENA_GA2_EVENT_SEASON_79,CAPITALNEGOTIATOR,"['CAPITALNEGOTIATOR', 'JEDISTARFIGHTERANAKIN', 'MARAUDER', 'YWINGCLONEWARS', 'BLADEOFDORIN']","['CAPITALMALEVOLENCE', 'GEONOSIANSTARFIGHTER1', 'HYENABOMBER', 'VULTUREDROID', 'GEONOSIANSTARFIGHTER2', 'GEONOSIANSTARFIGHTER3']",304,99.0,72.92,Seen 304 Win % 99% Avg 72.92,https://swgoh.gg/gac/ship-counters/CAPITALMALEVOLENCE/?season_id=CHAMPIONSHIPS_GRAND_ARENA_GA2_EVENT_SEASON_79
ships,CAPITALMALEVOLENCE,CHAMPIONSHIPS_GRAND_ARENA_GA2_EVENT_SEASON_79,CAPITALLEVIATHAN,"['CAPITALLEVIATHAN', 'FURYCLASSINTERCEPTOR', 'SITHBOMBER', 'TIEDAGGER', 'SITHSUPREMACYCLASS']","['CAPITALMALEVOLENCE', 'GEONOSIANSTARFIGHTER1', 'HYENABOMBER', 'VULTUREDROID', 'GEONOSIANSTARFIGHTER2', 'GEONOSIANSTARFIGHTER3']",150,99.0,72.51,Seen 150 Win % 99% Avg 72.51,https://swgoh.gg/gac/ship-counters/CAPITALMALEVOLENCE/?season_id=CHAMPIONSHIPS_GRAND_ARENA_GA2_EVENT_SEASON_79
ships,CAPITALMALEVOLENCE,CHAMPIONSHIPS_GRAND_ARENA_GA2_EVENT_SEASON_79,CAPITALEXECUTOR,"['CAPITALEXECUTOR', 'HOUNDSTOOTH', 'RAZORCREST', 'XANADUBLOOD', 'IG2000', 'PUNISHINGONE', 'SLAVE1']","['CAPITALMALEVOLENCE', 'GEONOSIANSTARFIGHTER1', 'HYENABOMBER', 'VULTUREDROID', 'GEONOSIANSTARFIGHTER2', 'GEONOSIANSTARFIGHTER3']",147,99.0,70.14,Seen 147 Win % 99% Avg 70.14,https://swgoh.gg/gac/ship-counters/CAPITALMALEVOLENCE/?season_id=CHAMPIONSHIPS_GRAND_ARENA_GA2_EVENT_SEASON_79
ships,CAPITALMALEVOLENCE,CHAMPIONSHIPS_GRAND_ARENA_GA2_EVENT_SEASON_79,CAPITALLEVIATHAN,"['CAPITALLEVIATHAN', 'FURYCLASSINTERCEPTOR', 'SITHBOMBER', 'TIEDAGGER', 'SITHFIGHTER', 'SITHINFILTRATOR', 'SITHSUPREMACYCLASS']","['CAPITALMALEVOLENCE', 'GEONOSIANSTARFIGHTER1', 'HYENABOMBER', 'VULTUREDROID', 'GEONOSIANSTARFIGHTER2', 'GEONOSIANSTARFIGHTER3']",471,99.0,70.2,Seen 471 Win % 99% Avg 70.2,https://swgoh.gg/gac/ship-counters/CAPITALMALEVOLENCE/?season_id=CHAMPIONSHIPS_GRAND_ARENA_GA2_EVENT_SEASON_79
ships,CAPITALMALEVOLENCE,CHAMPIONSHIPS_GRAND_ARENA_GA2_EVENT_SEASON_79,CAPITALEXECUTOR,"['CAPITALEXECUTOR', 'PUNISHINGONE', 'RAZORCREST', 'XANADUBLOOD', 'SLAVE1']","['CAPITALMALEVOLENCE', 'GEONOSIANSTARFIGHTER1', 'HYENABOMBER', 'VULTUREDROID', 'GEONOSIANSTARFIGHTER2', 'GEONOSIANSTARFIGHTER3']",112,99.0,72.76,Seen 112 Win % 99% Avg 72.76,https://swgoh.gg/gac/ship-counters/CAPITALMALEVOLENCE/?season_id=CHAMPIONSHIPS_GRAND_ARENA_GA2_EVENT_SEASON_79
ships,CAPITALMALEVOLENCE,CHAMPIONSHIPS_GRAND_ARENA_GA2_EVENT_SEASON_79,CAPITALPROFUNDITY,"['CAPITALPROFUNDITY', 'MILLENNIUMFALCON', 'OUTRIDER', 'YWINGREBEL', 'PHANTOM2', 'ROGUEONESHIP']","['CAPITALMALEVOLENCE', 'GEONOSIANSTARFIGHTER1', 'HYENABOMBER', 'VULTUREDROID', 'GEONOSIANSTARFIGHTER2', 'GEONOSIANSTARFIGHTER3']",199,98.0,72.1,Seen 199 Win % 98% Avg 72.1,https://swgoh.gg/gac/ship-counters/CAPITALMALEVOLENCE/?season_id=CHAMPIONSHIPS_GRAND_ARENA_GA2_EVENT_SEASON_79
ships,CAPITALMALEVOLENCE,CHAMPIONSHIPS_GRAND_ARENA_GA2_EVENT_SEASON_79,CAPITALNEGOTIATOR,"['CAPITALNEGOTIATOR', 'JEDISTARFIGHTERANAKIN', 'MARAUDER', 'UMBARANSTARFIGHTER', 'BLADEOFDORIN', 'JEDISTARFIGHTERAHSOKATANO']","['CAPITALMALEVOLENCE', 'GEONOSIANSTARFIGHTER1', 'HYENABOMBER', 'VULTUREDROID', 'GEONOSIANSTARFIGHTER2', 'GEONOSIANSTARFIGHTER3']",95,98.0,71.19,Seen 95 Win % 98% Avg 71.19,https://swgoh.gg/gac/ship-counters/CAPITALMALEVOLENCE/?season_id=CHAMPIONSHIPS_GRAND_ARENA_GA2_EVENT_SEASON_79
ships,CAPITALMALEVOLENCE,CHAMPIONSHIPS_GRAND_ARENA_GA2_EVENT_SEASON_79,CAPITALNEGOTIATOR,"['CAPITALNEGOTIATOR', 'JEDISTARFIGHTERANAKIN', 'MARAUDER', 'YWINGCLONEWARS', 'ARC170REX', 'BLADEOFDORIN', 'JEDISTARFIGHTERAHSOKATANO', 'UMBARANSTARFIGHTER']","['CAPITALMALEVOLENCE', 'GEONOSIANSTARFIGHTER1', 'HYENABOMBER', 'VULTUREDROID', 'GEONOSIANSTARFIGHTER2', 'GEONOSIANSTARFIGHTER3']",888,98.0,68.2,Seen 888 Win % 98% Avg 68.2,https://swgoh.gg/gac/ship-counters/CAPITALMALEVOLENCE/?season_id=CHAMPIONSHIPS_GRAND_ARENA_GA2_EVENT_SEASON_79
ships,CAPITALMALEVOLENCE,CHAMPIONSHIPS_GRAND_ARENA_GA2_EVENT_SEASON_79,CAPITALNEGOTIATOR,"['CAPITALNEGOTIATOR', 'JEDISTARFIGHTERANAKIN', 'MARAUDER', 'YWINGCLONEWARS', 'BLADEOFDORIN', 'JEDISTARFIGHTERAHSOKATANO', 'JEDISTARFIGHTERCONSULAR', 'UMBARANSTARFIGHTER']","['CAPITALMALEVOLENCE', 'GEONOSIANSTARFIGHTER1', 'HYENABOMBER', 'VULTUREDROID', 'GEONOSIANSTARFIGHTER2', 'GEONOSIANSTARFIGHTER3']",82,98.0,68.02,Seen 82 Win % 98% Avg 68.02,https://swgoh.gg/gac/ship-counters/CAPITALMALEVOLENCE/?season_id=CHAMPIONSHIPS_GRAND_ARENA_GA2_EVENT_SEASON_79
ships,CAPITALMALEVOLENCE,CHAMPIONSHIPS_GRAND_ARENA_GA2_EVENT_SEASON_79,CAPITALEXECUTOR,"['CAPITALEXECUTOR', 'HOUNDSTOOTH', 'PUNISHINGONE', 'RAZORCREST', 'XANADUBLOOD']","['CAPITALMALEVOLENCE', 'GEONOSIANSTARFIGHTER1', 'GEONOSIANSTARFIGHTER3', 'HYENABOMBER', 'GEONOSIANSTARFIGHTER2', 'VULTUREDROID']",76,98.0,72.78,Seen 76 Win % 98% Avg 72.78,https://swgoh.gg/gac/ship-counters/CAPITALMALEVOLENCE/?season_id=CHAMPIONSHIPS_GRAND_ARENA_GA2_EVENT_SEASON_79
ships,CAPITALMALEVOLENCE,CHAMPIONSHIPS_GRAND_ARENA_GA2_EVENT_SEASON_79,CAPITALEXECUTOR,"['CAPITALEXECUTOR', 'HOUNDSTOOTH', 'PUNISHINGONE', 'RAZORCREST', 'XANADUBLOOD']","['CAPITALMALEVOLENCE', 'GEONOSIANSTARFIGHTER1', 'GEONOSIANSTARFIGHTER3', 'HYENABOMBER', 'VULTUREDROID']",76,98.0,72.88,Seen 76 Win % 98% Avg 72.88,https://swgoh.gg/gac/ship-counters/CAPITALMALEVOLENCE/?season_id=CHAMPIONSHIPS_GRAND_ARENA_GA2_EVENT_SEASON_79
ships,CAPITALMALEVOLENCE,CHAMPIONSHIPS_GRAND_ARENA_GA2_EVENT_SEASON_79,CAPITALNEGOTIATOR,"['CAPITALNEGOTIATOR', 'JEDISTARFIGHTERANAKIN', 'MARAUDER', 'YWINGCLONEWARS', 'BLADEOFDORIN', 'JEDISTARFIGHTERAHSOKATANO']","['CAPITALMALEVOLENCE', 'GEONOSIANSTARFIGHTER3', 'HYENABOMBER', 'VULTUREDROID', 'GEONOSIANSTARFIGHTER1', 'GEONOSIANSTARFIGHTER2']",73,98.0,70.41,Seen 73 Win % 98% Avg 70.41,https://swgoh.gg/gac/ship-counters/CAPITALMALEVOLENCE/?season_id=CHAMPIONSHIPS_GRAND_ARENA_GA2_EVENT_SEASON_79
ships,CAPITALMALEVOLENCE,CHAMPIONSHIPS_GRAND_ARENA_GA2_EVENT_SEASON_79,CAPITALNEGOTIATOR,"['CAPITALNEGOTIATOR', 'JEDISTARFIGHTERANAKIN', 'MARAUDER', 'UMBARANSTARFIGHTER', 'BLADEOFDORIN']","['CAPITALMALEVOLENCE', 'GEONOSIANSTARFIGHTER1', 'HYENABOMBER', 'VULTUREDROID', 'GEONOSIANSTARFIGHTER2', 'GEONOSIANSTARFIGHTER3']",174,98.0,72.77,Seen 174 Win % 98% Avg 72.77,https://swgoh.gg/gac/ship-counters/CAPITALMALEVOLENCE/?season_id=CHAMPIONSHIPS_GRAND_ARENA_GA2_EVENT_SEASON_79
ships,CAPITALMALEVOLENCE,CHAMPIONSHIPS_GRAND_ARENA_GA2_EVENT_SEASON_79,CAPITALPROFUNDITY,"['CAPITALPROFUNDITY', 'MILLENNIUMFALCON', 'OUTRIDER', 'YWINGREBEL', 'GHOST', 'ROGUEONESHIP']","['CAPITALMALEVOLENCE', 'GEONOSIANSTARFIGHTER1', 'HYENABOMBER', 'VULTUREDROID', 'GEONOSIANSTARFIGHTER2', 'GEONOSIANSTARFIGHTER3']",165,98.0,70.92,Seen 165 Win % 98% Avg 70.92,https://swgoh.gg/gac/ship-counters/CAPITALMALEVOLENCE/?season_id=CHAMPIONSHIPS_GRAND_ARENA_GA2_EVENT_SEASON_79
ships,CAPITALMALEVOLENCE,CHAMPIONSHIPS_GRAND_ARENA_GA2_EVENT_SEASON_79,CAPITALNEGOTIATOR,"['CAPITALNEGOTIATOR', 'JEDISTARFIGHTERANAKIN', 'UMBARANSTARFIGHTER', 'YWINGCLONEWARS', 'BLADEOFDORIN']","['CAPITALMALEVOLENCE', 'GEONOSIANSTARFIGHTER1', 'HYENABOMBER', 'VULTUREDROID', 'GEONOSIANSTARFIGHTER2', 'GEONOSIANSTARFIGHTER3']",150,98.0,73.25,Seen 150 Win % 98% Avg 73.25,https://swgoh.gg/gac/ship-counters/CAPITALMALEVOLENCE/?season_id=CHAMPIONSHIPS_GRAND_ARENA_GA2_EVENT_SEASON_79
ships,CAPITALMALEVOLENCE,CHAMPIONSHIPS_GRAND_ARENA_GA2_EVENT_SEASON_79,CAPITALPROFUNDITY,"['CAPITALPROFUNDITY', 'MILLENNIUMFALCON', 'OUTRIDER', 'YWINGREBEL', 'ROGUEONESHIP', 'UWINGROGUEONE']","['CAPITALMALEVOLENCE', 'GEONOSIANSTARFIGHTER1', 'HYENABOMBER', 'VULTUREDROID', 'GEONOSIANSTARFIGHTER2', 'GEONOSIANSTARFIGHTER3']",149,97.0,71.76,Seen 149 Win % 97% Avg 71.76,https://swgoh.gg/gac/ship-counters/CAPITALMALEVOLENCE/?season_id=CHAMPIONSHIPS_GRAND_ARENA_GA2_EVENT_SEASON_79
ships,CAPITALMALEVOLENCE,CHAMPIONSHIPS_GRAND_ARENA_GA2_EVENT_SEASON_79,CAPITALNEGOTIATOR,"['CAPITALNEGOTIATOR', 'JEDISTARFIGHTERANAKIN', 'MARAUDER', 'YWINGCLONEWARS', 'ARC170CLONESERGEANT', 'BLADEOFDORIN', 'JEDISTARFIGHTERAHSOKATANO', 'UMBARANSTARFIGHTER']","['CAPITALMALEVOLENCE', 'GEONOSIANSTARFIGHTER1', 'HYENABOMBER', 'VULTUREDROID', 'GEONOSIANSTARFIGHTER2', 'GEONOSIANSTARFIGHTER3']",391,97.0,67.67,Seen 391 Win % 97% Avg 67.67,https://swgoh.gg/gac/ship-counters/CAPITALMALEVOLENCE/?season_id=CHAMPIONSHIPS_GRAND_ARENA_GA2_EVENT_SEASON_79
ships,CAPITALMALEVOLENCE,CHAMPIONSHIPS_GRAND_ARENA_GA2_EVENT_SEASON_79,CAPITALMONCALAMARICRUISER,"['CAPITALMONCALAMARICRUISER', 'GHOST', 'RAVENSCLAW', 'UWINGROGUEONE', 'BWINGREBEL']","['CAPITALMALEVOLENCE', 'GEONOSIANSTARFIGHTER1', 'HYENABOMBER', 'VULTUREDROID', 'GEONOSIANSTARFIGHTER2', 'GEONOSIANSTARFIGHTER3']",93,97.0,72.68,Seen 93 Win % 97% Avg 72.68,https://swgoh.gg/gac/ship-counters/CAPITALMALEVOLENCE/?season_id=CHAMPIONSHIPS_GRAND_ARENA_GA2_EVENT_SEASON_79
ships,CAPITALMALEVOLENCE,CHAMPIONSHIPS_GRAND_ARENA_GA2_EVENT_SEASON_79,CAPITALPROFUNDITY,"['CAPITALPROFUNDITY', 'MILLENNIUMFALCON', 'OUTRIDER', 'YWINGREBEL', 'ROGUEONESHIP']","['CAPITALMALEVOLENCE', 'GEONOSIANSTARFIGHTER1', 'HYENABOMBER', 'VULTUREDROID', 'GEONOSIANSTARFIGHTER2', 'GEONOSIANSTARFIGHTER3']",770,94.0,70.0,Seen 770 Win % 94% Avg 70,https://swgoh.gg/gac/ship-counters/CAPITALMALEVOLENCE/?season_id=CHAMPIONSHIPS_GRAND_ARENA_GA2_EVENT_SEASON_79
ships,CAPITALMALEVOLENCE,CHAMPIONSHIPS_GRAND_ARENA_GA2_EVENT_SEASON_79,CAPITALCHIMAERA,"['CAPITALCHIMAERA', 'TIEADVANCED', 'TIEBOMBERIMPERIAL', 'TIEFIGHTERIMPERIAL', 'TIEDEFENDER', 'TIEINTERCEPTOR']","['CAPITALMALEVOLENCE', 'GEONOSIANSTARFIGHTER1', 'HYENABOMBER', 'VULTUREDROID', 'GEONOSIANSTARFIGHTER2', 'GEONOSIANSTARFIGHTER3']",166,91.0,62.87,Seen 166 Win % 91% Avg 62.87,https://swgoh.gg/gac/ship-counters/CAPITALMALEVOLENCE/?season_id=CHAMPIONSHIPS_GRAND_ARENA_GA2_EVENT_SEASON_79
ships,CAPITALMALEVOLENCE,CHAMPIONSHIPS_GRAND_ARENA_GA2_EVENT_SEASON_79,CAPITALRADDUS,"['CAPITALRADDUS', 'MG100STARFORTRESSSF17', 'MILLENNIUMFALCONEP7', 'XWINGBLACKONE', 'COMEUPPANCE']","['CAPITALMALEVOLENCE', 'GEONOSIANSTARFIGHTER1', 'HYENABOMBER', 'VULTUREDROID', 'GEONOSIANSTARFIGHTER2', 'GEONOSIANSTARFIGHTER3']",371,90.0,65.79,Seen 371 Win % 90% Avg 65.79,https://swgoh.gg/gac/ship-counters/CAPITALMALEVOLENCE/?season_id=CHAMPIONSHIPS_GRAND_ARENA_GA2_EVENT_SEASON_79
ships,CAPITALMALEVOLENCE,CHAMPIONSHIPS_GRAND_ARENA_GA2_EVENT_SEASON_79,CAPITALRADDUS,"['CAPITALRADDUS', 'MG100STARFORTRESSSF17', 'MILLENNIUMFALCONEP7', 'XWINGBLACKONE', 'COMEUPPANCE', 'XWINGRESISTANCE']","['CAPITALMALEVOLENCE', 'GEONOSIANSTARFIGHTER1', 'GEONOSIANSTARFIGHTER2', 'GEONOSIANSTARFIGHTER3', 'HYENABOMBER', 'VULTUREDROID']",77,89.0,63.66,Seen 77 Win % 89% Avg 63.66,https://swgoh.gg/gac/ship-counters/CAPITALMALEVOLENCE/?season_id=CHAMPIONSHIPS_GRAND_ARENA_GA2_EVENT_SEASON_79
ships,CAPITALMALEVOLENCE,CHAMPIONSHIPS_GRAND_ARENA_GA2_EVENT_SEASON_79,CAPITALRADDUS,"['CAPITALRADDUS', 'MG100STARFORTRESSSF17', 'MILLENNIUMFALCONEP7', 'XWINGBLACKONE', 'COMEUPPANCE', 'MILLENNIUMFALCONPRISTINE', 'XWINGRESISTANCE']","['CAPITALMALEVOLENCE', 'GEONOSIANSTARFIGHTER1', 'HYENABOMBER', 'VULTUREDROID', 'GEONOSIANSTARFIGHTER2', 'GEONOSIANSTARFIGHTER3']",95,89.0,62.47,Seen 95 Win % 89% Avg 62.47,https://swgoh.gg/gac/ship-counters/CAPITALMALEVOLENCE/?season_id=CHAMPIONSHIPS_GRAND_ARENA_GA2_EVENT_SEASON_79
ships,CAPITALMALEVOLENCE,CHAMPIONSHIPS_GRAND_ARENA_GA2_EVENT_SEASON_79,CAPITALMALEVOLENCE,"['CAPITALMALEVOLENCE', 'GEONOSIANSTARFIGHTER1', 'HYENABOMBER', 'VULTUREDROID', 'GEONOSIANSTARFIGHTER2', 'GEONOSIANSTARFIGHTER3']","['CAPITALMALEVOLENCE', 'GEONOSIANSTARFIGHTER1', 'HYENABOMBER', 'VULTUREDROID', 'GEONOSIANSTARFIGHTER2', 'GEONOSIANSTARFIGHTER3']",301,89.0,58.59,Seen 301 Win % 89% Avg 58.59,https://swgoh.gg/gac/ship-counters/CAPITALMALEVOLENCE/?season_id=CHAMPIONSHIPS_GRAND_ARENA_GA2_EVENT_SEASON_79
ships,CAPITALMALEVOLENCE,CHAMPIONSHIPS_GRAND_ARENA_GA2_EVENT_SEASON_79,CAPITALRADDUS,"['CAPITALRADDUS', 'MG100STARFORTRESSSF17', 'MILLENNIUMFALCONEP7', 'XWINGBLACKONE', 'COMEUPPANCE', 'XWINGRESISTANCE']","['CAPITALMALEVOLENCE', 'GEONOSIANSTARFIGHTER1', 'HYENABOMBER', 'VULTUREDROID', 'GEONOSIANSTARFIGHTER2', 'GEONOSIANSTARFIGHTER3']",899,87.0,62.36,Seen 899 Win % 87% Avg 62.36,https://swgoh.gg/gac/ship-counters/CAPITALMALEVOLENCE/?season_id=CHAMPIONSHIPS_GRAND_ARENA_GA2_EVENT_SEASON_79
ships,CAPITALMALEVOLENCE,CHAMPIONSHIPS_GRAND_ARENA_GA2_EVENT_SEASON_79,CAPITALCHIMAERA,"['CAPITALCHIMAERA', 'SCYTHE', 'TIEADVANCED', 'TIEFIGHTERIMPERIAL', 'TIEDEFENDER', 'TIEINTERCEPTOR']","['CAPITALMALEVOLENCE', 'GEONOSIANSTARFIGHTER1', 'HYENABOMBER', 'VULTUREDROID', 'GEONOSIANSTARFIGHTER2', 'GEONOSIANSTARFIGHTER3']",142,87.0,60.15,Seen 142 Win % 87% Avg 60.15,https://swgoh.gg/gac/ship-counters/CAPITALMALEVOLENCE/?season_id=CHAMPIONSHIPS_GRAND_ARENA_GA2_EVENT_SEASON_79
