combat_type,defense_leader,season_id,counter_leader,counter_units,defense_units,seen,win_percent,avg_banners,raw_text,source_url,skipped_duplicate_team_count
characters,BOSSNASS,CHAMPIONSHIPS_GRAND_ARENA_GA2_EVENT_SEASON_80,SUPREMELEADERKYLOREN,"['SUPREMELEADERKYLOREN', 'DARKREY', 'FOSITHTROOPER', 'GENERALHUX', 'KYLORENUNMASKED']","['BOSSNASS', 'BOOMADIER', 'CAPTAINTARPALS', 'GUNGANPHALANX', 'JARJARBINKS']",161,99.0,62.76,Seen 161 Win % 99% Avg 62.76,https://swgoh.gg/gac/counters/BOSSNASS/?season_id=CHAMPIONSHIPS_GRAND_ARENA_GA2_EVENT_SEASON_80,3
characters,BOSSNASS,CHAMPIONSHIPS_GRAND_ARENA_GA2_EVENT_SEASON_80,JEDIMASTERKENOBI,"['JEDIMASTERKENOBI', 'AHSOKATANO', 'COMMANDERAHSOKA', 'MACEWINDU', 'PADMEAMIDALA']","['BOSSNASS', 'BOOMADIER', 'CAPTAINTARPALS', 'GUNGANPHALANX', 'JARJARBINKS']",267,99.0,64.48,Seen 267 Win % 99% Avg 64.48,https://swgoh.gg/gac/counters/BOSSNASS/?season_id=CHAMPIONSHIPS_GRAND_ARENA_GA2_EVENT_SEASON_80,3
characters,BOSSNASS,CHAMPIONSHIPS_GRAND_ARENA_GA2_EVENT_SEASON_80,GLLEIA,"['GLLEIA', 'ADMIRALRADDUS', 'CAPTAINDROGAN', 'JYNERSO', 'R2D2_LEGENDARY']","['BOSSNASS', 'BOOMADIER', 'CAPTAINTARPALS', 'GUNGANPHALANX', 'JARJARBINKS']",175,98.0,63.6,Seen 175 Win % 98% Avg 63.6,https://swgoh.gg/gac/counters/BOSSNASS/?season_id=CHAMPIONSHIPS_GRAND_ARENA_GA2_EVENT_SEASON_80,3
characters,BOSSNASS,CHAMPIONSHIPS_GRAND_ARENA_GA2_EVENT_SEASON_80,JEDIMASTERKENOBI,"['JEDIMASTERKENOBI', 'AHSOKATANO', 'COMMANDERAHSOKA', 'GENERALKENOBI', 'PADMEAMIDALA']","['BOSSNASS', 'BOOMADIER', 'CAPTAINTARPALS', 'GUNGANPHALANX', 'JARJARBINKS']",757,98.0,64.21,Seen 757 Win % 98% Avg 64.21,https://swgoh.gg/gac/counters/BOSSNASS/?season_id=CHAMPIONSHIPS_GRAND_ARENA_GA2_EVENT_SEASON_80,3
characters,BOSSNASS,CHAMPIONSHIPS_GRAND_ARENA_GA2_EVENT_SEASON_80,DARTHTRAYA,"['DARTHTRAYA', 'DARTHNIHILUS', 'DARTHTALON', 'SAVAGEOPRESS', 'VADER']","['BOSSNASS', 'BOOMADIER', 'CAPTAINTARPALS', 'GUNGANPHALANX', 'JARJARBINKS']",697,97.0,61.65,Seen 697 Win % 97% Avg 61.65,https://swgoh.gg/gac/counters/BOSSNASS/?season_id=CHAMPIONSHIPS_GRAND_ARENA_GA2_EVENT_SEASON_80,3
characters,BOSSNASS,CHAMPIONSHIPS_GRAND_ARENA_GA2_EVENT_SEASON_80,QUEENAMIDALA,"['QUEENAMIDALA', 'GRANDMASTERYODA', 'MASTERQUIGON', 'PADAWANOBIWAN', 'SHAAKTI']","['BOSSNASS', 'BOOMADIER', 'CAPTAINTARPALS', 'GUNGANPHALANX', 'JARJARBINKS']",361,96.0,62.7,Seen 361 Win % 96% Avg 62.7,https://swgoh.gg/gac/counters/BOSSNASS/?season_id=CHAMPIONSHIPS_GRAND_ARENA_GA2_EVENT_SEASON_80,3
characters,BOSSNASS,CHAMPIONSHIPS_GRAND_ARENA_GA2_EVENT_SEASON_80,SATELESHAN,"['SATELESHAN', 'BASTILASHAN', 'JEDIKNIGHTREVAN', 'JOLEEBINDO', 'JUHANI']","['BOSSNASS', 'BOOMADIER', 'CAPTAINTARPALS', 'GUNGANPHALANX', 'JARJARBINKS']",849,96.0,62.4,Seen 849 Win % 96% Avg 62.4,https://swgoh.gg/gac/counters/BOSSNASS/?season_id=CHAMPIONSHIPS_GRAND_ARENA_GA2_EVENT_SEASON_80,3
characters,BOSSNASS,CHAMPIONSHIPS_GRAND_ARENA_GA2_EVENT_SEASON_80,DARTHTRAYA,"['DARTHTRAYA', 'DARTHNIHILUS', 'DARTHSIDIOUS', 'DARTHTALON', 'SAVAGEOPRESS']","['BOSSNASS', 'BOOMADIER', 'CAPTAINTARPALS', 'GUNGANPHALANX', 'JARJARBINKS']",149,96.0,61.26,Seen 149 Win % 96% Avg 61.26,https://swgoh.gg/gac/counters/BOSSNASS/?season_id=CHAMPIONSHIPS_GRAND_ARENA_GA2_EVENT_SEASON_80,3
characters,BOSSNASS,CHAMPIONSHIPS_GRAND_ARENA_GA2_EVENT_SEASON_80,DARTHTRAYA,"['DARTHTRAYA', 'DARTHNIHILUS', 'DARTHTALON', 'SAVAGEOPRESS']","['BOSSNASS', 'BOOMADIER', 'CAPTAINTARPALS', 'GUNGANPHALANX', 'JARJARBINKS']",581,96.0,63.12,Seen 581 Win % 96% Avg 63.12,https://swgoh.gg/gac/counters/BOSSNASS/?season_id=CHAMPIONSHIPS_GRAND_ARENA_GA2_EVENT_SEASON_80,3
characters,BOSSNASS,CHAMPIONSHIPS_GRAND_ARENA_GA2_EVENT_SEASON_80,MANDALORBOKATAN,"['MANDALORBOKATAN', 'ARMORER', 'IG12', 'PAZVIZSLA', 'THEMANDALORIANBESKARARMOR']","['BOSSNASS', 'BOOMADIER', 'CAPTAINTARPALS', 'GUNGANPHALANX', 'JARJARBINKS']",1451,96.0,57.87,"Seen 1,451 Win % 96% Avg 57.87",https://swgoh.gg/gac/counters/BOSSNASS/?season_id=CHAMPIONSHIPS_GRAND_ARENA_GA2_EVENT_SEASON_80,3
characters,BOSSNASS,CHAMPIONSHIPS_GRAND_ARENA_GA2_EVENT_SEASON_80,QUEENAMIDALA,"['QUEENAMIDALA', 'BADBATCHECHO', 'MASTERQUIGON', 'PADAWANOBIWAN', 'SHAAKTI']","['BOSSNASS', 'BOOMADIER', 'CAPTAINTARPALS', 'GUNGANPHALANX', 'JARJARBINKS']",285,96.0,62.36,Seen 285 Win % 96% Avg 62.36,https://swgoh.gg/gac/counters/BOSSNASS/?season_id=CHAMPIONSHIPS_GRAND_ARENA_GA2_EVENT_SEASON_80,3
characters,BOSSNASS,CHAMPIONSHIPS_GRAND_ARENA_GA2_EVENT_SEASON_80,MANDALORBOKATAN,"['MANDALORBOKATAN', 'BOKATAN', 'IG12', 'PAZVIZSLA', 'THEMANDALORIANBESKARARMOR']","['BOSSNASS', 'BOOMADIER', 'CAPTAINTARPALS', 'GUNGANPHALANX', 'JARJARBINKS']",6634,96.0,60.67,"Seen 6,634 Win % 96% Avg 60.67",https://swgoh.gg/gac/counters/BOSSNASS/?season_id=CHAMPIONSHIPS_GRAND_ARENA_GA2_EVENT_SEASON_80,3
characters,BOSSNASS,CHAMPIONSHIPS_GRAND_ARENA_GA2_EVENT_SEASON_80,DARTHTRAYA,"['DARTHTRAYA', 'DARTHNIHILUS', 'DARTHSION', 'DARTHTALON', 'SAVAGEOPRESS']","['BOSSNASS', 'BOOMADIER', 'CAPTAINTARPALS', 'GUNGANPHALANX', 'JARJARBINKS']",16,96.0,61.23,Seen 16.7K Win % 96% Avg 61.23,https://swgoh.gg/gac/counters/BOSSNASS/?season_id=CHAMPIONSHIPS_GRAND_ARENA_GA2_EVENT_SEASON_80,3
characters,BOSSNASS,CHAMPIONSHIPS_GRAND_ARENA_GA2_EVENT_SEASON_80,MANDALORBOKATAN,"['MANDALORBOKATAN', 'IG12', 'PAZVIZSLA', 'SABINEWRENS3', 'THEMANDALORIANBESKARARMOR']","['BOSSNASS', 'BOOMADIER', 'CAPTAINTARPALS', 'GUNGANPHALANX', 'JARJARBINKS']",184,96.0,57.4,Seen 184 Win % 96% Avg 57.4,https://swgoh.gg/gac/counters/BOSSNASS/?season_id=CHAMPIONSHIPS_GRAND_ARENA_GA2_EVENT_SEASON_80,3
characters,BOSSNASS,CHAMPIONSHIPS_GRAND_ARENA_GA2_EVENT_SEASON_80,DARTHBANE,"['DARTHBANE', 'COUNTDOOKU']","['BOSSNASS', 'BOOMADIER', 'CAPTAINTARPALS', 'GUNGANPHALANX', 'JARJARBINKS']",260,96.0,62.22,Seen 260 Win % 96% Avg 62.22,https://swgoh.gg/gac/counters/BOSSNASS/?season_id=CHAMPIONSHIPS_GRAND_ARENA_GA2_EVENT_SEASON_80,3
characters,BOSSNASS,CHAMPIONSHIPS_GRAND_ARENA_GA2_EVENT_SEASON_80,DARTHTRAYA,"['DARTHTRAYA', 'DARTHNIHILUS', 'DARTHTALON', 'SAVAGEOPRESS', 'SITHTROOPER']","['BOSSNASS', 'BOOMADIER', 'CAPTAINTARPALS', 'GUNGANPHALANX', 'JARJARBINKS']",517,95.0,60.63,Seen 517 Win % 95% Avg 60.63,https://swgoh.gg/gac/counters/BOSSNASS/?season_id=CHAMPIONSHIPS_GRAND_ARENA_GA2_EVENT_SEASON_80,3
characters,BOSSNASS,CHAMPIONSHIPS_GRAND_ARENA_GA2_EVENT_SEASON_80,DARTHTRAYA,"['DARTHTRAYA', 'DARTHNIHILUS', 'DARTHTALON', 'MAUL', 'SAVAGEOPRESS']","['BOSSNASS', 'BOOMADIER', 'CAPTAINTARPALS', 'GUNGANPHALANX', 'JARJARBINKS']",174,95.0,60.36,Seen 174 Win % 95% Avg 60.36,https://swgoh.gg/gac/counters/BOSSNASS/?season_id=CHAMPIONSHIPS_GRAND_ARENA_GA2_EVENT_SEASON_80,3
characters,BOSSNASS,CHAMPIONSHIPS_GRAND_ARENA_GA2_EVENT_SEASON_80,DARTHTRAYA,"['DARTHTRAYA', 'DARTHNIHILUS', 'DARTHTALON', 'SAVAGEOPRESS', 'SITHMARAUDER']","['BOSSNASS', 'BOOMADIER', 'CAPTAINTARPALS', 'GUNGANPHALANX', 'JARJARBINKS']",124,95.0,60.8,Seen 124 Win % 95% Avg 60.8,https://swgoh.gg/gac/counters/BOSSNASS/?season_id=CHAMPIONSHIPS_GRAND_ARENA_GA2_EVENT_SEASON_80,3
characters,BOSSNASS,CHAMPIONSHIPS_GRAND_ARENA_GA2_EVENT_SEASON_80,SAVAGEOPRESS,"['SAVAGEOPRESS', 'DARTHNIHILUS', 'DARTHSION', 'DARTHTALON', 'DARTHTRAYA']","['BOSSNASS', 'BOOMADIER', 'CAPTAINTARPALS', 'GUNGANPHALANX', 'JARJARBINKS']",299,94.0,60.23,Seen 299 Win % 94% Avg 60.23,https://swgoh.gg/gac/counters/BOSSNASS/?season_id=CHAMPIONSHIPS_GRAND_ARENA_GA2_EVENT_SEASON_80,3
characters,BOSSNASS,CHAMPIONSHIPS_GRAND_ARENA_GA2_EVENT_SEASON_80,SITHPALPATINE,"['SITHPALPATINE', 'DARTHBANE']","['BOSSNASS', 'BOOMADIER', 'CAPTAINTARPALS', 'GUNGANPHALANX', 'JARJARBINKS']",227,94.0,64.12,Seen 227 Win % 94% Avg 64.12,https://swgoh.gg/gac/counters/BOSSNASS/?season_id=CHAMPIONSHIPS_GRAND_ARENA_GA2_EVENT_SEASON_80,3
characters,BOSSNASS,CHAMPIONSHIPS_GRAND_ARENA_GA2_EVENT_SEASON_80,GREATMOTHERS,"['GREATMOTHERS', 'DEATHTROOPERPERIDEA', 'MERRIN', 'MORGANELSBETH', 'NIGHTTROOPER']","['BOSSNASS', 'BOOMADIER', 'CAPTAINTARPALS', 'GUNGANPHALANX', 'JARJARBINKS']",1203,94.0,60.83,"Seen 1,203 Win % 94% Avg 60.83",https://swgoh.gg/gac/counters/BOSSNASS/?season_id=CHAMPIONSHIPS_GRAND_ARENA_GA2_EVENT_SEASON_80,3
characters,BOSSNASS,CHAMPIONSHIPS_GRAND_ARENA_GA2_EVENT_SEASON_80,GRANDMASTERLUKE,"['GRANDMASTERLUKE', 'HERMITYODA', 'JEDIKNIGHTCAL', 'JEDIKNIGHTLUKE', 'JEDIKNIGHTREVAN']","['BOSSNASS', 'BOOMADIER', 'CAPTAINTARPALS', 'GUNGANPHALANX', 'JARJARBINKS']",696,94.0,57.84,Seen 696 Win % 94% Avg 57.84,https://swgoh.gg/gac/counters/BOSSNASS/?season_id=CHAMPIONSHIPS_GRAND_ARENA_GA2_EVENT_SEASON_80,3
characters,BOSSNASS,CHAMPIONSHIPS_GRAND_ARENA_GA2_EVENT_SEASON_80,DARTHTRAYA,"['DARTHTRAYA', 'DARTHNIHILUS', 'DARTHSION', 'SAVAGEOPRESS', 'VADER']","['BOSSNASS', 'BOOMADIER', 'CAPTAINTARPALS', 'GUNGANPHALANX', 'JARJARBINKS']",212,93.0,59.24,Seen 212 Win % 93% Avg 59.24,https://swgoh.gg/gac/counters/BOSSNASS/?season_id=CHAMPIONSHIPS_GRAND_ARENA_GA2_EVENT_SEASON_80,3
characters,BOSSNASS,CHAMPIONSHIPS_GRAND_ARENA_GA2_EVENT_SEASON_80,DARTHTRAYA,"['DARTHTRAYA', 'DARTHNIHILUS', 'DARTHSION', 'SAVAGEOPRESS']","['BOSSNASS', 'BOOMADIER', 'CAPTAINTARPALS', 'GUNGANPHALANX', 'JARJARBINKS']",337,93.0,61.15,Seen 337 Win % 93% Avg 61.15,https://swgoh.gg/gac/counters/BOSSNASS/?season_id=CHAMPIONSHIPS_GRAND_ARENA_GA2_EVENT_SEASON_80,3
characters,BOSSNASS,CHAMPIONSHIPS_GRAND_ARENA_GA2_EVENT_SEASON_80,DARTHMALGUS,"['DARTHMALGUS', 'BASTILASHANDARK', 'DARTHMALAK', 'DARTHREVAN', 'SITHMARAUDER']","['BOSSNASS', 'BOOMADIER', 'CAPTAINTARPALS', 'GUNGANPHALANX', 'JARJARBINKS']",463,92.0,57.53,Seen 463 Win % 92% Avg 57.53,https://swgoh.gg/gac/counters/BOSSNASS/?season_id=CHAMPIONSHIPS_GRAND_ARENA_GA2_EVENT_SEASON_80,3
characters,BOSSNASS,CHAMPIONSHIPS_GRAND_ARENA_GA2_EVENT_SEASON_80,DARTHTRAYA,"['DARTHTRAYA', 'DARTHNIHILUS', 'DARTHTALON', 'SAVAGEOPRESS', 'SITHASSASSIN']","['BOSSNASS', 'BOOMADIER', 'CAPTAINTARPALS', 'GUNGANPHALANX', 'JARJARBINKS']",223,91.0,58.04,Seen 223 Win % 91% Avg 58.04,https://swgoh.gg/gac/counters/BOSSNASS/?season_id=CHAMPIONSHIPS_GRAND_ARENA_GA2_EVENT_SEASON_80,3
characters,BOSSNASS,CHAMPIONSHIPS_GRAND_ARENA_GA2_EVENT_SEASON_80,GRANDMASTERLUKE,"['GRANDMASTERLUKE', 'GENERALSKYWALKER', 'HERMITYODA', 'JEDIKNIGHTCAL', 'JEDIKNIGHTLUKE']","['BOSSNASS', 'BOOMADIER', 'CAPTAINTARPALS', 'GUNGANPHALANX', 'JARJARBINKS']",108,91.0,57.06,Seen 108 Win % 91% Avg 57.06,https://swgoh.gg/gac/counters/BOSSNASS/?season_id=CHAMPIONSHIPS_GRAND_ARENA_GA2_EVENT_SEASON_80,3
characters,BOSSNASS,CHAMPIONSHIPS_GRAND_ARENA_GA2_EVENT_SEASON_80,DARTHTRAYA,"['DARTHTRAYA', 'DARTHNIHILUS', 'DARTHSION', 'SAVAGEOPRESS', 'SITHTROOPER']","['BOSSNASS', 'BOOMADIER', 'CAPTAINTARPALS', 'GUNGANPHALANX', 'JARJARBINKS']",455,91.0,58.17,Seen 455 Win % 91% Avg 58.17,https://swgoh.gg/gac/counters/BOSSNASS/?season_id=CHAMPIONSHIPS_GRAND_ARENA_GA2_EVENT_SEASON_80,3
characters,BOSSNASS,CHAMPIONSHIPS_GRAND_ARENA_GA2_EVENT_SEASON_80,DARTHTRAYA,"['DARTHTRAYA', 'DARTHNIHILUS', 'DARTHSION', 'SAVAGEOPRESS', 'SITHMARAUDER']","['BOSSNASS', 'BOOMADIER', 'CAPTAINTARPALS', 'GUNGANPHALANX', 'JARJARBINKS']",348,91.0,58.3,Seen 348 Win % 91% Avg 58.3,https://swgoh.gg/gac/counters/BOSSNASS/?season_id=CHAMPIONSHIPS_GRAND_ARENA_GA2_EVENT_SEASON_80,3
characters,BOSSNASS,CHAMPIONSHIPS_GRAND_ARENA_GA2_EVENT_SEASON_80,DARTHTRAYA,"['DARTHTRAYA', 'DARTHNIHILUS', 'DARTHSION', 'SAVAGEOPRESS', 'SITHASSASSIN']","['BOSSNASS', 'BOOMADIER', 'CAPTAINTARPALS', 'GUNGANPHALANX', 'JARJARBINKS']",194,91.0,57.79,Seen 194 Win % 91% Avg 57.79,https://swgoh.gg/gac/counters/BOSSNASS/?season_id=CHAMPIONSHIPS_GRAND_ARENA_GA2_EVENT_SEASON_80,3
characters,BOSSNASS,CHAMPIONSHIPS_GRAND_ARENA_GA2_EVENT_SEASON_80,DARTHTRAYA,"['DARTHTRAYA', 'DARTHNIHILUS', 'DARTHSION', 'MAUL', 'SAVAGEOPRESS']","['BOSSNASS', 'BOOMADIER', 'CAPTAINTARPALS', 'GUNGANPHALANX', 'JARJARBINKS']",271,91.0,57.64,Seen 271 Win % 91% Avg 57.64,https://swgoh.gg/gac/counters/BOSSNASS/?season_id=CHAMPIONSHIPS_GRAND_ARENA_GA2_EVENT_SEASON_80,3
characters,BOSSNASS,CHAMPIONSHIPS_GRAND_ARENA_GA2_EVENT_SEASON_80,MANDALORBOKATAN,"['MANDALORBOKATAN', 'IG12', 'PAZVIZSLA', 'THEMANDALORIAN', 'THEMANDALORIANBESKARARMOR']","['BOSSNASS', 'BOOMADIER', 'CAPTAINTARPALS', 'GUNGANPHALANX', 'JARJARBINKS']",122,90.0,54.25,Seen 122 Win % 90% Avg 54.25,https://swgoh.gg/gac/counters/BOSSNASS/?season_id=CHAMPIONSHIPS_GRAND_ARENA_GA2_EVENT_SEASON_80,3
characters,BOSSNASS,CHAMPIONSHIPS_GRAND_ARENA_GA2_EVENT_SEASON_80,GRANDMASTERLUKE,"['GRANDMASTERLUKE', 'HERMITYODA', 'JEDIKNIGHTCAL', 'JEDIKNIGHTLUKE', 'SHAAKTI']","['BOSSNASS', 'BOOMADIER', 'CAPTAINTARPALS', 'GUNGANPHALANX', 'JARJARBINKS']",292,90.0,56.21,Seen 292 Win % 90% Avg 56.21,https://swgoh.gg/gac/counters/BOSSNASS/?season_id=CHAMPIONSHIPS_GRAND_ARENA_GA2_EVENT_SEASON_80,3
characters,BOSSNASS,CHAMPIONSHIPS_GRAND_ARENA_GA2_EVENT_SEASON_80,GRANDMASTERLUKE,"['GRANDMASTERLUKE', 'HERMITYODA', 'JEDIKNIGHTCAL', 'JEDIKNIGHTLUKE', 'OLDBENKENOBI']","['BOSSNASS', 'BOOMADIER', 'CAPTAINTARPALS', 'GUNGANPHALANX', 'JARJARBINKS']",149,90.0,55.05,Seen 149 Win % 90% Avg 55.05,https://swgoh.gg/gac/counters/BOSSNASS/?season_id=CHAMPIONSHIPS_GRAND_ARENA_GA2_EVENT_SEASON_80,3
characters,BOSSNASS,CHAMPIONSHIPS_GRAND_ARENA_GA2_EVENT_SEASON_80,DARTHTRAYA,"['DARTHTRAYA', 'DARTHNIHILUS', 'SAVAGEOPRESS']","['BOSSNASS', 'BOOMADIER', 'CAPTAINTARPALS', 'GUNGANPHALANX', 'JARJARBINKS']",168,90.0,60.49,Seen 168 Win % 90% Avg 60.49,https://swgoh.gg/gac/counters/BOSSNASS/?season_id=CHAMPIONSHIPS_GRAND_ARENA_GA2_EVENT_SEASON_80,3
characters,BOSSNASS,CHAMPIONSHIPS_GRAND_ARENA_GA2_EVENT_SEASON_80,GRANDMASTERLUKE,"['GRANDMASTERLUKE', 'GRANDMASTERYODA', 'HERMITYODA', 'JEDIKNIGHTCAL', 'JEDIKNIGHTLUKE']","['BOSSNASS', 'BOOMADIER', 'CAPTAINTARPALS', 'GUNGANPHALANX', 'JARJARBINKS']",716,89.0,55.33,Seen 716 Win % 89% Avg 55.33,https://swgoh.gg/gac/counters/BOSSNASS/?season_id=CHAMPIONSHIPS_GRAND_ARENA_GA2_EVENT_SEASON_80,3
characters,BOSSNASS,CHAMPIONSHIPS_GRAND_ARENA_GA2_EVENT_SEASON_80,GREATMOTHERS,"['GREATMOTHERS', 'ASAJVENTRESS', 'MERRIN', 'MORGANELSBETH', 'NIGHTSISTERSPIRIT']","['BOSSNASS', 'BOOMADIER', 'CAPTAINTARPALS', 'GUNGANPHALANX', 'JARJARBINKS']",107,88.0,56.04,Seen 107 Win % 88% Avg 56.04,https://swgoh.gg/gac/counters/BOSSNASS/?season_id=CHAMPIONSHIPS_GRAND_ARENA_GA2_EVENT_SEASON_80,3
characters,BOSSNASS,CHAMPIONSHIPS_GRAND_ARENA_GA2_EVENT_SEASON_80,GENERALSKYWALKER,"['GENERALSKYWALKER', 'ARCTROOPER501ST', 'CT210408', 'CT5555', 'CT7567']","['BOSSNASS', 'BOOMADIER', 'CAPTAINTARPALS', 'GUNGANPHALANX', 'JARJARBINKS']",865,86.0,50.19,Seen 865 Win % 86% Avg 50.19,https://swgoh.gg/gac/counters/BOSSNASS/?season_id=CHAMPIONSHIPS_GRAND_ARENA_GA2_EVENT_SEASON_80,3
characters,BOSSNASS,CHAMPIONSHIPS_GRAND_ARENA_GA2_EVENT_SEASON_80,HERASYNDULLAS3,"['HERASYNDULLAS3', 'CAPTAINREX', 'CHOPPERS3', 'EZRABRIDGERS3', 'KANANJARRUSS3']","['BOSSNASS', 'BOOMADIER', 'CAPTAINTARPALS', 'GUNGANPHALANX', 'JARJARBINKS']",168,86.0,55.6,Seen 168 Win % 86% Avg 55.6,https://swgoh.gg/gac/counters/BOSSNASS/?season_id=CHAMPIONSHIPS_GRAND_ARENA_GA2_EVENT_SEASON_80,3
characters,BOSSNASS,CHAMPIONSHIPS_GRAND_ARENA_GA2_EVENT_SEASON_80,DARTHTRAYA,"['DARTHTRAYA', 'DARTHNIHILUS', 'DARTHSIDIOUS', 'DARTHSION', 'SAVAGEOPRESS']","['BOSSNASS', 'BOOMADIER', 'CAPTAINTARPALS', 'GUNGANPHALANX', 'JARJARBINKS']",174,86.0,54.93,Seen 174 Win % 86% Avg 54.93,https://swgoh.gg/gac/counters/BOSSNASS/?season_id=CHAMPIONSHIPS_GRAND_ARENA_GA2_EVENT_SEASON_80,3
characters,BOSSNASS,CHAMPIONSHIPS_GRAND_ARENA_GA2_EVENT_SEASON_80,JABBATHEHUTT,"['JABBATHEHUTT', 'BOBAFETT', 'BOUSHH', 'KRRSANTAN', 'UNDERCOVERLANDO']","['BOSSNASS', 'BOOMADIER', 'CAPTAINTARPALS', 'GUNGANPHALANX', 'JARJARBINKS']",155,85.0,54.19,Seen 155 Win % 85% Avg 54.19,https://swgoh.gg/gac/counters/BOSSNASS/?season_id=CHAMPIONSHIPS_GRAND_ARENA_GA2_EVENT_SEASON_80,3
characters,BOSSNASS,CHAMPIONSHIPS_GRAND_ARENA_GA2_EVENT_SEASON_80,GREATMOTHERS,"['GREATMOTHERS', 'ASAJVENTRESS', 'DEATHTROOPERPERIDEA', 'MORGANELSBETH', 'NIGHTTROOPER']","['BOSSNASS', 'BOOMADIER', 'CAPTAINTARPALS', 'GUNGANPHALANX', 'JARJARBINKS']",221,84.0,53.63,Seen 221 Win % 84% Avg 53.63,https://swgoh.gg/gac/counters/BOSSNASS/?season_id=CHAMPIONSHIPS_GRAND_ARENA_GA2_EVENT_SEASON_80,3
characters,BOSSNASS,CHAMPIONSHIPS_GRAND_ARENA_GA2_EVENT_SEASON_80,MONMOTHMA,"['MONMOTHMA', 'CARADUNE', 'KYLEKATARN', 'LUTHENRAEL', 'PAO']","['BOSSNASS', 'BOOMADIER', 'CAPTAINTARPALS', 'GUNGANPHALANX', 'JARJARBINKS']",136,83.0,53.51,Seen 136 Win % 83% Avg 53.51,https://swgoh.gg/gac/counters/BOSSNASS/?season_id=CHAMPIONSHIPS_GRAND_ARENA_GA2_EVENT_SEASON_80,3
characters,BOSSNASS,CHAMPIONSHIPS_GRAND_ARENA_GA2_EVENT_SEASON_80,MONMOTHMA,"['MONMOTHMA', 'HOTHREBELSCOUT', 'KYLEKATARN', 'LUTHENRAEL', 'PAO']","['BOSSNASS', 'BOOMADIER', 'CAPTAINTARPALS', 'GUNGANPHALANX', 'JARJARBINKS']",228,83.0,53.39,Seen 228 Win % 83% Avg 53.39,https://swgoh.gg/gac/counters/BOSSNASS/?season_id=CHAMPIONSHIPS_GRAND_ARENA_GA2_EVENT_SEASON_80,3
characters,BOSSNASS,CHAMPIONSHIPS_GRAND_ARENA_GA2_EVENT_SEASON_80,LORDVADER,"['LORDVADER', 'APPO', 'DISGUISEDCLONETROOPER', 'OPERATIVE', 'SCORCH']","['BOSSNASS', 'BOOMADIER', 'CAPTAINTARPALS', 'GUNGANPHALANX', 'JARJARBINKS']",165,83.0,48.44,Seen 165 Win % 83% Avg 48.44,https://swgoh.gg/gac/counters/BOSSNASS/?season_id=CHAMPIONSHIPS_GRAND_ARENA_GA2_EVENT_SEASON_80,3
characters,BOSSNASS,CHAMPIONSHIPS_GRAND_ARENA_GA2_EVENT_SEASON_80,GREATMOTHERS,"['GREATMOTHERS', 'DEATHTROOPERPERIDEA', 'MORGANELSBETH', 'NIGHTSISTERSPIRIT', 'NIGHTTROOPER']","['BOSSNASS', 'BOOMADIER', 'CAPTAINTARPALS', 'GUNGANPHALANX', 'JARJARBINKS']",2454,82.0,52.68,"Seen 2,454 Win % 82% Avg 52.68",https://swgoh.gg/gac/counters/BOSSNASS/?season_id=CHAMPIONSHIPS_GRAND_ARENA_GA2_EVENT_SEASON_80,3
characters,BOSSNASS,CHAMPIONSHIPS_GRAND_ARENA_GA2_EVENT_SEASON_80,GREATMOTHERS,"['GREATMOTHERS', 'ASAJJDARKDISCIPLE', 'DEATHTROOPERPERIDEA', 'MORGANELSBETH', 'NIGHTTROOPER']","['BOSSNASS', 'BOOMADIER', 'CAPTAINTARPALS', 'GUNGANPHALANX', 'JARJARBINKS']",130,81.0,52.2,Seen 130 Win % 81% Avg 52.2,https://swgoh.gg/gac/counters/BOSSNASS/?season_id=CHAMPIONSHIPS_GRAND_ARENA_GA2_EVENT_SEASON_80,3
characters,BOSSNASS,CHAMPIONSHIPS_GRAND_ARENA_GA2_EVENT_SEASON_80,GREATMOTHERS,"['GREATMOTHERS', 'MORGANELSBETH', 'NIGHTSISTERACOLYTE', 'NIGHTSISTERSPIRIT', 'TALIA']","['BOSSNASS', 'BOOMADIER', 'CAPTAINTARPALS', 'GUNGANPHALANX', 'JARJARBINKS']",126,80.0,50.83,Seen 126 Win % 80% Avg 50.83,https://swgoh.gg/gac/counters/BOSSNASS/?season_id=CHAMPIONSHIPS_GRAND_ARENA_GA2_EVENT_SEASON_80,3
characters,BOSSNASS,CHAMPIONSHIPS_GRAND_ARENA_GA2_EVENT_SEASON_80,HERASYNDULLAS3,"['HERASYNDULLAS3', 'CAPTAINREX', 'CHOPPERS3', 'KANANJARRUSS3', 'SABINEWRENS3']","['BOSSNASS', 'BOOMADIER', 'CAPTAINTARPALS', 'GUNGANPHALANX', 'JARJARBINKS']",960,80.0,52.05,Seen 960 Win % 80% Avg 52.05,https://swgoh.gg/gac/counters/BOSSNASS/?season_id=CHAMPIONSHIPS_GRAND_ARENA_GA2_EVENT_SEASON_80,3
characters,BOSSNASS,CHAMPIONSHIPS_GRAND_ARENA_GA2_EVENT_SEASON_80,BOSSNASS,"['BOSSNASS', 'BOOMADIER', 'CAPTAINTARPALS', 'GUNGANPHALANX', 'JARJARBINKS']","['BOSSNASS', 'BOOMADIER', 'CAPTAINTARPALS', 'GUNGANPHALANX', 'JARJARBINKS']",170,79.0,51.36,Seen 170 Win % 79% Avg 51.36,https://swgoh.gg/gac/counters/BOSSNASS/?season_id=CHAMPIONSHIPS_GRAND_ARENA_GA2_EVENT_SEASON_80,3
characters,BOSSK,CHAMPIONSHIPS_GRAND_ARENA_GA2_EVENT_SEASON_80,COMMANDERLUKESKYWALKER,"['COMMANDERLUKESKYWALKER', 'C3POCHEWBACCA', 'C3POLEGENDARY', 'CHEWBACCALEGENDARY', 'HANSOLO']","['BOSSK', 'FENNECSHAND', 'GREEFKARGA', 'THEMANDALORIAN', 'ZAMWESELL']",32,100.0,64.72,Seen 32 Win % 100% Avg 64.72,https://swgoh.gg/gac/counters/BOSSK/?season_id=CHAMPIONSHIPS_GRAND_ARENA_GA2_EVENT_SEASON_80,4
characters,BOSSK,CHAMPIONSHIPS_GRAND_ARENA_GA2_EVENT_SEASON_80,COMMANDERLUKESKYWALKER,"['COMMANDERLUKESKYWALKER', 'C3POCHEWBACCA', 'C3POLEGENDARY', 'CHEWBACCALEGENDARY', 'HANSOLO']","['BOSSK', 'BOBAFETT', 'CADBANE', 'DENGAR', 'ZAMWESELL']",25,100.0,64.64,Seen 25 Win % 100% Avg 64.64,https://swgoh.gg/gac/counters/BOSSK/?season_id=CHAMPIONSHIPS_GRAND_ARENA_GA2_EVENT_SEASON_80,4
characters,BOSSK,CHAMPIONSHIPS_GRAND_ARENA_GA2_EVENT_SEASON_80,COMMANDERLUKESKYWALKER,"['COMMANDERLUKESKYWALKER', 'C3POCHEWBACCA', 'C3POLEGENDARY', 'CHEWBACCALEGENDARY', 'HANSOLO']","['BOSSK', 'GREEFKARGA', 'JANGOFETT', 'THEMANDALORIAN', 'ZAMWESELL']",24,100.0,64.0,Seen 24 Win % 100% Avg 64,https://swgoh.gg/gac/counters/BOSSK/?season_id=CHAMPIONSHIPS_GRAND_ARENA_GA2_EVENT_SEASON_80,4
characters,BOSSK,CHAMPIONSHIPS_GRAND_ARENA_GA2_EVENT_SEASON_80,COMMANDERLUKESKYWALKER,"['COMMANDERLUKESKYWALKER', 'C3POCHEWBACCA', 'C3POLEGENDARY', 'CHEWBACCALEGENDARY', 'HANSOLO']","['BOSSK', 'BOBAFETT', 'DENGAR', 'FENNECSHAND', 'ZAMWESELL']",16,100.0,64.56,Seen 16 Win % 100% Avg 64.56,https://swgoh.gg/gac/counters/BOSSK/?season_id=CHAMPIONSHIPS_GRAND_ARENA_GA2_EVENT_SEASON_80,4
characters,BOSSK,CHAMPIONSHIPS_GRAND_ARENA_GA2_EVENT_SEASON_80,COMMANDERLUKESKYWALKER,"['COMMANDERLUKESKYWALKER', 'C3POCHEWBACCA', 'C3POLEGENDARY', 'CHEWBACCALEGENDARY', 'HANSOLO']","['BOSSK', 'BOBAFETT', 'DENGAR', 'JANGOFETT', 'ZAMWESELL']",16,100.0,63.44,Seen 16 Win % 100% Avg 63.44,https://swgoh.gg/gac/counters/BOSSK/?season_id=CHAMPIONSHIPS_GRAND_ARENA_GA2_EVENT_SEASON_80,4
characters,BOSSK,CHAMPIONSHIPS_GRAND_ARENA_GA2_EVENT_SEASON_80,COMMANDERLUKESKYWALKER,"['COMMANDERLUKESKYWALKER', 'C3POCHEWBACCA', 'C3POLEGENDARY', 'CHEWBACCALEGENDARY', 'HANSOLO']","['BOSSK', 'AURRA_SING', 'FENNECSHAND', 'JANGOFETT', 'ZAMWESELL']",15,100.0,63.93,Seen 15 Win % 100% Avg 63.93,https://swgoh.gg/gac/counters/BOSSK/?season_id=CHAMPIONSHIPS_GRAND_ARENA_GA2_EVENT_SEASON_80,4
characters,BOSSK,CHAMPIONSHIPS_GRAND_ARENA_GA2_EVENT_SEASON_80,COMMANDERLUKESKYWALKER,"['COMMANDERLUKESKYWALKER', 'C3POCHEWBACCA', 'C3POLEGENDARY', 'CHEWBACCALEGENDARY', 'HANSOLO']","['BOSSK', 'BOBAFETT', 'DENGAR', 'GREEFKARGA', 'THEMANDALORIAN']",14,100.0,64.86,Seen 14 Win % 100% Avg 64.86,https://swgoh.gg/gac/counters/BOSSK/?season_id=CHAMPIONSHIPS_GRAND_ARENA_GA2_EVENT_SEASON_80,4
characters,BOSSK,CHAMPIONSHIPS_GRAND_ARENA_GA2_EVENT_SEASON_80,COMMANDERLUKESKYWALKER,"['COMMANDERLUKESKYWALKER', 'C3POCHEWBACCA', 'C3POLEGENDARY', 'CHEWBACCALEGENDARY', 'HANSOLO']","['BOSSK', 'BOBAFETT', 'GREEFKARGA', 'JANGOFETT', 'THEMANDALORIAN']",14,100.0,64.5,Seen 14 Win % 100% Avg 64.5,https://swgoh.gg/gac/counters/BOSSK/?season_id=CHAMPIONSHIPS_GRAND_ARENA_GA2_EVENT_SEASON_80,4
characters,BOSSK,CHAMPIONSHIPS_GRAND_ARENA_GA2_EVENT_SEASON_80,COMMANDERLUKESKYWALKER,"['COMMANDERLUKESKYWALKER', 'C3POCHEWBACCA', 'C3POLEGENDARY', 'CHEWBACCALEGENDARY', 'HANSOLO']","['BOSSK', 'AURRA_SING', 'BOBAFETT', 'JANGOFETT', 'ZAMWESELL']",13,100.0,63.69,Seen 13 Win % 100% Avg 63.69,https://swgoh.gg/gac/counters/BOSSK/?season_id=CHAMPIONSHIPS_GRAND_ARENA_GA2_EVENT_SEASON_80,4
characters,BOSSK,CHAMPIONSHIPS_GRAND_ARENA_GA2_EVENT_SEASON_80,COMMANDERLUKESKYWALKER,"['COMMANDERLUKESKYWALKER', 'C3POCHEWBACCA', 'C3POLEGENDARY', 'CHEWBACCALEGENDARY', 'HANSOLO']","['BOSSK', 'AURRA_SING', 'CADBANE', 'FENNECSHAND', 'ZAMWESELL']",13,100.0,64.77,Seen 13 Win % 100% Avg 64.77,https://swgoh.gg/gac/counters/BOSSK/?season_id=CHAMPIONSHIPS_GRAND_ARENA_GA2_EVENT_SEASON_80,4
characters,BOSSK,CHAMPIONSHIPS_GRAND_ARENA_GA2_EVENT_SEASON_80,COMMANDERLUKESKYWALKER,"['COMMANDERLUKESKYWALKER', 'C3POCHEWBACCA', 'C3POLEGENDARY', 'CHEWBACCALEGENDARY', 'HANSOLO']","['BOSSK', 'BOBAFETT', 'FENNECSHAND', 'GREEFKARGA', 'THEMANDALORIAN']",13,100.0,65.0,Seen 13 Win % 100% Avg 65,https://swgoh.gg/gac/counters/BOSSK/?season_id=CHAMPIONSHIPS_GRAND_ARENA_GA2_EVENT_SEASON_80,4
characters,BOSSK,CHAMPIONSHIPS_GRAND_ARENA_GA2_EVENT_SEASON_80,COMMANDERLUKESKYWALKER,"['COMMANDERLUKESKYWALKER', 'C3POCHEWBACCA', 'C3POLEGENDARY', 'CHEWBACCALEGENDARY', 'HANSOLO']","['BOSSK', 'DENGAR', 'FENNECSHAND', 'JANGOFETT', 'ZAMWESELL']",13,100.0,64.62,Seen 13 Win % 100% Avg 64.62,https://swgoh.gg/gac/counters/BOSSK/?season_id=CHAMPIONSHIPS_GRAND_ARENA_GA2_EVENT_SEASON_80,4
characters,BOSSK,CHAMPIONSHIPS_GRAND_ARENA_GA2_EVENT_SEASON_80,COMMANDERLUKESKYWALKER,"['COMMANDERLUKESKYWALKER', 'C3POCHEWBACCA', 'C3POLEGENDARY', 'CHEWBACCALEGENDARY', 'HANSOLO']","['BOSSK', 'DENGAR', 'GREEFKARGA', 'THEMANDALORIAN', 'ZAMWESELL']",13,100.0,63.62,Seen 13 Win % 100% Avg 63.62,https://swgoh.gg/gac/counters/BOSSK/?season_id=CHAMPIONSHIPS_GRAND_ARENA_GA2_EVENT_SEASON_80,4
characters,BOSSK,CHAMPIONSHIPS_GRAND_ARENA_GA2_EVENT_SEASON_80,COMMANDERLUKESKYWALKER,"['COMMANDERLUKESKYWALKER', 'C3POCHEWBACCA', 'C3POLEGENDARY', 'CHEWBACCALEGENDARY', 'HANSOLO']","['BOSSK', 'BOBAFETT', 'DENGAR', 'GREEFKARGA', 'ZAMWESELL']",10,100.0,64.2,Seen 10 Win % 100% Avg 64.2,https://swgoh.gg/gac/counters/BOSSK/?season_id=CHAMPIONSHIPS_GRAND_ARENA_GA2_EVENT_SEASON_80,4
characters,BOSSK,CHAMPIONSHIPS_GRAND_ARENA_GA2_EVENT_SEASON_80,COMMANDERLUKESKYWALKER,"['COMMANDERLUKESKYWALKER', 'C3POCHEWBACCA', 'C3POLEGENDARY', 'CHEWBACCALEGENDARY', 'HANSOLO']","['BOSSK', 'DENGAR', 'FENNECSHAND', 'GREEFKARGA', 'THEMANDALORIAN']",10,100.0,64.8,Seen 10 Win % 100% Avg 64.8,https://swgoh.gg/gac/counters/BOSSK/?season_id=CHAMPIONSHIPS_GRAND_ARENA_GA2_EVENT_SEASON_80,4
characters,BOSSK,CHAMPIONSHIPS_GRAND_ARENA_GA2_EVENT_SEASON_80,COMMANDERLUKESKYWALKER,"['COMMANDERLUKESKYWALKER', 'C3POCHEWBACCA', 'C3POLEGENDARY', 'CHEWBACCALEGENDARY', 'HANSOLO']","['BOSSK', 'AURRA_SING', 'BOBAFETT', 'DENGAR', 'ZAMWESELL']",9,100.0,64.89,Seen 9 Win % 100% Avg 64.89,https://swgoh.gg/gac/counters/BOSSK/?season_id=CHAMPIONSHIPS_GRAND_ARENA_GA2_EVENT_SEASON_80,4
characters,BOSSK,CHAMPIONSHIPS_GRAND_ARENA_GA2_EVENT_SEASON_80,COMMANDERLUKESKYWALKER,"['COMMANDERLUKESKYWALKER', 'C3POCHEWBACCA', 'C3POLEGENDARY', 'CHEWBACCALEGENDARY', 'HANSOLO']","['BOSSK', 'AURRA_SING', 'CADBANE', 'DENGAR', 'ZAMWESELL']",9,100.0,64.78,Seen 9 Win % 100% Avg 64.78,https://swgoh.gg/gac/counters/BOSSK/?season_id=CHAMPIONSHIPS_GRAND_ARENA_GA2_EVENT_SEASON_80,4
characters,BOSSK,CHAMPIONSHIPS_GRAND_ARENA_GA2_EVENT_SEASON_80,COMMANDERLUKESKYWALKER,"['COMMANDERLUKESKYWALKER', 'C3POCHEWBACCA', 'C3POLEGENDARY', 'CHEWBACCALEGENDARY', 'HANSOLO']","['BOSSK', 'BOBAFETT', 'DENGAR', 'GREEDO', 'ZAMWESELL']",9,100.0,64.67,Seen 9 Win % 100% Avg 64.67,https://swgoh.gg/gac/counters/BOSSK/?season_id=CHAMPIONSHIPS_GRAND_ARENA_GA2_EVENT_SEASON_80,4
characters,BOSSK,CHAMPIONSHIPS_GRAND_ARENA_GA2_EVENT_SEASON_80,COMMANDERLUKESKYWALKER,"['COMMANDERLUKESKYWALKER', 'C3POCHEWBACCA', 'C3POLEGENDARY', 'CHEWBACCALEGENDARY', 'HANSOLO']","['BOSSK', 'CADBANE', 'FENNECSHAND', 'GREEFKARGA', 'THEMANDALORIAN']",9,100.0,65.0,Seen 9 Win % 100% Avg 65,https://swgoh.gg/gac/counters/BOSSK/?season_id=CHAMPIONSHIPS_GRAND_ARENA_GA2_EVENT_SEASON_80,4
characters,BOSSK,CHAMPIONSHIPS_GRAND_ARENA_GA2_EVENT_SEASON_80,COMMANDERLUKESKYWALKER,"['COMMANDERLUKESKYWALKER', 'C3POCHEWBACCA', 'C3POLEGENDARY', 'CHEWBACCALEGENDARY', 'HANSOLO']","['BOSSK', 'FENNECSHAND', 'GREEFKARGA', 'JANGOFETT', 'THEMANDALORIAN']",9,100.0,64.44,Seen 9 Win % 100% Avg 64.44,https://swgoh.gg/gac/counters/BOSSK/?season_id=CHAMPIONSHIPS_GRAND_ARENA_GA2_EVENT_SEASON_80,4
characters,BOSSK,CHAMPIONSHIPS_GRAND_ARENA_GA2_EVENT_SEASON_80,COMMANDERLUKESKYWALKER,"['COMMANDERLUKESKYWALKER', 'C3POCHEWBACCA', 'C3POLEGENDARY', 'CHEWBACCALEGENDARY', 'HANSOLO']","['BOSSK', 'BOBAFETT', 'BOUSHH', 'DENGAR', 'ZAMWESELL']",8,100.0,63.5,Seen 8 Win % 100% Avg 63.5,https://swgoh.gg/gac/counters/BOSSK/?season_id=CHAMPIONSHIPS_GRAND_ARENA_GA2_EVENT_SEASON_80,4
characters,BOSSK,CHAMPIONSHIPS_GRAND_ARENA_GA2_EVENT_SEASON_80,COMMANDERLUKESKYWALKER,"['COMMANDERLUKESKYWALKER', 'C3POCHEWBACCA', 'C3POLEGENDARY', 'CHEWBACCALEGENDARY', 'HANSOLO']","['BOSSK', 'BOBAFETT', 'DENGAR', 'FENNECSHAND', 'GREEDO']",8,100.0,65.0,Seen 8 Win % 100% Avg 65,https://swgoh.gg/gac/counters/BOSSK/?season_id=CHAMPIONSHIPS_GRAND_ARENA_GA2_EVENT_SEASON_80,4
characters,BOSSK,CHAMPIONSHIPS_GRAND_ARENA_GA2_EVENT_SEASON_80,COMMANDERLUKESKYWALKER,"['COMMANDERLUKESKYWALKER', 'C3POCHEWBACCA', 'C3POLEGENDARY', 'CHEWBACCALEGENDARY', 'HANSOLO']","['BOSSK', 'BOBAFETT', 'DENGAR', 'FENNECSHAND', 'JANGOFETT']",8,100.0,64.25,Seen 8 Win % 100% Avg 64.25,https://swgoh.gg/gac/counters/BOSSK/?season_id=CHAMPIONSHIPS_GRAND_ARENA_GA2_EVENT_SEASON_80,4
characters,BOSSK,CHAMPIONSHIPS_GRAND_ARENA_GA2_EVENT_SEASON_80,COMMANDERLUKESKYWALKER,"['COMMANDERLUKESKYWALKER', 'C3POCHEWBACCA', 'C3POLEGENDARY', 'CHEWBACCALEGENDARY', 'HANSOLO']","['BOSSK', 'BOBAFETT', 'DENGAR', 'EMBO', 'ZAMWESELL']",7,100.0,64.57,Seen 7 Win % 100% Avg 64.57,https://swgoh.gg/gac/counters/BOSSK/?season_id=CHAMPIONSHIPS_GRAND_ARENA_GA2_EVENT_SEASON_80,4
characters,BOSSK,CHAMPIONSHIPS_GRAND_ARENA_GA2_EVENT_SEASON_80,COMMANDERLUKESKYWALKER,"['COMMANDERLUKESKYWALKER', 'C3POCHEWBACCA', 'C3POLEGENDARY', 'CHEWBACCALEGENDARY', 'HANSOLO']","['BOSSK', 'CADBANE', 'DENGAR', 'EMBO', 'ZAMWESELL']",7,100.0,64.71,Seen 7 Win % 100% Avg 64.71,https://swgoh.gg/gac/counters/BOSSK/?season_id=CHAMPIONSHIPS_GRAND_ARENA_GA2_EVENT_SEASON_80,4
characters,BOSSK,CHAMPIONSHIPS_GRAND_ARENA_GA2_EVENT_SEASON_80,COMMANDERLUKESKYWALKER,"['COMMANDERLUKESKYWALKER', 'C3POCHEWBACCA', 'C3POLEGENDARY', 'CHEWBACCALEGENDARY', 'HANSOLO']","['BOSSK', 'DENGAR', 'FENNECSHAND', 'GREEDO', 'ZAMWESELL']",7,100.0,65.0,Seen 7 Win % 100% Avg 65,https://swgoh.gg/gac/counters/BOSSK/?season_id=CHAMPIONSHIPS_GRAND_ARENA_GA2_EVENT_SEASON_80,4
characters,BOSSK,CHAMPIONSHIPS_GRAND_ARENA_GA2_EVENT_SEASON_80,COMMANDERLUKESKYWALKER,"['COMMANDERLUKESKYWALKER', 'C3POCHEWBACCA', 'C3POLEGENDARY', 'CHEWBACCALEGENDARY', 'HANSOLO']","['BOSSK', 'DENGAR', 'FENNECSHAND', 'GREEFKARGA', 'ZAMWESELL']",7,100.0,64.0,Seen 7 Win % 100% Avg 64,https://swgoh.gg/gac/counters/BOSSK/?season_id=CHAMPIONSHIPS_GRAND_ARENA_GA2_EVENT_SEASON_80,4
characters,BOSSK,CHAMPIONSHIPS_GRAND_ARENA_GA2_EVENT_SEASON_80,COMMANDERLUKESKYWALKER,"['COMMANDERLUKESKYWALKER', 'C3POCHEWBACCA', 'C3POLEGENDARY', 'CHEWBACCALEGENDARY', 'HANSOLO']","['BOSSK', 'AURRA_SING', 'BOBAFETT', 'GREEDO', 'ZAMWESELL']",6,100.0,65.0,Seen 6 Win % 100% Avg 65,https://swgoh.gg/gac/counters/BOSSK/?season_id=CHAMPIONSHIPS_GRAND_ARENA_GA2_EVENT_SEASON_80,4
characters,BOSSK,CHAMPIONSHIPS_GRAND_ARENA_GA2_EVENT_SEASON_80,COMMANDERLUKESKYWALKER,"['COMMANDERLUKESKYWALKER', 'C3POCHEWBACCA', 'C3POLEGENDARY', 'CHEWBACCALEGENDARY', 'HANSOLO']","['BOSSK', 'BOBAFETT', 'DENGAR', 'IG88', 'ZAMWESELL']",6,100.0,64.33,Seen 6 Win % 100% Avg 64.33,https://swgoh.gg/gac/counters/BOSSK/?season_id=CHAMPIONSHIPS_GRAND_ARENA_GA2_EVENT_SEASON_80,4
characters,BOSSK,CHAMPIONSHIPS_GRAND_ARENA_GA2_EVENT_SEASON_80,COMMANDERLUKESKYWALKER,"['COMMANDERLUKESKYWALKER', 'C3POCHEWBACCA', 'C3POLEGENDARY', 'CHEWBACCALEGENDARY', 'HANSOLO']","['BOSSK', 'CADBANE', 'DENGAR', 'FENNECSHAND', 'ZAMWESELL']",6,100.0,64.67,Seen 6 Win % 100% Avg 64.67,https://swgoh.gg/gac/counters/BOSSK/?season_id=CHAMPIONSHIPS_GRAND_ARENA_GA2_EVENT_SEASON_80,4
characters,BOSSK,CHAMPIONSHIPS_GRAND_ARENA_GA2_EVENT_SEASON_80,MANDALORBOKATAN,"['MANDALORBOKATAN', 'BOKATAN', 'IG12', 'PAZVIZSLA', 'THEMANDALORIANBESKARARMOR']","['BOSSK', 'BOBAFETT', 'GREEFKARGA', 'THEMANDALORIAN', 'ZAMWESELL']",6,100.0,63.83,Seen 6 Win % 100% Avg 63.83,https://swgoh.gg/gac/counters/BOSSK/?season_id=CHAMPIONSHIPS_GRAND_ARENA_GA2_EVENT_SEASON_80,4
characters,BOSSK,CHAMPIONSHIPS_GRAND_ARENA_GA2_EVENT_SEASON_80,COMMANDERLUKESKYWALKER,"['COMMANDERLUKESKYWALKER', 'C3POCHEWBACCA', 'C3POLEGENDARY', 'CHEWBACCALEGENDARY', 'HANSOLO']","['BOSSK', 'BOBAFETT', 'GREEFKARGA', 'THEMANDALORIAN', 'ZAMWESELL']",57,98.0,63.04,Seen 57 Win % 98% Avg 63.04,https://swgoh.gg/gac/counters/BOSSK/?season_id=CHAMPIONSHIPS_GRAND_ARENA_GA2_EVENT_SEASON_80,4
characters,BOSSK,CHAMPIONSHIPS_GRAND_ARENA_GA2_EVENT_SEASON_80,COMMANDERLUKESKYWALKER,"['COMMANDERLUKESKYWALKER', 'C3POCHEWBACCA', 'C3POLEGENDARY', 'CHEWBACCALEGENDARY', 'HANSOLO']","['BOSSK', 'BOBAFETT', 'FENNECSHAND', 'JANGOFETT', 'ZAMWESELL']",18,94.0,60.61,Seen 18 Win % 94% Avg 60.61,https://swgoh.gg/gac/counters/BOSSK/?season_id=CHAMPIONSHIPS_GRAND_ARENA_GA2_EVENT_SEASON_80,4
characters,GLREY,CHAMPIONSHIPS_GRAND_ARENA_GA2_EVENT_SEASON_80,QUEENAMIDALA,"['QUEENAMIDALA', 'BADBATCHECHO', 'GENERALSKYWALKER', 'MASTERQUIGON', 'PADAWANOBIWAN']","['GLREY', 'BARRISSOFFEE', 'BENSOLO', 'GENERALKENOBI', 'ZAALBAR']",471,98.0,64.09,Seen 471 Win % 98% Avg 64.09,https://swgoh.gg/gac/counters/GLREY/?season_id=CHAMPIONSHIPS_GRAND_ARENA_GA2_EVENT_SEASON_80,1
characters,GLREY,CHAMPIONSHIPS_GRAND_ARENA_GA2_EVENT_SEASON_80,SUPREMELEADERKYLOREN,"['SUPREMELEADERKYLOREN', 'DARKREY', 'FOSITHTROOPER', 'GENERALHUX', 'KYLORENUNMASKED']","['GLREY', 'AMILYNHOLDO', 'BB8', 'BENSOLO', 'REYJEDITRAINING']",750,97.0,55.52,Seen 750 Win % 97% Avg 55.52,https://swgoh.gg/gac/counters/GLREY/?season_id=CHAMPIONSHIPS_GRAND_ARENA_GA2_EVENT_SEASON_80,1
characters,GLREY,CHAMPIONSHIPS_GRAND_ARENA_GA2_EVENT_SEASON_80,QUEENAMIDALA,"['QUEENAMIDALA', 'BADBATCHECHO', 'GENERALSKYWALKER', 'MASTERQUIGON', 'PADAWANOBIWAN']","['GLREY', '50RT', 'BARRISSOFFEE', 'BENSOLO', 'GENERALKENOBI']",439,97.0,62.85,Seen 439 Win % 97% Avg 62.85,https://swgoh.gg/gac/counters/GLREY/?season_id=CHAMPIONSHIPS_GRAND_ARENA_GA2_EVENT_SEASON_80,1
characters,GLREY,CHAMPIONSHIPS_GRAND_ARENA_GA2_EVENT_SEASON_80,SUPREMELEADERKYLOREN,"['SUPREMELEADERKYLOREN', 'DARKREY', 'FOSITHTROOPER', 'GENERALHUX', 'KYLORENUNMASKED']","['GLREY', '50RT', 'BB8', 'BENSOLO', 'REYJEDITRAINING']",376,96.0,55.31,Seen 376 Win % 96% Avg 55.31,https://swgoh.gg/gac/counters/GLREY/?season_id=CHAMPIONSHIPS_GRAND_ARENA_GA2_EVENT_SEASON_80,1
characters,GLREY,CHAMPIONSHIPS_GRAND_ARENA_GA2_EVENT_SEASON_80,STRANGER,"['STRANGER', 'BARRISSOFFEE', 'MAULHATEFUELED', 'STARKILLER', 'VISASMARR']","['GLREY', '50RT', 'BENSOLO', 'CALKESTIS', 'GENERALKENOBI']",567,91.0,56.03,Seen 567 Win % 91% Avg 56.03,https://swgoh.gg/gac/counters/GLREY/?season_id=CHAMPIONSHIPS_GRAND_ARENA_GA2_EVENT_SEASON_80,1
characters,GLREY,CHAMPIONSHIPS_GRAND_ARENA_GA2_EVENT_SEASON_80,SUPREMELEADERKYLOREN,"['SUPREMELEADERKYLOREN', 'DARKREY', 'FOSITHTROOPER', 'GENERALHUX', 'KYLORENUNMASKED']","['GLREY', '50RT', 'BENSOLO', 'CALKESTIS', 'REYJEDITRAINING']",742,91.0,50.87,Seen 742 Win % 91% Avg 50.87,https://swgoh.gg/gac/counters/GLREY/?season_id=CHAMPIONSHIPS_GRAND_ARENA_GA2_EVENT_SEASON_80,1
characters,GLREY,CHAMPIONSHIPS_GRAND_ARENA_GA2_EVENT_SEASON_80,SUPREMELEADERKYLOREN,"['SUPREMELEADERKYLOREN', 'DARKREY', 'FOSITHTROOPER', 'GENERALHUX', 'KYLORENUNMASKED']","['GLREY', 'BENSOLO', 'CALKESTIS', 'LUMINARAUNDULI', 'REYJEDITRAINING']",394,89.0,48.59,Seen 394 Win % 89% Avg 48.59,https://swgoh.gg/gac/counters/GLREY/?season_id=CHAMPIONSHIPS_GRAND_ARENA_GA2_EVENT_SEASON_80,1
characters,GLREY,CHAMPIONSHIPS_GRAND_ARENA_GA2_EVENT_SEASON_80,QUEENAMIDALA,"['QUEENAMIDALA', 'BADBATCHECHO', 'GENERALSKYWALKER', 'MASTERQUIGON', 'PADAWANOBIWAN']","['GLREY', '50RT', 'BENSOLO', 'CALKESTIS', 'GENERALKENOBI']",839,88.0,57.42,Seen 839 Win % 88% Avg 57.42,https://swgoh.gg/gac/counters/GLREY/?season_id=CHAMPIONSHIPS_GRAND_ARENA_GA2_EVENT_SEASON_80,1
characters,GLREY,CHAMPIONSHIPS_GRAND_ARENA_GA2_EVENT_SEASON_80,SUPREMELEADERKYLOREN,"['SUPREMELEADERKYLOREN', 'DARKREY', 'FOSITHTROOPER', 'GENERALHUX', 'KYLORENUNMASKED']","['GLREY', 'BENSOLO', 'CALKESTIS', 'FULCRUMAHSOKA', 'REYJEDITRAINING']",626,88.0,49.36,Seen 626 Win % 88% Avg 49.36,https://swgoh.gg/gac/counters/GLREY/?season_id=CHAMPIONSHIPS_GRAND_ARENA_GA2_EVENT_SEASON_80,1
characters,GLREY,CHAMPIONSHIPS_GRAND_ARENA_GA2_EVENT_SEASON_80,GLLEIA,"['GLLEIA', 'ADMIRALRADDUS', 'CAPTAINDROGAN', 'JYNERSO', 'R2D2_LEGENDARY']","['GLREY', '50RT', 'BENSOLO', 'CALKESTIS', 'GENERALKENOBI']",440,88.0,54.36,Seen 440 Win % 88% Avg 54.36,https://swgoh.gg/gac/counters/GLREY/?season_id=CHAMPIONSHIPS_GRAND_ARENA_GA2_EVENT_SEASON_80,1
characters,GLREY,CHAMPIONSHIPS_GRAND_ARENA_GA2_EVENT_SEASON_80,QUEENAMIDALA,"['QUEENAMIDALA', 'BADBATCHECHO', 'MASTERQUIGON', 'PADAWANOBIWAN', 'SHAAKTI']","['GLREY', '50RT', 'BARRISSOFFEE', 'BENSOLO', 'GENERALKENOBI']",394,87.0,56.42,Seen 394 Win % 87% Avg 56.42,https://swgoh.gg/gac/counters/GLREY/?season_id=CHAMPIONSHIPS_GRAND_ARENA_GA2_EVENT_SEASON_80,1
characters,GLREY,CHAMPIONSHIPS_GRAND_ARENA_GA2_EVENT_SEASON_80,SUPREMELEADERKYLOREN,"['SUPREMELEADERKYLOREN', 'DARKREY', 'FOSITHTROOPER', 'GENERALHUX', 'KYLORENUNMASKED']","['GLREY', '50RT', 'BENSOLO', 'CALKESTIS', 'FULCRUMAHSOKA']",470,85.0,47.14,Seen 470 Win % 85% Avg 47.14,https://swgoh.gg/gac/counters/GLREY/?season_id=CHAMPIONSHIPS_GRAND_ARENA_GA2_EVENT_SEASON_80,1
characters,GLREY,CHAMPIONSHIPS_GRAND_ARENA_GA2_EVENT_SEASON_80,SUPREMELEADERKYLOREN,"['SUPREMELEADERKYLOREN', 'DARKREY', 'FOSITHTROOPER', 'GENERALHUX', 'KYLORENUNMASKED']","['GLREY', '50RT', 'BENSOLO', 'CALKESTIS', 'GENERALKENOBI']",958,84.0,46.54,Seen 958 Win % 84% Avg 46.54,https://swgoh.gg/gac/counters/GLREY/?season_id=CHAMPIONSHIPS_GRAND_ARENA_GA2_EVENT_SEASON_80,1
characters,GLREY,CHAMPIONSHIPS_GRAND_ARENA_GA2_EVENT_SEASON_80,SUPREMELEADERKYLOREN,"['SUPREMELEADERKYLOREN', 'DARKREY', 'FOSITHTROOPER', 'GENERALHUX', 'KYLORENUNMASKED']","['GLREY', 'BENSOLO', 'CALKESTIS', 'GENERALKENOBI', 'LUMINARAUNDULI']",391,84.0,45.27,Seen 391 Win % 84% Avg 45.27,https://swgoh.gg/gac/counters/GLREY/?season_id=CHAMPIONSHIPS_GRAND_ARENA_GA2_EVENT_SEASON_80,1
characters,GLREY,CHAMPIONSHIPS_GRAND_ARENA_GA2_EVENT_SEASON_80,SUPREMELEADERKYLOREN,"['SUPREMELEADERKYLOREN', 'DARKREY', 'FOSITHTROOPER', 'GENERALHUX', 'KYLORENUNMASKED']","['GLREY', 'BARRISSOFFEE', 'BENSOLO', 'CALKESTIS', 'REYJEDITRAINING']",406,83.0,46.62,Seen 406 Win % 83% Avg 46.62,https://swgoh.gg/gac/counters/GLREY/?season_id=CHAMPIONSHIPS_GRAND_ARENA_GA2_EVENT_SEASON_80,1
characters,GLREY,CHAMPIONSHIPS_GRAND_ARENA_GA2_EVENT_SEASON_80,QUEENAMIDALA,"['QUEENAMIDALA', 'BADBATCHECHO', 'GENERALSKYWALKER', 'MASTERQUIGON', 'PADAWANOBIWAN']","['GLREY', 'BARRISSOFFEE', 'BENSOLO', 'CALKESTIS', 'GENERALKENOBI']",388,82.0,53.67,Seen 388 Win % 82% Avg 53.67,https://swgoh.gg/gac/counters/GLREY/?season_id=CHAMPIONSHIPS_GRAND_ARENA_GA2_EVENT_SEASON_80,1
characters,GLREY,CHAMPIONSHIPS_GRAND_ARENA_GA2_EVENT_SEASON_80,SUPREMELEADERKYLOREN,"['SUPREMELEADERKYLOREN', 'DARKREY', 'FOSITHTROOPER', 'GENERALHUX', 'KYLORENUNMASKED']","['GLREY', 'BARRISSOFFEE', 'BENSOLO', 'CALKESTIS', 'GENERALKENOBI']",354,79.0,43.51,Seen 354 Win % 79% Avg 43.51,https://swgoh.gg/gac/counters/GLREY/?season_id=CHAMPIONSHIPS_GRAND_ARENA_GA2_EVENT_SEASON_80,1
characters,GLREY,CHAMPIONSHIPS_GRAND_ARENA_GA2_EVENT_SEASON_80,CEREJUNDA,"['CEREJUNDA', 'CALKESTIS', 'KYLORENUNMASKED', 'MAULS7', 'TARONMALICOS']","['GLREY', '50RT', 'BENSOLO', 'CALKESTIS', 'GENERALKENOBI']",363,77.0,48.19,Seen 363 Win % 77% Avg 48.19,https://swgoh.gg/gac/counters/GLREY/?season_id=CHAMPIONSHIPS_GRAND_ARENA_GA2_EVENT_SEASON_80,1
characters,GLREY,CHAMPIONSHIPS_GRAND_ARENA_GA2_EVENT_SEASON_80,QUEENAMIDALA,"['QUEENAMIDALA', 'BADBATCHECHO', 'MASTERQUIGON', 'PADAWANOBIWAN', 'SHAAKTI']","['GLREY', '50RT', 'BENSOLO', 'CALKESTIS', 'GENERALKENOBI']",964,73.0,47.46,Seen 964 Win % 73% Avg 47.46,https://swgoh.gg/gac/counters/GLREY/?season_id=CHAMPIONSHIPS_GRAND_ARENA_GA2_EVENT_SEASON_80,1
characters,GLREY,CHAMPIONSHIPS_GRAND_ARENA_GA2_EVENT_SEASON_80,CEREJUNDA,"['CEREJUNDA', 'CALKESTIS', 'MAULS7', 'NINTHSISTER', 'TARONMALICOS']","['GLREY', '50RT', 'BENSOLO', 'CALKESTIS', 'GENERALKENOBI']",476,63.0,39.07,Seen 476 Win % 63% Avg 39.07,https://swgoh.gg/gac/counters/GLREY/?season_id=CHAMPIONSHIPS_GRAND_ARENA_GA2_EVENT_SEASON_80,1
characters,GLREY,CHAMPIONSHIPS_GRAND_ARENA_GA2_EVENT_SEASON_80,CEREJUNDA,"['CEREJUNDA', 'FULCRUMAHSOKA', 'KYLORENUNMASKED', 'MAULS7', 'TARONMALICOS']","['GLREY', '50RT', 'BENSOLO', 'CALKESTIS', 'GENERALKENOBI']",362,50.0,30.61,Seen 362 Win % 50% Avg 30.61,https://swgoh.gg/gac/counters/GLREY/?season_id=CHAMPIONSHIPS_GRAND_ARENA_GA2_EVENT_SEASON_80,1
characters,JEDIMASTERMACEWINDU,CHAMPIONSHIPS_GRAND_ARENA_GA2_EVENT_SEASON_80,DARTHMALGUS,"['DARTHMALGUS', 'BASTILASHANDARK', 'DARTHMALAK', 'DARTHREVAN', 'SITHMARAUDER']","['JEDIMASTERMACEWINDU', 'DEPABILLABA', 'JOCASTANU', 'PLOKOON', 'VANGUARDTEMPLEGUARD']",508,99.0,62.55,Seen 508 Win % 99% Avg 62.55,https://swgoh.gg/gac/counters/JEDIMASTERMACEWINDU/?season_id=CHAMPIONSHIPS_GRAND_ARENA_GA2_EVENT_SEASON_80,4
characters,JEDIMASTERMACEWINDU,CHAMPIONSHIPS_GRAND_ARENA_GA2_EVENT_SEASON_80,DARTHTRAYA,"['DARTHTRAYA', 'DARTHMALAK', 'DARTHNIHILUS', 'DARTHTALON', 'SAVAGEOPRESS']","['JEDIMASTERMACEWINDU', 'AAYLASECURA', 'DEPABILLABA', 'JOCASTANU', 'VANGUARDTEMPLEGUARD']",260,99.0,62.58,Seen 260 Win % 99% Avg 62.58,https://swgoh.gg/gac/counters/JEDIMASTERMACEWINDU/?season_id=CHAMPIONSHIPS_GRAND_ARENA_GA2_EVENT_SEASON_80,4
characters,JEDIMASTERMACEWINDU,CHAMPIONSHIPS_GRAND_ARENA_GA2_EVENT_SEASON_80,LORDVADER,"['LORDVADER', 'APPO', 'DISGUISEDCLONETROOPER', 'OPERATIVE', 'SCORCH']","['JEDIMASTERMACEWINDU', 'AAYLASECURA', 'DEPABILLABA', 'JOCASTANU', 'VANGUARDTEMPLEGUARD']",1027,99.0,59.13,"Seen 1,027 Win % 99% Avg 59.13",https://swgoh.gg/gac/counters/JEDIMASTERMACEWINDU/?season_id=CHAMPIONSHIPS_GRAND_ARENA_GA2_EVENT_SEASON_80,4
characters,JEDIMASTERMACEWINDU,CHAMPIONSHIPS_GRAND_ARENA_GA2_EVENT_SEASON_80,GLLEIA,"['GLLEIA', 'ADMIRALRADDUS', 'CAPTAINDROGAN', 'JYNERSO', 'R2D2_LEGENDARY']","['JEDIMASTERMACEWINDU', 'AAYLASECURA', 'DEPABILLABA', 'JOCASTANU', 'VANGUARDTEMPLEGUARD']",344,99.0,63.91,Seen 344 Win % 99% Avg 63.91,https://swgoh.gg/gac/counters/JEDIMASTERMACEWINDU/?season_id=CHAMPIONSHIPS_GRAND_ARENA_GA2_EVENT_SEASON_80,4
characters,JEDIMASTERMACEWINDU,CHAMPIONSHIPS_GRAND_ARENA_GA2_EVENT_SEASON_80,DARTHMALGUS,"['DARTHMALGUS', 'BASTILASHANDARK', 'DARTHMALAK', 'DARTHREVAN', 'SITHMARAUDER']","['JEDIMASTERMACEWINDU', 'BARRISSOFFEE', 'DEPABILLABA', 'JOCASTANU', 'VANGUARDTEMPLEGUARD']",193,98.0,62.19,Seen 193 Win % 98% Avg 62.19,https://swgoh.gg/gac/counters/JEDIMASTERMACEWINDU/?season_id=CHAMPIONSHIPS_GRAND_ARENA_GA2_EVENT_SEASON_80,4
characters,JEDIMASTERMACEWINDU,CHAMPIONSHIPS_GRAND_ARENA_GA2_EVENT_SEASON_80,SUPREMELEADERKYLOREN,"['SUPREMELEADERKYLOREN', 'DARKREY', 'FOSITHTROOPER', 'GENERALHUX', 'KYLORENUNMASKED']","['JEDIMASTERMACEWINDU', 'AAYLASECURA', 'DEPABILLABA', 'JOCASTANU', 'VANGUARDTEMPLEGUARD']",366,98.0,63.39,Seen 366 Win % 98% Avg 63.39,https://swgoh.gg/gac/counters/JEDIMASTERMACEWINDU/?season_id=CHAMPIONSHIPS_GRAND_ARENA_GA2_EVENT_SEASON_80,4
characters,JEDIMASTERMACEWINDU,CHAMPIONSHIPS_GRAND_ARENA_GA2_EVENT_SEASON_80,GRANDMASTERLUKE,"['GRANDMASTERLUKE', 'GRANDMASTERYODA', 'HERMITYODA', 'JEDIKNIGHTCAL', 'JEDIKNIGHTLUKE']","['JEDIMASTERMACEWINDU', 'DEPABILLABA', 'JOCASTANU', 'SHAAKTI', 'VANGUARDTEMPLEGUARD']",361,98.0,61.92,Seen 361 Win % 98% Avg 61.92,https://swgoh.gg/gac/counters/JEDIMASTERMACEWINDU/?season_id=CHAMPIONSHIPS_GRAND_ARENA_GA2_EVENT_SEASON_80,4
characters,JEDIMASTERMACEWINDU,CHAMPIONSHIPS_GRAND_ARENA_GA2_EVENT_SEASON_80,JEDIMASTERKENOBI,"['JEDIMASTERKENOBI', 'AHSOKATANO', 'COMMANDERAHSOKA', 'MACEWINDU', 'PADMEAMIDALA']","['JEDIMASTERMACEWINDU', 'AAYLASECURA', 'DEPABILLABA', 'JOCASTANU', 'VANGUARDTEMPLEGUARD']",377,98.0,63.77,Seen 377 Win % 98% Avg 63.77,https://swgoh.gg/gac/counters/JEDIMASTERMACEWINDU/?season_id=CHAMPIONSHIPS_GRAND_ARENA_GA2_EVENT_SEASON_80,4
characters,JEDIMASTERMACEWINDU,CHAMPIONSHIPS_GRAND_ARENA_GA2_EVENT_SEASON_80,DARTHMALGUS,"['DARTHMALGUS', 'BASTILASHANDARK', 'DARTHMALAK', 'DARTHREVAN', 'SITHMARAUDER']","['JEDIMASTERMACEWINDU', 'DEPABILLABA', 'JOCASTANU', 'SHAAKTI', 'VANGUARDTEMPLEGUARD']",933,98.0,61.43,Seen 933 Win % 98% Avg 61.43,https://swgoh.gg/gac/counters/JEDIMASTERMACEWINDU/?season_id=CHAMPIONSHIPS_GRAND_ARENA_GA2_EVENT_SEASON_80,4
characters,JEDIMASTERMACEWINDU,CHAMPIONSHIPS_GRAND_ARENA_GA2_EVENT_SEASON_80,JEDIMASTERKENOBI,"['JEDIMASTERKENOBI', 'AHSOKATANO', 'COMMANDERAHSOKA', 'GENERALKENOBI', 'PADMEAMIDALA']","['JEDIMASTERMACEWINDU', 'AAYLASECURA', 'DEPABILLABA', 'JOCASTANU', 'VANGUARDTEMPLEGUARD']",736,98.0,63.75,Seen 736 Win % 98% Avg 63.75,https://swgoh.gg/gac/counters/JEDIMASTERMACEWINDU/?season_id=CHAMPIONSHIPS_GRAND_ARENA_GA2_EVENT_SEASON_80,4
characters,JEDIMASTERMACEWINDU,CHAMPIONSHIPS_GRAND_ARENA_GA2_EVENT_SEASON_80,JEDIMASTERKENOBI,"['JEDIMASTERKENOBI', 'AHSOKATANO', 'COMMANDERAHSOKA', 'GENERALKENOBI', 'PADMEAMIDALA']","['JEDIMASTERMACEWINDU', 'DEPABILLABA', 'JOCASTANU', 'KELLERANBEQ', 'VANGUARDTEMPLEGUARD']",236,98.0,63.67,Seen 236 Win % 98% Avg 63.67,https://swgoh.gg/gac/counters/JEDIMASTERMACEWINDU/?season_id=CHAMPIONSHIPS_GRAND_ARENA_GA2_EVENT_SEASON_80,4
characters,JEDIMASTERMACEWINDU,CHAMPIONSHIPS_GRAND_ARENA_GA2_EVENT_SEASON_80,LORDVADER,"['LORDVADER', 'APPO', 'DISGUISEDCLONETROOPER', 'OPERATIVE', 'SCORCH']","['JEDIMASTERMACEWINDU', 'DEPABILLABA', 'JOCASTANU', 'KELLERANBEQ', 'VANGUARDTEMPLEGUARD']",234,98.0,58.56,Seen 234 Win % 98% Avg 58.56,https://swgoh.gg/gac/counters/JEDIMASTERMACEWINDU/?season_id=CHAMPIONSHIPS_GRAND_ARENA_GA2_EVENT_SEASON_80,4
characters,JEDIMASTERMACEWINDU,CHAMPIONSHIPS_GRAND_ARENA_GA2_EVENT_SEASON_80,THIRDSISTER,"['THIRDSISTER', 'FIFTHBROTHER', 'GRANDINQUISITOR', 'INQUISITORBARRISS', 'SEVENTHSISTER']","['JEDIMASTERMACEWINDU', 'DEPABILLABA', 'JOCASTANU', 'KELLERANBEQ', 'VANGUARDTEMPLEGUARD']",271,98.0,63.46,Seen 271 Win % 98% Avg 63.46,https://swgoh.gg/gac/counters/JEDIMASTERMACEWINDU/?season_id=CHAMPIONSHIPS_GRAND_ARENA_GA2_EVENT_SEASON_80,4
characters,JEDIMASTERMACEWINDU,CHAMPIONSHIPS_GRAND_ARENA_GA2_EVENT_SEASON_80,GRANDMASTERLUKE,"['GRANDMASTERLUKE', 'GENERALSKYWALKER', 'HERMITYODA', 'JEDIKNIGHTCAL', 'JEDIKNIGHTLUKE']","['JEDIMASTERMACEWINDU', 'AAYLASECURA', 'DEPABILLABA', 'JOCASTANU', 'VANGUARDTEMPLEGUARD']",935,98.0,62.46,Seen 935 Win % 98% Avg 62.46,https://swgoh.gg/gac/counters/JEDIMASTERMACEWINDU/?season_id=CHAMPIONSHIPS_GRAND_ARENA_GA2_EVENT_SEASON_80,4
characters,JEDIMASTERMACEWINDU,CHAMPIONSHIPS_GRAND_ARENA_GA2_EVENT_SEASON_80,GRANDMASTERLUKE,"['GRANDMASTERLUKE', 'HERMITYODA', 'JEDIKNIGHTCAL', 'JEDIKNIGHTLUKE', 'OLDBENKENOBI']","['JEDIMASTERMACEWINDU', 'DEPABILLABA', 'JOCASTANU', 'KELLERANBEQ', 'VANGUARDTEMPLEGUARD']",238,97.0,61.78,Seen 238 Win % 97% Avg 61.78,https://swgoh.gg/gac/counters/JEDIMASTERMACEWINDU/?season_id=CHAMPIONSHIPS_GRAND_ARENA_GA2_EVENT_SEASON_80,4
characters,JEDIMASTERMACEWINDU,CHAMPIONSHIPS_GRAND_ARENA_GA2_EVENT_SEASON_80,GRANDMASTERLUKE,"['GRANDMASTERLUKE', 'HERMITYODA', 'JEDIKNIGHTCAL', 'JEDIKNIGHTLUKE', 'JEDIKNIGHTREVAN']","['JEDIMASTERMACEWINDU', 'DEPABILLABA', 'JOCASTANU', 'KELLERANBEQ', 'VANGUARDTEMPLEGUARD']",311,97.0,62.08,Seen 311 Win % 97% Avg 62.08,https://swgoh.gg/gac/counters/JEDIMASTERMACEWINDU/?season_id=CHAMPIONSHIPS_GRAND_ARENA_GA2_EVENT_SEASON_80,4
characters,JEDIMASTERMACEWINDU,CHAMPIONSHIPS_GRAND_ARENA_GA2_EVENT_SEASON_80,GRANDMASTERLUKE,"['GRANDMASTERLUKE', 'GRANDMASTERYODA', 'HERMITYODA', 'JEDIKNIGHTCAL', 'JEDIKNIGHTLUKE']","['JEDIMASTERMACEWINDU', 'DEPABILLABA', 'JOCASTANU', 'KELLERANBEQ', 'VANGUARDTEMPLEGUARD']",1071,97.0,61.41,"Seen 1,071 Win % 97% Avg 61.41",https://swgoh.gg/gac/counters/JEDIMASTERMACEWINDU/?season_id=CHAMPIONSHIPS_GRAND_ARENA_GA2_EVENT_SEASON_80,4
characters,JEDIMASTERMACEWINDU,CHAMPIONSHIPS_GRAND_ARENA_GA2_EVENT_SEASON_80,GRANDMASTERLUKE,"['GRANDMASTERLUKE', 'HERMITYODA', 'JEDIKNIGHTCAL', 'JEDIKNIGHTLUKE', 'JEDIKNIGHTREVAN']","['JEDIMASTERMACEWINDU', 'AAYLASECURA', 'DEPABILLABA', 'JOCASTANU', 'VANGUARDTEMPLEGUARD']",1217,97.0,61.22,"Seen 1,217 Win % 97% Avg 61.22",https://swgoh.gg/gac/counters/JEDIMASTERMACEWINDU/?season_id=CHAMPIONSHIPS_GRAND_ARENA_GA2_EVENT_SEASON_80,4
characters,JEDIMASTERMACEWINDU,CHAMPIONSHIPS_GRAND_ARENA_GA2_EVENT_SEASON_80,DARTHTRAYA,"['DARTHTRAYA', 'DARTHNIHILUS', 'DARTHSION', 'DARTHTALON', 'SAVAGEOPRESS']","['JEDIMASTERMACEWINDU', 'DEPABILLABA', 'JOCASTANU', 'PLOKOON', 'VANGUARDTEMPLEGUARD']",323,96.0,62.15,Seen 323 Win % 96% Avg 62.15,https://swgoh.gg/gac/counters/JEDIMASTERMACEWINDU/?season_id=CHAMPIONSHIPS_GRAND_ARENA_GA2_EVENT_SEASON_80,4
characters,JEDIMASTERMACEWINDU,CHAMPIONSHIPS_GRAND_ARENA_GA2_EVENT_SEASON_80,DARTHMALGUS,"['DARTHMALGUS', 'BASTILASHANDARK', 'DARTHMALAK', 'DARTHREVAN', 'SITHMARAUDER']","['JEDIMASTERMACEWINDU', 'DEPABILLABA', 'JOCASTANU', 'KELLERANBEQ', 'VANGUARDTEMPLEGUARD']",2732,96.0,60.6,"Seen 2,732 Win % 96% Avg 60.6",https://swgoh.gg/gac/counters/JEDIMASTERMACEWINDU/?season_id=CHAMPIONSHIPS_GRAND_ARENA_GA2_EVENT_SEASON_80,4
characters,JEDIMASTERMACEWINDU,CHAMPIONSHIPS_GRAND_ARENA_GA2_EVENT_SEASON_80,GRANDMASTERLUKE,"['GRANDMASTERLUKE', 'HERMITYODA', 'JEDIKNIGHTCAL', 'JEDIKNIGHTLUKE', 'SHAAKTI']","['JEDIMASTERMACEWINDU', 'DEPABILLABA', 'JOCASTANU', 'KELLERANBEQ', 'VANGUARDTEMPLEGUARD']",307,96.0,61.71,Seen 307 Win % 96% Avg 61.71,https://swgoh.gg/gac/counters/JEDIMASTERMACEWINDU/?season_id=CHAMPIONSHIPS_GRAND_ARENA_GA2_EVENT_SEASON_80,4
characters,JEDIMASTERMACEWINDU,CHAMPIONSHIPS_GRAND_ARENA_GA2_EVENT_SEASON_80,GRANDMASTERLUKE,"['GRANDMASTERLUKE', 'ANAKINKNIGHT', 'HERMITYODA', 'JEDIKNIGHTCAL', 'JEDIKNIGHTLUKE']","['JEDIMASTERMACEWINDU', 'AAYLASECURA', 'DEPABILLABA', 'JOCASTANU', 'VANGUARDTEMPLEGUARD']",364,96.0,60.61,Seen 364 Win % 96% Avg 60.61,https://swgoh.gg/gac/counters/JEDIMASTERMACEWINDU/?season_id=CHAMPIONSHIPS_GRAND_ARENA_GA2_EVENT_SEASON_80,4
characters,JEDIMASTERMACEWINDU,CHAMPIONSHIPS_GRAND_ARENA_GA2_EVENT_SEASON_80,GRANDMASTERLUKE,"['GRANDMASTERLUKE', 'HERMITYODA', 'JEDIKNIGHTCAL', 'JEDIKNIGHTLUKE', 'SHAAKTI']","['JEDIMASTERMACEWINDU', 'AAYLASECURA', 'DEPABILLABA', 'JOCASTANU', 'VANGUARDTEMPLEGUARD']",2030,96.0,60.89,"Seen 2,030 Win % 96% Avg 60.89",https://swgoh.gg/gac/counters/JEDIMASTERMACEWINDU/?season_id=CHAMPIONSHIPS_GRAND_ARENA_GA2_EVENT_SEASON_80,4
characters,JEDIMASTERMACEWINDU,CHAMPIONSHIPS_GRAND_ARENA_GA2_EVENT_SEASON_80,DARTHTRAYA,"['DARTHTRAYA', 'DARTHNIHILUS', 'DARTHSION', 'DARTHTALON', 'SAVAGEOPRESS']","['JEDIMASTERMACEWINDU', 'DEPABILLABA', 'JOCASTANU', 'SHAAKTI', 'VANGUARDTEMPLEGUARD']",653,96.0,61.5,Seen 653 Win % 96% Avg 61.5,https://swgoh.gg/gac/counters/JEDIMASTERMACEWINDU/?season_id=CHAMPIONSHIPS_GRAND_ARENA_GA2_EVENT_SEASON_80,4
characters,JEDIMASTERMACEWINDU,CHAMPIONSHIPS_GRAND_ARENA_GA2_EVENT_SEASON_80,SITHPALPATINE,"['SITHPALPATINE', 'DARTHBANE']","['JEDIMASTERMACEWINDU', 'AAYLASECURA', 'DEPABILLABA', 'JOCASTANU', 'VANGUARDTEMPLEGUARD']",925,96.0,63.65,Seen 925 Win % 96% Avg 63.65,https://swgoh.gg/gac/counters/JEDIMASTERMACEWINDU/?season_id=CHAMPIONSHIPS_GRAND_ARENA_GA2_EVENT_SEASON_80,4
characters,JEDIMASTERMACEWINDU,CHAMPIONSHIPS_GRAND_ARENA_GA2_EVENT_SEASON_80,DARTHTRAYA,"['DARTHTRAYA', 'DARTHNIHILUS', 'DARTHTALON', 'SAVAGEOPRESS', 'VADER']","['JEDIMASTERMACEWINDU', 'AAYLASECURA', 'DEPABILLABA', 'JOCASTANU', 'VANGUARDTEMPLEGUARD']",444,95.0,61.25,Seen 444 Win % 95% Avg 61.25,https://swgoh.gg/gac/counters/JEDIMASTERMACEWINDU/?season_id=CHAMPIONSHIPS_GRAND_ARENA_GA2_EVENT_SEASON_80,4
characters,JEDIMASTERMACEWINDU,CHAMPIONSHIPS_GRAND_ARENA_GA2_EVENT_SEASON_80,GLHONDO,"['GLHONDO', 'BRUTUS', 'CAPTAINSILVO', 'SM33', 'VANE']","['JEDIMASTERMACEWINDU', 'AAYLASECURA', 'DEPABILLABA', 'JOCASTANU', 'VANGUARDTEMPLEGUARD']",193,95.0,61.1,Seen 193 Win % 95% Avg 61.1,https://swgoh.gg/gac/counters/JEDIMASTERMACEWINDU/?season_id=CHAMPIONSHIPS_GRAND_ARENA_GA2_EVENT_SEASON_80,4
characters,JEDIMASTERMACEWINDU,CHAMPIONSHIPS_GRAND_ARENA_GA2_EVENT_SEASON_80,GRANDMASTERLUKE,"['GRANDMASTERLUKE', 'BARRISSOFFEE', 'HERMITYODA', 'JEDIKNIGHTCAL', 'JEDIKNIGHTLUKE']","['JEDIMASTERMACEWINDU', 'AAYLASECURA', 'DEPABILLABA', 'JOCASTANU', 'VANGUARDTEMPLEGUARD']",408,95.0,60.01,Seen 408 Win % 95% Avg 60.01,https://swgoh.gg/gac/counters/JEDIMASTERMACEWINDU/?season_id=CHAMPIONSHIPS_GRAND_ARENA_GA2_EVENT_SEASON_80,4
characters,JEDIMASTERMACEWINDU,CHAMPIONSHIPS_GRAND_ARENA_GA2_EVENT_SEASON_80,GRANDMASTERLUKE,"['GRANDMASTERLUKE', 'HERMITYODA', 'JEDIKNIGHTCAL', 'JEDIKNIGHTLUKE', 'YODACHEWBACCA']","['JEDIMASTERMACEWINDU', 'AAYLASECURA', 'DEPABILLABA', 'JOCASTANU', 'VANGUARDTEMPLEGUARD']",407,95.0,60.03,Seen 407 Win % 95% Avg 60.03,https://swgoh.gg/gac/counters/JEDIMASTERMACEWINDU/?season_id=CHAMPIONSHIPS_GRAND_ARENA_GA2_EVENT_SEASON_80,4
characters,JEDIMASTERMACEWINDU,CHAMPIONSHIPS_GRAND_ARENA_GA2_EVENT_SEASON_80,GRANDMASTERLUKE,"['GRANDMASTERLUKE', 'HERMITYODA', 'JEDIKNIGHTCAL', 'JEDIKNIGHTLUKE', 'OLDBENKENOBI']","['JEDIMASTERMACEWINDU', 'AAYLASECURA', 'DEPABILLABA', 'JOCASTANU', 'VANGUARDTEMPLEGUARD']",919,95.0,59.97,Seen 919 Win % 95% Avg 59.97,https://swgoh.gg/gac/counters/JEDIMASTERMACEWINDU/?season_id=CHAMPIONSHIPS_GRAND_ARENA_GA2_EVENT_SEASON_80,4
characters,JEDIMASTERMACEWINDU,CHAMPIONSHIPS_GRAND_ARENA_GA2_EVENT_SEASON_80,GRANDMASTERLUKE,"['GRANDMASTERLUKE', 'GRANDMASTERYODA', 'HERMITYODA', 'JEDIKNIGHTCAL', 'JEDIKNIGHTLUKE']","['JEDIMASTERMACEWINDU', 'AAYLASECURA', 'DEPABILLABA', 'JOCASTANU', 'VANGUARDTEMPLEGUARD']",5299,95.0,59.77,"Seen 5,299 Win % 95% Avg 59.77",https://swgoh.gg/gac/counters/JEDIMASTERMACEWINDU/?season_id=CHAMPIONSHIPS_GRAND_ARENA_GA2_EVENT_SEASON_80,4
characters,JEDIMASTERMACEWINDU,CHAMPIONSHIPS_GRAND_ARENA_GA2_EVENT_SEASON_80,DARTHTRAYA,"['DARTHTRAYA', 'DARTHNIHILUS', 'DARTHSION', 'DARTHTALON', 'SAVAGEOPRESS']","['JEDIMASTERMACEWINDU', 'AAYLASECURA', 'DEPABILLABA', 'JOCASTANU', 'VANGUARDTEMPLEGUARD']",9023,95.0,61.01,"Seen 9,023 Win % 95% Avg 61.01",https://swgoh.gg/gac/counters/JEDIMASTERMACEWINDU/?season_id=CHAMPIONSHIPS_GRAND_ARENA_GA2_EVENT_SEASON_80,4
characters,JEDIMASTERMACEWINDU,CHAMPIONSHIPS_GRAND_ARENA_GA2_EVENT_SEASON_80,DARTHTRAYA,"['DARTHTRAYA', 'DARTHNIHILUS', 'DARTHTALON', 'SAVAGEOPRESS']","['JEDIMASTERMACEWINDU', 'AAYLASECURA', 'DEPABILLABA', 'JOCASTANU', 'VANGUARDTEMPLEGUARD']",380,95.0,62.1,Seen 380 Win % 95% Avg 62.1,https://swgoh.gg/gac/counters/JEDIMASTERMACEWINDU/?season_id=CHAMPIONSHIPS_GRAND_ARENA_GA2_EVENT_SEASON_80,4
characters,JEDIMASTERMACEWINDU,CHAMPIONSHIPS_GRAND_ARENA_GA2_EVENT_SEASON_80,THIRDSISTER,"['THIRDSISTER', 'EIGHTHBROTHER', 'FIFTHBROTHER', 'GRANDINQUISITOR', 'SEVENTHSISTER']","['JEDIMASTERMACEWINDU', 'DEPABILLABA', 'JOCASTANU', 'KELLERANBEQ', 'VANGUARDTEMPLEGUARD']",537,94.0,60.39,Seen 537 Win % 94% Avg 60.39,https://swgoh.gg/gac/counters/JEDIMASTERMACEWINDU/?season_id=CHAMPIONSHIPS_GRAND_ARENA_GA2_EVENT_SEASON_80,4
characters,JEDIMASTERMACEWINDU,CHAMPIONSHIPS_GRAND_ARENA_GA2_EVENT_SEASON_80,GRANDMASTERLUKE,"['GRANDMASTERLUKE', 'HERMITYODA', 'JEDIKNIGHTCAL', 'JEDIKNIGHTLUKE', 'KIADIMUNDI']","['JEDIMASTERMACEWINDU', 'AAYLASECURA', 'DEPABILLABA', 'JOCASTANU', 'VANGUARDTEMPLEGUARD']",330,94.0,59.58,Seen 330 Win % 94% Avg 59.58,https://swgoh.gg/gac/counters/JEDIMASTERMACEWINDU/?season_id=CHAMPIONSHIPS_GRAND_ARENA_GA2_EVENT_SEASON_80,4
characters,JEDIMASTERMACEWINDU,CHAMPIONSHIPS_GRAND_ARENA_GA2_EVENT_SEASON_80,GRANDMASTERLUKE,"['GRANDMASTERLUKE', 'EZRABRIDGERS3', 'HERMITYODA', 'JEDIKNIGHTCAL', 'JEDIKNIGHTLUKE']","['JEDIMASTERMACEWINDU', 'AAYLASECURA', 'DEPABILLABA', 'JOCASTANU', 'VANGUARDTEMPLEGUARD']",268,94.0,59.07,Seen 268 Win % 94% Avg 59.07,https://swgoh.gg/gac/counters/JEDIMASTERMACEWINDU/?season_id=CHAMPIONSHIPS_GRAND_ARENA_GA2_EVENT_SEASON_80,4
characters,JEDIMASTERMACEWINDU,CHAMPIONSHIPS_GRAND_ARENA_GA2_EVENT_SEASON_80,GRANDMASTERLUKE,"['GRANDMASTERLUKE', 'HERMITYODA', 'JEDIKNIGHTCAL', 'JEDIKNIGHTLUKE', 'PLOKOON']","['JEDIMASTERMACEWINDU', 'AAYLASECURA', 'DEPABILLABA', 'JOCASTANU', 'VANGUARDTEMPLEGUARD']",634,94.0,59.5,Seen 634 Win % 94% Avg 59.5,https://swgoh.gg/gac/counters/JEDIMASTERMACEWINDU/?season_id=CHAMPIONSHIPS_GRAND_ARENA_GA2_EVENT_SEASON_80,4
characters,JEDIMASTERMACEWINDU,CHAMPIONSHIPS_GRAND_ARENA_GA2_EVENT_SEASON_80,GRANDMASTERLUKE,"['GRANDMASTERLUKE', 'HERMITYODA', 'JEDIKNIGHTCAL', 'JEDIKNIGHTLUKE', 'MACEWINDU']","['JEDIMASTERMACEWINDU', 'AAYLASECURA', 'DEPABILLABA', 'JOCASTANU', 'VANGUARDTEMPLEGUARD']",358,94.0,59.14,Seen 358 Win % 94% Avg 59.14,https://swgoh.gg/gac/counters/JEDIMASTERMACEWINDU/?season_id=CHAMPIONSHIPS_GRAND_ARENA_GA2_EVENT_SEASON_80,4
characters,JEDIMASTERMACEWINDU,CHAMPIONSHIPS_GRAND_ARENA_GA2_EVENT_SEASON_80,GRANDMASTERLUKE,"['GRANDMASTERLUKE', 'HERMITYODA', 'JEDIKNIGHTCAL', 'JEDIKNIGHTLUKE']","['JEDIMASTERMACEWINDU', 'AAYLASECURA', 'DEPABILLABA', 'JOCASTANU', 'VANGUARDTEMPLEGUARD']",728,93.0,60.42,Seen 728 Win % 93% Avg 60.42,https://swgoh.gg/gac/counters/JEDIMASTERMACEWINDU/?season_id=CHAMPIONSHIPS_GRAND_ARENA_GA2_EVENT_SEASON_80,4
characters,JEDIMASTERMACEWINDU,CHAMPIONSHIPS_GRAND_ARENA_GA2_EVENT_SEASON_80,DARTHTRAYA,"['DARTHTRAYA', 'DARTHNIHILUS', 'DARTHSION', 'DARTHTALON', 'SAVAGEOPRESS']","['JEDIMASTERMACEWINDU', 'DEPABILLABA', 'JOCASTANU', 'KELLERANBEQ', 'VANGUARDTEMPLEGUARD']",1958,93.0,59.72,"Seen 1,958 Win % 93% Avg 59.72",https://swgoh.gg/gac/counters/JEDIMASTERMACEWINDU/?season_id=CHAMPIONSHIPS_GRAND_ARENA_GA2_EVENT_SEASON_80,4
characters,JEDIMASTERMACEWINDU,CHAMPIONSHIPS_GRAND_ARENA_GA2_EVENT_SEASON_80,GRANDMASTERLUKE,"['GRANDMASTERLUKE', 'HERMITYODA', 'JEDIKNIGHTCAL', 'JEDIKNIGHTLUKE', 'KELLERANBEQ']","['JEDIMASTERMACEWINDU', 'AAYLASECURA', 'DEPABILLABA', 'JOCASTANU', 'VANGUARDTEMPLEGUARD']",267,92.0,57.71,Seen 267 Win % 92% Avg 57.71,https://swgoh.gg/gac/counters/JEDIMASTERMACEWINDU/?season_id=CHAMPIONSHIPS_GRAND_ARENA_GA2_EVENT_SEASON_80,4
characters,JEDIMASTERMACEWINDU,CHAMPIONSHIPS_GRAND_ARENA_GA2_EVENT_SEASON_80,DARTHTRAYA,"['DARTHTRAYA', 'DARTHNIHILUS', 'DARTHTALON', 'SAVAGEOPRESS', 'SITHTROOPER']","['JEDIMASTERMACEWINDU', 'AAYLASECURA', 'DEPABILLABA', 'JOCASTANU', 'VANGUARDTEMPLEGUARD']",216,91.0,58.56,Seen 216 Win % 91% Avg 58.56,https://swgoh.gg/gac/counters/JEDIMASTERMACEWINDU/?season_id=CHAMPIONSHIPS_GRAND_ARENA_GA2_EVENT_SEASON_80,4
characters,JEDIMASTERMACEWINDU,CHAMPIONSHIPS_GRAND_ARENA_GA2_EVENT_SEASON_80,SITHPALPATINE,"['SITHPALPATINE', 'DARTHSIDIOUS', 'MAUL', 'SITHTROOPER', 'WATTAMBOR']","['JEDIMASTERMACEWINDU', 'AAYLASECURA', 'DEPABILLABA', 'JOCASTANU', 'VANGUARDTEMPLEGUARD']",210,90.0,48.74,Seen 210 Win % 90% Avg 48.74,https://swgoh.gg/gac/counters/JEDIMASTERMACEWINDU/?season_id=CHAMPIONSHIPS_GRAND_ARENA_GA2_EVENT_SEASON_80,4
characters,JEDIMASTERMACEWINDU,CHAMPIONSHIPS_GRAND_ARENA_GA2_EVENT_SEASON_80,DARTHBANE,"['DARTHBANE', 'COUNTDOOKU']","['JEDIMASTERMACEWINDU', 'AAYLASECURA', 'DEPABILLABA', 'JOCASTANU', 'VANGUARDTEMPLEGUARD']",276,88.0,57.5,Seen 276 Win % 88% Avg 57.5,https://swgoh.gg/gac/counters/JEDIMASTERMACEWINDU/?season_id=CHAMPIONSHIPS_GRAND_ARENA_GA2_EVENT_SEASON_80,4
characters,JEDIMASTERMACEWINDU,CHAMPIONSHIPS_GRAND_ARENA_GA2_EVENT_SEASON_80,SATELESHAN,"['SATELESHAN', 'BASTILASHAN', 'JEDIKNIGHTREVAN', 'JOLEEBINDO', 'JUHANI']","['JEDIMASTERMACEWINDU', 'AAYLASECURA', 'DEPABILLABA', 'JOCASTANU', 'VANGUARDTEMPLEGUARD']",565,85.0,54.71,Seen 565 Win % 85% Avg 54.71,https://swgoh.gg/gac/counters/JEDIMASTERMACEWINDU/?season_id=CHAMPIONSHIPS_GRAND_ARENA_GA2_EVENT_SEASON_80,4
characters,JEDIMASTERMACEWINDU,CHAMPIONSHIPS_GRAND_ARENA_GA2_EVENT_SEASON_80,THIRDSISTER,"['THIRDSISTER', 'EIGHTHBROTHER', 'FIFTHBROTHER', 'GRANDINQUISITOR', 'SEVENTHSISTER']","['JEDIMASTERMACEWINDU', 'AAYLASECURA', 'DEPABILLABA', 'JOCASTANU', 'VANGUARDTEMPLEGUARD']",1791,82.0,52.13,"Seen 1,791 Win % 82% Avg 52.13",https://swgoh.gg/gac/counters/JEDIMASTERMACEWINDU/?season_id=CHAMPIONSHIPS_GRAND_ARENA_GA2_EVENT_SEASON_80,4
characters,JEDIMASTERMACEWINDU,CHAMPIONSHIPS_GRAND_ARENA_GA2_EVENT_SEASON_80,THIRDSISTER,"['THIRDSISTER', 'FIFTHBROTHER', 'GRANDINQUISITOR', 'INQUISITORBARRISS', 'SEVENTHSISTER']","['JEDIMASTERMACEWINDU', 'AAYLASECURA', 'DEPABILLABA', 'JOCASTANU', 'VANGUARDTEMPLEGUARD']",996,81.0,51.72,Seen 996 Win % 81% Avg 51.72,https://swgoh.gg/gac/counters/JEDIMASTERMACEWINDU/?season_id=CHAMPIONSHIPS_GRAND_ARENA_GA2_EVENT_SEASON_80,4
characters,JEDIMASTERMACEWINDU,CHAMPIONSHIPS_GRAND_ARENA_GA2_EVENT_SEASON_80,DARTHMALGUS,"['DARTHMALGUS', 'BASTILASHANDARK', 'DARTHMALAK', 'DARTHREVAN', 'DARTHTALON']","['JEDIMASTERMACEWINDU', 'AAYLASECURA', 'DEPABILLABA', 'JOCASTANU', 'VANGUARDTEMPLEGUARD']",334,80.0,49.84,Seen 334 Win % 80% Avg 49.84,https://swgoh.gg/gac/counters/JEDIMASTERMACEWINDU/?season_id=CHAMPIONSHIPS_GRAND_ARENA_GA2_EVENT_SEASON_80,4
characters,JEDIMASTERMACEWINDU,CHAMPIONSHIPS_GRAND_ARENA_GA2_EVENT_SEASON_80,DARTHMALGUS,"['DARTHMALGUS', 'BASTILASHANDARK', 'DARTHMALAK', 'DARTHREVAN', 'SITHASSASSIN']","['JEDIMASTERMACEWINDU', 'AAYLASECURA', 'DEPABILLABA', 'JOCASTANU', 'VANGUARDTEMPLEGUARD']",703,80.0,50.2,Seen 703 Win % 80% Avg 50.2,https://swgoh.gg/gac/counters/JEDIMASTERMACEWINDU/?season_id=CHAMPIONSHIPS_GRAND_ARENA_GA2_EVENT_SEASON_80,4
characters,JEDIMASTERMACEWINDU,CHAMPIONSHIPS_GRAND_ARENA_GA2_EVENT_SEASON_80,JEDIMASTERMACEWINDU,"['JEDIMASTERMACEWINDU', 'AAYLASECURA', 'DEPABILLABA', 'JOCASTANU', 'VANGUARDTEMPLEGUARD']","['JEDIMASTERMACEWINDU', 'AAYLASECURA', 'DEPABILLABA', 'JOCASTANU', 'VANGUARDTEMPLEGUARD']",256,80.0,50.91,Seen 256 Win % 80% Avg 50.91,https://swgoh.gg/gac/counters/JEDIMASTERMACEWINDU/?season_id=CHAMPIONSHIPS_GRAND_ARENA_GA2_EVENT_SEASON_80,4
characters,JEDIMASTERKENOBI,CHAMPIONSHIPS_GRAND_ARENA_GA2_EVENT_SEASON_80,JEDIMASTERKENOBI,"['JEDIMASTERKENOBI', 'AHSOKATANO', 'COMMANDERAHSOKA', 'GENERALKENOBI', 'PADMEAMIDALA']","['JEDIMASTERKENOBI', 'AHSOKATANO', 'COMMANDERAHSOKA', 'GENERALKENOBI', 'SHAAKTI']",54,100.0,61.87,Seen 54 Win % 100% Avg 61.87,https://swgoh.gg/gac/counters/JEDIMASTERKENOBI/?season_id=CHAMPIONSHIPS_GRAND_ARENA_GA2_EVENT_SEASON_80,3
characters,JEDIMASTERKENOBI,CHAMPIONSHIPS_GRAND_ARENA_GA2_EVENT_SEASON_80,JEDIMASTERKENOBI,"['JEDIMASTERKENOBI', 'AHSOKATANO', 'COMMANDERAHSOKA', 'GENERALKENOBI', 'PADMEAMIDALA']","['JEDIMASTERKENOBI', 'AHSOKATANO', 'COMMANDERAHSOKA', 'GENERALKENOBI', 'GRANDMASTERYODA']",53,100.0,61.74,Seen 53 Win % 100% Avg 61.74,https://swgoh.gg/gac/counters/JEDIMASTERKENOBI/?season_id=CHAMPIONSHIPS_GRAND_ARENA_GA2_EVENT_SEASON_80,3
characters,JEDIMASTERKENOBI,CHAMPIONSHIPS_GRAND_ARENA_GA2_EVENT_SEASON_80,JEDIMASTERKENOBI,"['JEDIMASTERKENOBI', 'AHSOKATANO', 'COMMANDERAHSOKA', 'GENERALKENOBI', 'PADMEAMIDALA']","['JEDIMASTERKENOBI', 'AHSOKATANO', 'COMMANDERAHSOKA', 'GENERALKENOBI', 'MACEWINDU']",52,100.0,61.69,Seen 52 Win % 100% Avg 61.69,https://swgoh.gg/gac/counters/JEDIMASTERKENOBI/?season_id=CHAMPIONSHIPS_GRAND_ARENA_GA2_EVENT_SEASON_80,3
characters,JEDIMASTERKENOBI,CHAMPIONSHIPS_GRAND_ARENA_GA2_EVENT_SEASON_80,JEDIMASTERKENOBI,"['JEDIMASTERKENOBI', 'AHSOKATANO', 'COMMANDERAHSOKA', 'MACEWINDU', 'PADMEAMIDALA']","['JEDIMASTERKENOBI', 'AHSOKATANO', 'COMMANDERAHSOKA', 'MACEWINDU', 'PADMEAMIDALA']",35,100.0,62.03,Seen 35 Win % 100% Avg 62.03,https://swgoh.gg/gac/counters/JEDIMASTERKENOBI/?season_id=CHAMPIONSHIPS_GRAND_ARENA_GA2_EVENT_SEASON_80,3
characters,JEDIMASTERKENOBI,CHAMPIONSHIPS_GRAND_ARENA_GA2_EVENT_SEASON_80,GLLEIA,"['GLLEIA', 'ADMIRALRADDUS', 'CAPTAINDROGAN', 'CAPTAINREX', 'R2D2_LEGENDARY']","['JEDIMASTERKENOBI', 'AHSOKATANO', 'COMMANDERAHSOKA', 'GENERALKENOBI', 'PADMEAMIDALA']",34,100.0,63.59,Seen 34 Win % 100% Avg 63.59,https://swgoh.gg/gac/counters/JEDIMASTERKENOBI/?season_id=CHAMPIONSHIPS_GRAND_ARENA_GA2_EVENT_SEASON_80,3
characters,JEDIMASTERKENOBI,CHAMPIONSHIPS_GRAND_ARENA_GA2_EVENT_SEASON_80,GLAHSOKATANO,"['GLAHSOKATANO', 'EZRAEXILE', 'GENERALSYNDULLA', 'HUYANG', 'PADAWANSABINE']","['JEDIMASTERKENOBI', 'AHSOKATANO', 'COMMANDERAHSOKA', 'GENERALKENOBI', 'PADMEAMIDALA']",151,98.0,63.19,Seen 151 Win % 98% Avg 63.19,https://swgoh.gg/gac/counters/JEDIMASTERKENOBI/?season_id=CHAMPIONSHIPS_GRAND_ARENA_GA2_EVENT_SEASON_80,3
characters,JEDIMASTERKENOBI,CHAMPIONSHIPS_GRAND_ARENA_GA2_EVENT_SEASON_80,JEDIMASTERKENOBI,"['JEDIMASTERKENOBI', 'AHSOKATANO', 'COMMANDERAHSOKA', 'PADMEAMIDALA', 'PLOKOON']","['JEDIMASTERKENOBI', 'AHSOKATANO', 'COMMANDERAHSOKA', 'GENERALKENOBI', 'PADMEAMIDALA']",64,98.0,60.72,Seen 64 Win % 98% Avg 60.72,https://swgoh.gg/gac/counters/JEDIMASTERKENOBI/?season_id=CHAMPIONSHIPS_GRAND_ARENA_GA2_EVENT_SEASON_80,3
characters,JEDIMASTERKENOBI,CHAMPIONSHIPS_GRAND_ARENA_GA2_EVENT_SEASON_80,JEDIMASTERKENOBI,"['JEDIMASTERKENOBI', 'AHSOKATANO', 'COMMANDERAHSOKA', 'GENERALKENOBI', 'PADMEAMIDALA']","['JEDIMASTERKENOBI', 'AHSOKATANO', 'COMMANDERAHSOKA', 'GENERALKENOBI', 'GENERALSKYWALKER']",87,97.0,59.76,Seen 87 Win % 97% Avg 59.76,https://swgoh.gg/gac/counters/JEDIMASTERKENOBI/?season_id=CHAMPIONSHIPS_GRAND_ARENA_GA2_EVENT_SEASON_80,3
characters,JEDIMASTERKENOBI,CHAMPIONSHIPS_GRAND_ARENA_GA2_EVENT_SEASON_80,SATELESHAN,"['SATELESHAN', 'BASTILASHAN', 'JEDIKNIGHTREVAN', 'JOLEEBINDO', 'JUHANI']","['JEDIMASTERKENOBI', 'AHSOKATANO', 'COMMANDERAHSOKA', 'MACEWINDU', 'PADMEAMIDALA']",33,96.0,62.73,Seen 33 Win % 96% Avg 62.73,https://swgoh.gg/gac/counters/JEDIMASTERKENOBI/?season_id=CHAMPIONSHIPS_GRAND_ARENA_GA2_EVENT_SEASON_80,3
characters,JEDIMASTERKENOBI,CHAMPIONSHIPS_GRAND_ARENA_GA2_EVENT_SEASON_80,THIRDSISTER,"['THIRDSISTER', 'EIGHTHBROTHER', 'FIFTHBROTHER', 'GRANDINQUISITOR', 'SEVENTHSISTER']","['JEDIMASTERKENOBI', 'AHSOKATANO', 'COMMANDERAHSOKA', 'GENERALKENOBI', 'MACEWINDU']",32,96.0,61.41,Seen 32 Win % 96% Avg 61.41,https://swgoh.gg/gac/counters/JEDIMASTERKENOBI/?season_id=CHAMPIONSHIPS_GRAND_ARENA_GA2_EVENT_SEASON_80,3
characters,JEDIMASTERKENOBI,CHAMPIONSHIPS_GRAND_ARENA_GA2_EVENT_SEASON_80,JEDIMASTERKENOBI,"['JEDIMASTERKENOBI', 'AHSOKATANO', 'COMMANDERAHSOKA', 'GENERALKENOBI', 'PADMEAMIDALA']","['JEDIMASTERKENOBI', 'AHSOKATANO', 'ANAKINKNIGHT', 'COMMANDERAHSOKA', 'GENERALKENOBI']",29,96.0,59.45,Seen 29 Win % 96% Avg 59.45,https://swgoh.gg/gac/counters/JEDIMASTERKENOBI/?season_id=CHAMPIONSHIPS_GRAND_ARENA_GA2_EVENT_SEASON_80,3
characters,JEDIMASTERKENOBI,CHAMPIONSHIPS_GRAND_ARENA_GA2_EVENT_SEASON_80,JEDIMASTERKENOBI,"['JEDIMASTERKENOBI', 'AHSOKATANO', 'COMMANDERAHSOKA', 'GENERALKENOBI', 'MACEWINDU']","['JEDIMASTERKENOBI', 'AHSOKATANO', 'COMMANDERAHSOKA', 'GENERALKENOBI', 'PADMEAMIDALA']",24,95.0,58.42,Seen 24 Win % 95% Avg 58.42,https://swgoh.gg/gac/counters/JEDIMASTERKENOBI/?season_id=CHAMPIONSHIPS_GRAND_ARENA_GA2_EVENT_SEASON_80,3
characters,JEDIMASTERKENOBI,CHAMPIONSHIPS_GRAND_ARENA_GA2_EVENT_SEASON_80,THIRDSISTER,"['THIRDSISTER', 'FIFTHBROTHER', 'GRANDINQUISITOR', 'INQUISITORBARRISS', 'SEVENTHSISTER']","['JEDIMASTERKENOBI', 'AHSOKATANO', 'COMMANDERAHSOKA', 'MACEWINDU', 'PADMEAMIDALA']",46,95.0,60.33,Seen 46 Win % 95% Avg 60.33,https://swgoh.gg/gac/counters/JEDIMASTERKENOBI/?season_id=CHAMPIONSHIPS_GRAND_ARENA_GA2_EVENT_SEASON_80,3
characters,JEDIMASTERKENOBI,CHAMPIONSHIPS_GRAND_ARENA_GA2_EVENT_SEASON_80,JEDIMASTERKENOBI,"['JEDIMASTERKENOBI', 'AHSOKATANO', 'COMMANDERAHSOKA', 'GENERALKENOBI', 'PADMEAMIDALA']","['JEDIMASTERKENOBI', 'COMMANDERAHSOKA', 'GENERALKENOBI', 'GRANDMASTERYODA', 'PADMEAMIDALA']",23,95.0,59.13,Seen 23 Win % 95% Avg 59.13,https://swgoh.gg/gac/counters/JEDIMASTERKENOBI/?season_id=CHAMPIONSHIPS_GRAND_ARENA_GA2_EVENT_SEASON_80,3
characters,JEDIMASTERKENOBI,CHAMPIONSHIPS_GRAND_ARENA_GA2_EVENT_SEASON_80,THIRDSISTER,"['THIRDSISTER', 'EIGHTHBROTHER', 'FIFTHBROTHER', 'GRANDINQUISITOR', 'SEVENTHSISTER']","['JEDIMASTERKENOBI', 'AHSOKATANO', 'COMMANDERAHSOKA', 'MACEWINDU', 'PADMEAMIDALA']",81,95.0,60.62,Seen 81 Win % 95% Avg 60.62,https://swgoh.gg/gac/counters/JEDIMASTERKENOBI/?season_id=CHAMPIONSHIPS_GRAND_ARENA_GA2_EVENT_SEASON_80,3
characters,JEDIMASTERKENOBI,CHAMPIONSHIPS_GRAND_ARENA_GA2_EVENT_SEASON_80,JEDIMASTERKENOBI,"['JEDIMASTERKENOBI', 'AHSOKATANO', 'COMMANDERAHSOKA', 'GENERALKENOBI', 'GENERALSKYWALKER']","['JEDIMASTERKENOBI', 'AHSOKATANO', 'COMMANDERAHSOKA', 'GENERALKENOBI', 'PADMEAMIDALA']",137,94.0,57.58,Seen 137 Win % 94% Avg 57.58,https://swgoh.gg/gac/counters/JEDIMASTERKENOBI/?season_id=CHAMPIONSHIPS_GRAND_ARENA_GA2_EVENT_SEASON_80,3
characters,JEDIMASTERKENOBI,CHAMPIONSHIPS_GRAND_ARENA_GA2_EVENT_SEASON_80,GLLEIA,"['GLLEIA', 'ADMIRALRADDUS', 'CAPTAINDROGAN', 'JYNERSO', 'R2D2_LEGENDARY']","['JEDIMASTERKENOBI', 'AHSOKATANO', 'COMMANDERAHSOKA', 'GENERALKENOBI', 'PADMEAMIDALA']",171,94.0,60.72,Seen 171 Win % 94% Avg 60.72,https://swgoh.gg/gac/counters/JEDIMASTERKENOBI/?season_id=CHAMPIONSHIPS_GRAND_ARENA_GA2_EVENT_SEASON_80,3
characters,JEDIMASTERKENOBI,CHAMPIONSHIPS_GRAND_ARENA_GA2_EVENT_SEASON_80,GLLEIA,"['GLLEIA', 'CAPTAINDROGAN', 'CAPTAINREX', 'OLDBENKENOBI', 'R2D2_LEGENDARY']","['JEDIMASTERKENOBI', 'AHSOKATANO', 'COMMANDERAHSOKA', 'GENERALKENOBI', 'PADMEAMIDALA']",37,94.0,59.95,Seen 37 Win % 94% Avg 59.95,https://swgoh.gg/gac/counters/JEDIMASTERKENOBI/?season_id=CHAMPIONSHIPS_GRAND_ARENA_GA2_EVENT_SEASON_80,3
characters,JEDIMASTERKENOBI,CHAMPIONSHIPS_GRAND_ARENA_GA2_EVENT_SEASON_80,JEDIMASTERKENOBI,"['JEDIMASTERKENOBI', 'AHSOKATANO', 'COMMANDERAHSOKA', 'GENERALKENOBI', 'PADMEAMIDALA']","['JEDIMASTERKENOBI', 'AHSOKATANO', 'COMMANDERAHSOKA', 'GENERALKENOBI', 'PADMEAMIDALA']",1511,94.0,57.98,"Seen 1,511 Win % 94% Avg 57.98",https://swgoh.gg/gac/counters/JEDIMASTERKENOBI/?season_id=CHAMPIONSHIPS_GRAND_ARENA_GA2_EVENT_SEASON_80,3
characters,JEDIMASTERKENOBI,CHAMPIONSHIPS_GRAND_ARENA_GA2_EVENT_SEASON_80,JEDIMASTERKENOBI,"['JEDIMASTERKENOBI', 'AHSOKATANO', 'COMMANDERAHSOKA', 'GENERALKENOBI', 'PADMEAMIDALA']","['JEDIMASTERKENOBI', 'AHSOKATANO', 'COMMANDERAHSOKA', 'MACEWINDU', 'PADMEAMIDALA']",124,93.0,58.21,Seen 124 Win % 93% Avg 58.21,https://swgoh.gg/gac/counters/JEDIMASTERKENOBI/?season_id=CHAMPIONSHIPS_GRAND_ARENA_GA2_EVENT_SEASON_80,3
characters,JEDIMASTERKENOBI,CHAMPIONSHIPS_GRAND_ARENA_GA2_EVENT_SEASON_80,GLLEIA,"['GLLEIA', 'C3POCHEWBACCA', 'CAPTAINDROGAN', 'CAPTAINREX', 'R2D2_LEGENDARY']","['JEDIMASTERKENOBI', 'AHSOKATANO', 'COMMANDERAHSOKA', 'GENERALKENOBI', 'PADMEAMIDALA']",30,93.0,59.23,Seen 30 Win % 93% Avg 59.23,https://swgoh.gg/gac/counters/JEDIMASTERKENOBI/?season_id=CHAMPIONSHIPS_GRAND_ARENA_GA2_EVENT_SEASON_80,3
characters,JEDIMASTERKENOBI,CHAMPIONSHIPS_GRAND_ARENA_GA2_EVENT_SEASON_80,BAYLANSKOLL,"['BAYLANSKOLL', 'DASHRENDAR', 'FENNECSHAND', 'MARROK', 'SHINHATI']","['JEDIMASTERKENOBI', 'AHSOKATANO', 'COMMANDERAHSOKA', 'GENERALKENOBI', 'PADMEAMIDALA']",59,93.0,58.73,Seen 59 Win % 93% Avg 58.73,https://swgoh.gg/gac/counters/JEDIMASTERKENOBI/?season_id=CHAMPIONSHIPS_GRAND_ARENA_GA2_EVENT_SEASON_80,3
characters,JEDIMASTERKENOBI,CHAMPIONSHIPS_GRAND_ARENA_GA2_EVENT_SEASON_80,BAYLANSKOLL,"['BAYLANSKOLL', 'HONDO', 'JANGOFETT', 'MARROK', 'SHINHATI']","['JEDIMASTERKENOBI', 'AHSOKATANO', 'COMMANDERAHSOKA', 'GENERALKENOBI', 'PADMEAMIDALA']",44,93.0,58.68,Seen 44 Win % 93% Avg 58.68,https://swgoh.gg/gac/counters/JEDIMASTERKENOBI/?season_id=CHAMPIONSHIPS_GRAND_ARENA_GA2_EVENT_SEASON_80,3
characters,JEDIMASTERKENOBI,CHAMPIONSHIPS_GRAND_ARENA_GA2_EVENT_SEASON_80,BAYLANSKOLL,"['BAYLANSKOLL', 'DASHRENDAR', 'JANGOFETT', 'MARROK', 'SHINHATI']","['JEDIMASTERKENOBI', 'AHSOKATANO', 'COMMANDERAHSOKA', 'GENERALKENOBI', 'PADMEAMIDALA']",80,92.0,58.12,Seen 80 Win % 92% Avg 58.12,https://swgoh.gg/gac/counters/JEDIMASTERKENOBI/?season_id=CHAMPIONSHIPS_GRAND_ARENA_GA2_EVENT_SEASON_80,3
characters,JEDIMASTERKENOBI,CHAMPIONSHIPS_GRAND_ARENA_GA2_EVENT_SEASON_80,THIRDSISTER,"['THIRDSISTER', 'EIGHTHBROTHER', 'FIFTHBROTHER', 'GRANDINQUISITOR', 'SEVENTHSISTER']","['JEDIMASTERKENOBI', 'AHSOKATANO', 'COMMANDERAHSOKA', 'GENERALKENOBI', 'PADMEAMIDALA']",695,91.0,58.49,Seen 695 Win % 91% Avg 58.49,https://swgoh.gg/gac/counters/JEDIMASTERKENOBI/?season_id=CHAMPIONSHIPS_GRAND_ARENA_GA2_EVENT_SEASON_80,3
characters,JEDIMASTERKENOBI,CHAMPIONSHIPS_GRAND_ARENA_GA2_EVENT_SEASON_80,THIRDSISTER,"['THIRDSISTER', 'FIFTHBROTHER', 'GRANDINQUISITOR', 'INQUISITORBARRISS', 'SEVENTHSISTER']","['JEDIMASTERKENOBI', 'AHSOKATANO', 'COMMANDERAHSOKA', 'GENERALKENOBI', 'PADMEAMIDALA']",233,91.0,58.29,Seen 233 Win % 91% Avg 58.29,https://swgoh.gg/gac/counters/JEDIMASTERKENOBI/?season_id=CHAMPIONSHIPS_GRAND_ARENA_GA2_EVENT_SEASON_80,3
characters,JEDIMASTERKENOBI,CHAMPIONSHIPS_GRAND_ARENA_GA2_EVENT_SEASON_80,JEDIMASTERKENOBI,"['JEDIMASTERKENOBI', 'AHSOKATANO', 'COMMANDERAHSOKA', 'GENERALKENOBI', 'PADMEAMIDALA']","['JEDIMASTERKENOBI', 'COMMANDERAHSOKA', 'GENERALKENOBI', 'GENERALSKYWALKER', 'PADMEAMIDALA']",36,91.0,56.42,Seen 36 Win % 91% Avg 56.42,https://swgoh.gg/gac/counters/JEDIMASTERKENOBI/?season_id=CHAMPIONSHIPS_GRAND_ARENA_GA2_EVENT_SEASON_80,3
characters,JEDIMASTERKENOBI,CHAMPIONSHIPS_GRAND_ARENA_GA2_EVENT_SEASON_80,LORDVADER,"['LORDVADER', 'APPO', 'DISGUISEDCLONETROOPER', 'OPERATIVE', 'SCORCH']","['JEDIMASTERKENOBI', 'AHSOKATANO', 'COMMANDERAHSOKA', 'MACEWINDU', 'PADMEAMIDALA']",36,91.0,54.86,Seen 36 Win % 91% Avg 54.86,https://swgoh.gg/gac/counters/JEDIMASTERKENOBI/?season_id=CHAMPIONSHIPS_GRAND_ARENA_GA2_EVENT_SEASON_80,3
characters,JEDIMASTERKENOBI,CHAMPIONSHIPS_GRAND_ARENA_GA2_EVENT_SEASON_80,BAYLANSKOLL,"['BAYLANSKOLL', 'DASHRENDAR', 'HONDO', 'MARROK', 'SHINHATI']","['JEDIMASTERKENOBI', 'AHSOKATANO', 'COMMANDERAHSOKA', 'GENERALKENOBI', 'GENERALSKYWALKER']",24,91.0,56.92,Seen 24 Win % 91% Avg 56.92,https://swgoh.gg/gac/counters/JEDIMASTERKENOBI/?season_id=CHAMPIONSHIPS_GRAND_ARENA_GA2_EVENT_SEASON_80,3
characters,JEDIMASTERKENOBI,CHAMPIONSHIPS_GRAND_ARENA_GA2_EVENT_SEASON_80,BAYLANSKOLL,"['BAYLANSKOLL', 'FENNECSHAND', 'HONDO', 'MARROK', 'SHINHATI']","['JEDIMASTERKENOBI', 'AHSOKATANO', 'COMMANDERAHSOKA', 'GENERALKENOBI', 'PADMEAMIDALA']",32,90.0,55.97,Seen 32 Win % 90% Avg 55.97,https://swgoh.gg/gac/counters/JEDIMASTERKENOBI/?season_id=CHAMPIONSHIPS_GRAND_ARENA_GA2_EVENT_SEASON_80,3
characters,JEDIMASTERKENOBI,CHAMPIONSHIPS_GRAND_ARENA_GA2_EVENT_SEASON_80,BAYLANSKOLL,"['BAYLANSKOLL', 'DASHRENDAR', 'HONDO', 'MARROK', 'SHINHATI']","['JEDIMASTERKENOBI', 'AHSOKATANO', 'COMMANDERAHSOKA', 'GENERALKENOBI', 'PADMEAMIDALA']",373,90.0,56.98,Seen 373 Win % 90% Avg 56.98,https://swgoh.gg/gac/counters/JEDIMASTERKENOBI/?season_id=CHAMPIONSHIPS_GRAND_ARENA_GA2_EVENT_SEASON_80,3
characters,JEDIMASTERKENOBI,CHAMPIONSHIPS_GRAND_ARENA_GA2_EVENT_SEASON_80,BAYLANSKOLL,"['BAYLANSKOLL', 'HUNTERS3', 'MARROK', 'SHINHATI', 'WRECKERS3']","['JEDIMASTERKENOBI', 'AHSOKATANO', 'COMMANDERAHSOKA', 'GENERALKENOBI', 'PADMEAMIDALA']",38,89.0,57.53,Seen 38 Win % 89% Avg 57.53,https://swgoh.gg/gac/counters/JEDIMASTERKENOBI/?season_id=CHAMPIONSHIPS_GRAND_ARENA_GA2_EVENT_SEASON_80,3
characters,JEDIMASTERKENOBI,CHAMPIONSHIPS_GRAND_ARENA_GA2_EVENT_SEASON_80,BAYLANSKOLL,"['BAYLANSKOLL', 'DASHRENDAR', 'DENGAR', 'MARROK', 'SHINHATI']","['JEDIMASTERKENOBI', 'AHSOKATANO', 'COMMANDERAHSOKA', 'MACEWINDU', 'PADMEAMIDALA']",36,88.0,55.67,Seen 36 Win % 88% Avg 55.67,https://swgoh.gg/gac/counters/JEDIMASTERKENOBI/?season_id=CHAMPIONSHIPS_GRAND_ARENA_GA2_EVENT_SEASON_80,3
characters,JEDIMASTERKENOBI,CHAMPIONSHIPS_GRAND_ARENA_GA2_EVENT_SEASON_80,SATELESHAN,"['SATELESHAN', 'BASTILASHAN', 'JEDIKNIGHTREVAN', 'JOLEEBINDO', 'JUHANI']","['JEDIMASTERKENOBI', 'AHSOKATANO', 'COMMANDERAHSOKA', 'GENERALKENOBI', 'PADMEAMIDALA']",158,88.0,57.15,Seen 158 Win % 88% Avg 57.15,https://swgoh.gg/gac/counters/JEDIMASTERKENOBI/?season_id=CHAMPIONSHIPS_GRAND_ARENA_GA2_EVENT_SEASON_80,3
characters,JEDIMASTERKENOBI,CHAMPIONSHIPS_GRAND_ARENA_GA2_EVENT_SEASON_80,BAYLANSKOLL,"['BAYLANSKOLL', 'BOBAFETTSCION', 'HONDO', 'MARROK', 'SHINHATI']","['JEDIMASTERKENOBI', 'AHSOKATANO', 'COMMANDERAHSOKA', 'GENERALKENOBI', 'PADMEAMIDALA']",26,88.0,55.38,Seen 26 Win % 88% Avg 55.38,https://swgoh.gg/gac/counters/JEDIMASTERKENOBI/?season_id=CHAMPIONSHIPS_GRAND_ARENA_GA2_EVENT_SEASON_80,3
characters,JEDIMASTERKENOBI,CHAMPIONSHIPS_GRAND_ARENA_GA2_EVENT_SEASON_80,THIRDSISTER,"['THIRDSISTER', 'EIGHTHBROTHER', 'FIFTHBROTHER', 'GRANDINQUISITOR', 'SEVENTHSISTER']","['JEDIMASTERKENOBI', 'AHSOKATANO', 'COMMANDERAHSOKA', 'GENERALKENOBI', 'GENERALSKYWALKER']",43,88.0,56.12,Seen 43 Win % 88% Avg 56.12,https://swgoh.gg/gac/counters/JEDIMASTERKENOBI/?season_id=CHAMPIONSHIPS_GRAND_ARENA_GA2_EVENT_SEASON_80,3
characters,JEDIMASTERKENOBI,CHAMPIONSHIPS_GRAND_ARENA_GA2_EVENT_SEASON_80,BAYLANSKOLL,"['BAYLANSKOLL', 'DASHRENDAR', 'HONDO', 'MARROK', 'SHINHATI']","['JEDIMASTERKENOBI', 'AHSOKATANO', 'COMMANDERAHSOKA', 'MACEWINDU', 'PADMEAMIDALA']",42,88.0,56.12,Seen 42 Win % 88% Avg 56.12,https://swgoh.gg/gac/counters/JEDIMASTERKENOBI/?season_id=CHAMPIONSHIPS_GRAND_ARENA_GA2_EVENT_SEASON_80,3
characters,JEDIMASTERKENOBI,CHAMPIONSHIPS_GRAND_ARENA_GA2_EVENT_SEASON_80,STRANGER,"['STRANGER', 'BARRISSOFFEE', 'MAULHATEFUELED', 'STARKILLER', 'VISASMARR']","['JEDIMASTERKENOBI', 'AHSOKATANO', 'COMMANDERAHSOKA', 'GENERALKENOBI', 'PADMEAMIDALA']",42,88.0,53.57,Seen 42 Win % 88% Avg 53.57,https://swgoh.gg/gac/counters/JEDIMASTERKENOBI/?season_id=CHAMPIONSHIPS_GRAND_ARENA_GA2_EVENT_SEASON_80,3
characters,JEDIMASTERKENOBI,CHAMPIONSHIPS_GRAND_ARENA_GA2_EVENT_SEASON_80,LORDVADER,"['LORDVADER', 'APPO', 'DISGUISEDCLONETROOPER', 'OPERATIVE', 'SCORCH']","['JEDIMASTERKENOBI', 'AHSOKATANO', 'COMMANDERAHSOKA', 'GENERALKENOBI', 'PADMEAMIDALA']",251,88.0,52.29,Seen 251 Win % 88% Avg 52.29,https://swgoh.gg/gac/counters/JEDIMASTERKENOBI/?season_id=CHAMPIONSHIPS_GRAND_ARENA_GA2_EVENT_SEASON_80,3
characters,JEDIMASTERKENOBI,CHAMPIONSHIPS_GRAND_ARENA_GA2_EVENT_SEASON_80,JEDIMASTERKENOBI,"['JEDIMASTERKENOBI', 'AHSOKATANO', 'COMMANDERAHSOKA', 'MACEWINDU', 'PADMEAMIDALA']","['JEDIMASTERKENOBI', 'AHSOKATANO', 'COMMANDERAHSOKA', 'GENERALKENOBI', 'PADMEAMIDALA']",177,87.0,54.14,Seen 177 Win % 87% Avg 54.14,https://swgoh.gg/gac/counters/JEDIMASTERKENOBI/?season_id=CHAMPIONSHIPS_GRAND_ARENA_GA2_EVENT_SEASON_80,3
characters,JEDIMASTERKENOBI,CHAMPIONSHIPS_GRAND_ARENA_GA2_EVENT_SEASON_80,JEDIMASTERKENOBI,"['JEDIMASTERKENOBI', 'COMMANDERAHSOKA', 'GENERALKENOBI', 'GENERALSKYWALKER', 'PADMEAMIDALA']","['JEDIMASTERKENOBI', 'AHSOKATANO', 'COMMANDERAHSOKA', 'GENERALKENOBI', 'PADMEAMIDALA']",32,87.0,52.69,Seen 32 Win % 87% Avg 52.69,https://swgoh.gg/gac/counters/JEDIMASTERKENOBI/?season_id=CHAMPIONSHIPS_GRAND_ARENA_GA2_EVENT_SEASON_80,3
characters,JEDIMASTERKENOBI,CHAMPIONSHIPS_GRAND_ARENA_GA2_EVENT_SEASON_80,BAYLANSKOLL,"['BAYLANSKOLL', 'DASHRENDAR', 'MARROK', 'QIRA', 'SHINHATI']","['JEDIMASTERKENOBI', 'AHSOKATANO', 'COMMANDERAHSOKA', 'GENERALKENOBI', 'PADMEAMIDALA']",59,86.0,53.63,Seen 59 Win % 86% Avg 53.63,https://swgoh.gg/gac/counters/JEDIMASTERKENOBI/?season_id=CHAMPIONSHIPS_GRAND_ARENA_GA2_EVENT_SEASON_80,3
characters,JEDIMASTERKENOBI,CHAMPIONSHIPS_GRAND_ARENA_GA2_EVENT_SEASON_80,BAYLANSKOLL,"['BAYLANSKOLL', 'DASHRENDAR', 'DENGAR', 'MARROK', 'SHINHATI']","['JEDIMASTERKENOBI', 'AHSOKATANO', 'COMMANDERAHSOKA', 'GENERALKENOBI', 'PADMEAMIDALA']",209,86.0,53.29,Seen 209 Win % 86% Avg 53.29,https://swgoh.gg/gac/counters/JEDIMASTERKENOBI/?season_id=CHAMPIONSHIPS_GRAND_ARENA_GA2_EVENT_SEASON_80,3
characters,JEDIMASTERKENOBI,CHAMPIONSHIPS_GRAND_ARENA_GA2_EVENT_SEASON_80,BAYLANSKOLL,"['BAYLANSKOLL', 'HONDO', 'MARROK', 'QIRA', 'SHINHATI']","['JEDIMASTERKENOBI', 'AHSOKATANO', 'COMMANDERAHSOKA', 'GENERALKENOBI', 'PADMEAMIDALA']",55,85.0,53.75,Seen 55 Win % 85% Avg 53.75,https://swgoh.gg/gac/counters/JEDIMASTERKENOBI/?season_id=CHAMPIONSHIPS_GRAND_ARENA_GA2_EVENT_SEASON_80,3
characters,JEDIMASTERKENOBI,CHAMPIONSHIPS_GRAND_ARENA_GA2_EVENT_SEASON_80,THIRDSISTER,"['THIRDSISTER', 'FIFTHBROTHER', 'GRANDINQUISITOR', 'NINTHSISTER', 'SEVENTHSISTER']","['JEDIMASTERKENOBI', 'AHSOKATANO', 'COMMANDERAHSOKA', 'GENERALKENOBI', 'PADMEAMIDALA']",41,85.0,53.85,Seen 41 Win % 85% Avg 53.85,https://swgoh.gg/gac/counters/JEDIMASTERKENOBI/?season_id=CHAMPIONSHIPS_GRAND_ARENA_GA2_EVENT_SEASON_80,3
characters,JEDIMASTERKENOBI,CHAMPIONSHIPS_GRAND_ARENA_GA2_EVENT_SEASON_80,THIRDSISTER,"['THIRDSISTER', 'EIGHTHBROTHER', 'GRANDINQUISITOR', 'INQUISITORBARRISS', 'SEVENTHSISTER']","['JEDIMASTERKENOBI', 'AHSOKATANO', 'COMMANDERAHSOKA', 'GENERALKENOBI', 'PADMEAMIDALA']",44,84.0,53.59,Seen 44 Win % 84% Avg 53.59,https://swgoh.gg/gac/counters/JEDIMASTERKENOBI/?season_id=CHAMPIONSHIPS_GRAND_ARENA_GA2_EVENT_SEASON_80,3
characters,JEDIMASTERKENOBI,CHAMPIONSHIPS_GRAND_ARENA_GA2_EVENT_SEASON_80,JEDIMASTERKENOBI,"['JEDIMASTERKENOBI', 'AHSOKATANO', 'COMMANDERAHSOKA', 'GENERALKENOBI', 'SHAAKTI']","['JEDIMASTERKENOBI', 'AHSOKATANO', 'COMMANDERAHSOKA', 'GENERALKENOBI', 'PADMEAMIDALA']",34,82.0,50.21,Seen 34 Win % 82% Avg 50.21,https://swgoh.gg/gac/counters/JEDIMASTERKENOBI/?season_id=CHAMPIONSHIPS_GRAND_ARENA_GA2_EVENT_SEASON_80,3
characters,JEDIMASTERKENOBI,CHAMPIONSHIPS_GRAND_ARENA_GA2_EVENT_SEASON_80,JEDIMASTERKENOBI,"['JEDIMASTERKENOBI', 'AHSOKATANO', 'COMMANDERAHSOKA', 'GENERALKENOBI', 'PADMEAMIDALA']","['JEDIMASTERKENOBI', 'ANAKINKNIGHT', 'COMMANDERAHSOKA', 'GENERALKENOBI', 'PADMEAMIDALA']",48,81.0,50.35,Seen 48 Win % 81% Avg 50.35,https://swgoh.gg/gac/counters/JEDIMASTERKENOBI/?season_id=CHAMPIONSHIPS_GRAND_ARENA_GA2_EVENT_SEASON_80,3
characters,JEDIMASTERKENOBI,CHAMPIONSHIPS_GRAND_ARENA_GA2_EVENT_SEASON_80,BAYLANSKOLL,"['BAYLANSKOLL', 'DENGAR', 'HONDO', 'MARROK', 'SHINHATI']","['JEDIMASTERKENOBI', 'AHSOKATANO', 'COMMANDERAHSOKA', 'GENERALKENOBI', 'PADMEAMIDALA']",253,77.0,47.79,Seen 253 Win % 77% Avg 47.79,https://swgoh.gg/gac/counters/JEDIMASTERKENOBI/?season_id=CHAMPIONSHIPS_GRAND_ARENA_GA2_EVENT_SEASON_80,3
characters,JEDIMASTERKENOBI,CHAMPIONSHIPS_GRAND_ARENA_GA2_EVENT_SEASON_80,MANDALORBOKATAN,"['MANDALORBOKATAN', 'ARMORER', 'IG12', 'PAZVIZSLA', 'THEMANDALORIANBESKARARMOR']","['JEDIMASTERKENOBI', 'AHSOKATANO', 'COMMANDERAHSOKA', 'GENERALKENOBI', 'PADMEAMIDALA']",51,68.0,40.55,Seen 51 Win % 68% Avg 40.55,https://swgoh.gg/gac/counters/JEDIMASTERKENOBI/?season_id=CHAMPIONSHIPS_GRAND_ARENA_GA2_EVENT_SEASON_80,3
characters,BASTILASHAN,CHAMPIONSHIPS_GRAND_ARENA_GA2_EVENT_SEASON_80,THIRDSISTER,"['THIRDSISTER', 'EIGHTHBROTHER', 'FIFTHBROTHER', 'GRANDINQUISITOR', 'SEVENTHSISTER']","['BASTILASHAN', 'GRANDMASTERLUKE', 'HERMITYODA', 'JEDIKNIGHTLUKE', 'WATTAMBOR']",19,100.0,64.68,Seen 19 Win % 100% Avg 64.68,https://swgoh.gg/gac/counters/BASTILASHAN/?season_id=CHAMPIONSHIPS_GRAND_ARENA_GA2_EVENT_SEASON_80,1
characters,BASTILASHAN,CHAMPIONSHIPS_GRAND_ARENA_GA2_EVENT_SEASON_80,DARTHBANE,"['DARTHBANE', 'COUNTDOOKU']","['BASTILASHAN', 'GRANDMASTERLUKE', 'HERMITYODA', 'JEDIKNIGHTLUKE', 'WATTAMBOR']",6,100.0,65.0,Seen 6 Win % 100% Avg 65,https://swgoh.gg/gac/counters/BASTILASHAN/?season_id=CHAMPIONSHIPS_GRAND_ARENA_GA2_EVENT_SEASON_80,1
characters,BASTILASHAN,CHAMPIONSHIPS_GRAND_ARENA_GA2_EVENT_SEASON_80,JEDIMASTERKENOBI,"['JEDIMASTERKENOBI', 'AHSOKATANO', 'COMMANDERAHSOKA', 'GENERALKENOBI', 'PADMEAMIDALA']","['BASTILASHAN', 'GRANDMASTERLUKE', 'HERMITYODA', 'JEDIKNIGHTLUKE', 'WATTAMBOR']",4,100.0,65.0,Seen 4 Win % 100% Avg 65,https://swgoh.gg/gac/counters/BASTILASHAN/?season_id=CHAMPIONSHIPS_GRAND_ARENA_GA2_EVENT_SEASON_80,1
characters,BASTILASHAN,CHAMPIONSHIPS_GRAND_ARENA_GA2_EVENT_SEASON_80,SITHPALPATINE,"['SITHPALPATINE', 'DARTHSIDIOUS', 'MAUL', 'SITHTROOPER', 'WATTAMBOR']","['BASTILASHAN', 'GRANDMASTERLUKE', 'HERMITYODA', 'JEDIKNIGHTCAL', 'JEDIKNIGHTLUKE']",4,100.0,52.75,Seen 4 Win % 100% Avg 52.75,https://swgoh.gg/gac/counters/BASTILASHAN/?season_id=CHAMPIONSHIPS_GRAND_ARENA_GA2_EVENT_SEASON_80,1
characters,BASTILASHAN,CHAMPIONSHIPS_GRAND_ARENA_GA2_EVENT_SEASON_80,SITHPALPATINE,"['SITHPALPATINE', 'WATTAMBOR']","['BASTILASHAN', 'GRANDMASTERLUKE', 'HERMITYODA', 'JEDIKNIGHTLUKE', 'JEDIKNIGHTREVAN']",4,100.0,65.0,Seen 4 Win % 100% Avg 65,https://swgoh.gg/gac/counters/BASTILASHAN/?season_id=CHAMPIONSHIPS_GRAND_ARENA_GA2_EVENT_SEASON_80,1
characters,BASTILASHAN,CHAMPIONSHIPS_GRAND_ARENA_GA2_EVENT_SEASON_80,JEDIMASTERKENOBI,"['JEDIMASTERKENOBI', 'AHSOKATANO', 'COMMANDERAHSOKA', 'GENERALKENOBI', 'PADMEAMIDALA']","['BASTILASHAN', 'GRANDMASTERLUKE', 'JEDIKNIGHTREVAN', 'JOLEEBINDO', 'SATELESHAN']",3,100.0,65.0,Seen 3 Win % 100% Avg 65,https://swgoh.gg/gac/counters/BASTILASHAN/?season_id=CHAMPIONSHIPS_GRAND_ARENA_GA2_EVENT_SEASON_80,1
characters,BASTILASHAN,CHAMPIONSHIPS_GRAND_ARENA_GA2_EVENT_SEASON_80,SUPREMELEADERKYLOREN,"['SUPREMELEADERKYLOREN', 'DARKREY', 'FOSITHTROOPER', 'GENERALHUX', 'KYLORENUNMASKED']","['BASTILASHAN', 'GRANDMASTERLUKE', 'HERMITYODA', 'JEDIKNIGHTCAL', 'JEDIKNIGHTLUKE']",3,100.0,61.33,Seen 3 Win % 100% Avg 61.33,https://swgoh.gg/gac/counters/BASTILASHAN/?season_id=CHAMPIONSHIPS_GRAND_ARENA_GA2_EVENT_SEASON_80,1
characters,BASTILASHAN,CHAMPIONSHIPS_GRAND_ARENA_GA2_EVENT_SEASON_80,THIRDSISTER,"['THIRDSISTER', 'EIGHTHBROTHER', 'FIFTHBROTHER', 'GRANDINQUISITOR', 'SEVENTHSISTER']","['BASTILASHAN', 'GRANDMASTERLUKE', 'HERMITYODA', 'JEDIKNIGHTCAL', 'JEDIKNIGHTLUKE']",3,100.0,64.67,Seen 3 Win % 100% Avg 64.67,https://swgoh.gg/gac/counters/BASTILASHAN/?season_id=CHAMPIONSHIPS_GRAND_ARENA_GA2_EVENT_SEASON_80,1
characters,BASTILASHAN,CHAMPIONSHIPS_GRAND_ARENA_GA2_EVENT_SEASON_80,GRANDMASTERLUKE,"['GRANDMASTERLUKE', 'HERMITYODA', 'JEDIKNIGHTCAL', 'JEDIKNIGHTLUKE', 'JEDIKNIGHTREVAN']","['BASTILASHAN', 'GRANDMASTERLUKE', 'HERMITYODA', 'JEDIKNIGHTLUKE', 'JEDIKNIGHTREVAN']",2,100.0,65.0,Seen 2 Win % 100% Avg 65,https://swgoh.gg/gac/counters/BASTILASHAN/?season_id=CHAMPIONSHIPS_GRAND_ARENA_GA2_EVENT_SEASON_80,1
characters,BASTILASHAN,CHAMPIONSHIPS_GRAND_ARENA_GA2_EVENT_SEASON_80,JABBATHEHUTT,"['JABBATHEHUTT', 'BOUSHH', 'EMBO', 'KRRSANTAN', 'UNDERCOVERLANDO']","['BASTILASHAN', 'GRANDMASTERLUKE', 'HERMITYODA', 'JEDIKNIGHTLUKE', 'JEDIKNIGHTREVAN']",2,100.0,65.0,Seen 2 Win % 100% Avg 65,https://swgoh.gg/gac/counters/BASTILASHAN/?season_id=CHAMPIONSHIPS_GRAND_ARENA_GA2_EVENT_SEASON_80,1
characters,BASTILASHAN,CHAMPIONSHIPS_GRAND_ARENA_GA2_EVENT_SEASON_80,JEDIMASTERKENOBI,"['JEDIMASTERKENOBI', 'AHSOKATANO', 'COMMANDERAHSOKA', 'GENERALKENOBI', 'PADMEAMIDALA']","['BASTILASHAN', 'GRANDMASTERLUKE', 'JEDIKNIGHTLUKE', 'MACEWINDU', 'WATTAMBOR']",2,100.0,65.0,Seen 2 Win % 100% Avg 65,https://swgoh.gg/gac/counters/BASTILASHAN/?season_id=CHAMPIONSHIPS_GRAND_ARENA_GA2_EVENT_SEASON_80,1
characters,BASTILASHAN,CHAMPIONSHIPS_GRAND_ARENA_GA2_EVENT_SEASON_80,JEDIMASTERKENOBI,"['JEDIMASTERKENOBI', 'AHSOKATANO', 'COMMANDERAHSOKA', 'MACEWINDU', 'PADMEAMIDALA']","['BASTILASHAN', 'BARRISSOFFEE', 'GRANDMASTERLUKE', 'HERMITYODA', 'JOLEEBINDO']",2,100.0,64.5,Seen 2 Win % 100% Avg 64.5,https://swgoh.gg/gac/counters/BASTILASHAN/?season_id=CHAMPIONSHIPS_GRAND_ARENA_GA2_EVENT_SEASON_80,1
characters,BASTILASHAN,CHAMPIONSHIPS_GRAND_ARENA_GA2_EVENT_SEASON_80,JEDIMASTERKENOBI,"['JEDIMASTERKENOBI', 'COMMANDERAHSOKA']","['BASTILASHAN', 'DASHRENDAR', 'MACEWINDU', 'PAZVIZSLA', 'T3_M4']",2,100.0,68.0,Seen 2 Win % 100% Avg 68,https://swgoh.gg/gac/counters/BASTILASHAN/?season_id=CHAMPIONSHIPS_GRAND_ARENA_GA2_EVENT_SEASON_80,1
characters,BASTILASHAN,CHAMPIONSHIPS_GRAND_ARENA_GA2_EVENT_SEASON_80,JEDIMASTERMACEWINDU,"['JEDIMASTERMACEWINDU', 'DEPABILLABA', 'JOCASTANU', 'KELLERANBEQ', 'VANGUARDTEMPLEGUARD']","['BASTILASHAN', 'CANDEROUSORDO', 'GRANDMASTERYODA', 'MISSIONVAO', 'T3_M4']",2,100.0,64.0,Seen 2 Win % 100% Avg 64,https://swgoh.gg/gac/counters/BASTILASHAN/?season_id=CHAMPIONSHIPS_GRAND_ARENA_GA2_EVENT_SEASON_80,1
characters,BASTILASHAN,CHAMPIONSHIPS_GRAND_ARENA_GA2_EVENT_SEASON_80,LORDVADER,"['LORDVADER', 'APPO', 'DISGUISEDCLONETROOPER', 'OPERATIVE', 'SCORCH']","['BASTILASHAN', 'GRANDMASTERLUKE', 'HERMITYODA', 'JEDIKNIGHTREVAN', 'JOLEEBINDO']",2,100.0,58.0,Seen 2 Win % 100% Avg 58,https://swgoh.gg/gac/counters/BASTILASHAN/?season_id=CHAMPIONSHIPS_GRAND_ARENA_GA2_EVENT_SEASON_80,1
characters,BASTILASHAN,CHAMPIONSHIPS_GRAND_ARENA_GA2_EVENT_SEASON_80,LORDVADER,"['LORDVADER', 'APPO', 'DISGUISEDCLONETROOPER', 'OPERATIVE', 'SCORCH']","['BASTILASHAN', 'GRANDMASTERLUKE', 'JEDIKNIGHTCAL', 'JEDIKNIGHTLUKE', 'WATTAMBOR']",2,100.0,60.0,Seen 2 Win % 100% Avg 60,https://swgoh.gg/gac/counters/BASTILASHAN/?season_id=CHAMPIONSHIPS_GRAND_ARENA_GA2_EVENT_SEASON_80,1
characters,BASTILASHAN,CHAMPIONSHIPS_GRAND_ARENA_GA2_EVENT_SEASON_80,SITHPALPATINE,"['SITHPALPATINE', 'DARTHBANE']","['BASTILASHAN', 'GRANDMASTERLUKE', 'HERMITYODA', 'JEDIKNIGHTLUKE', 'WATTAMBOR']",2,100.0,68.0,Seen 2 Win % 100% Avg 68,https://swgoh.gg/gac/counters/BASTILASHAN/?season_id=CHAMPIONSHIPS_GRAND_ARENA_GA2_EVENT_SEASON_80,1
characters,BASTILASHAN,CHAMPIONSHIPS_GRAND_ARENA_GA2_EVENT_SEASON_80,SITHPALPATINE,"['SITHPALPATINE', 'SITHTROOPER', 'WATTAMBOR']","['BASTILASHAN', 'GRANDMASTERLUKE', 'HERMITYODA', 'JEDIKNIGHTLUKE', 'JEDIKNIGHTREVAN']",2,100.0,61.0,Seen 2 Win % 100% Avg 61,https://swgoh.gg/gac/counters/BASTILASHAN/?season_id=CHAMPIONSHIPS_GRAND_ARENA_GA2_EVENT_SEASON_80,1
characters,BASTILASHAN,CHAMPIONSHIPS_GRAND_ARENA_GA2_EVENT_SEASON_80,SITHPALPATINE,"['SITHPALPATINE', 'WATTAMBOR']","['BASTILASHAN', 'GRANDMASTERLUKE', 'HERMITYODA', 'JEDIKNIGHTCAL', 'JEDIKNIGHTLUKE']",2,100.0,65.0,Seen 2 Win % 100% Avg 65,https://swgoh.gg/gac/counters/BASTILASHAN/?season_id=CHAMPIONSHIPS_GRAND_ARENA_GA2_EVENT_SEASON_80,1
characters,BASTILASHAN,CHAMPIONSHIPS_GRAND_ARENA_GA2_EVENT_SEASON_80,SITHPALPATINE,"['SITHPALPATINE', 'WATTAMBOR']","['BASTILASHAN', 'GRANDMASTERLUKE', 'JEDIKNIGHTCAL', 'JEDIKNIGHTLUKE', 'JEDIKNIGHTREVAN']",2,100.0,64.5,Seen 2 Win % 100% Avg 64.5,https://swgoh.gg/gac/counters/BASTILASHAN/?season_id=CHAMPIONSHIPS_GRAND_ARENA_GA2_EVENT_SEASON_80,1
characters,BASTILASHAN,CHAMPIONSHIPS_GRAND_ARENA_GA2_EVENT_SEASON_80,THIRDSISTER,"['THIRDSISTER', 'EIGHTHBROTHER', 'FIFTHBROTHER', 'GRANDINQUISITOR', 'SEVENTHSISTER']","['BASTILASHAN', 'AAYLASECURA', 'GRANDMASTERLUKE', 'PLOKOON', 'WATTAMBOR']",2,100.0,65.0,Seen 2 Win % 100% Avg 65,https://swgoh.gg/gac/counters/BASTILASHAN/?season_id=CHAMPIONSHIPS_GRAND_ARENA_GA2_EVENT_SEASON_80,1
characters,BASTILASHAN,CHAMPIONSHIPS_GRAND_ARENA_GA2_EVENT_SEASON_80,THIRDSISTER,"['THIRDSISTER', 'EIGHTHBROTHER', 'FIFTHBROTHER', 'GRANDINQUISITOR', 'SEVENTHSISTER']","['BASTILASHAN', 'ASAJVENTRESS', 'GRANDMASTERLUKE', 'NIGHTSISTERZOMBIE', 'WATTAMBOR']",2,100.0,64.0,Seen 2 Win % 100% Avg 64,https://swgoh.gg/gac/counters/BASTILASHAN/?season_id=CHAMPIONSHIPS_GRAND_ARENA_GA2_EVENT_SEASON_80,1
characters,BASTILASHAN,CHAMPIONSHIPS_GRAND_ARENA_GA2_EVENT_SEASON_80,THIRDSISTER,"['THIRDSISTER', 'EIGHTHBROTHER', 'FIFTHBROTHER', 'GRANDINQUISITOR', 'SEVENTHSISTER']","['BASTILASHAN', 'GRANDMASTERLUKE', 'JEDIKNIGHTCAL', 'JEDIKNIGHTLUKE', 'JEDIKNIGHTREVAN']",2,100.0,63.5,Seen 2 Win % 100% Avg 63.5,https://swgoh.gg/gac/counters/BASTILASHAN/?season_id=CHAMPIONSHIPS_GRAND_ARENA_GA2_EVENT_SEASON_80,1
characters,BASTILASHAN,CHAMPIONSHIPS_GRAND_ARENA_GA2_EVENT_SEASON_80,THIRDSISTER,"['THIRDSISTER', 'FIFTHBROTHER', 'GRANDINQUISITOR', 'NINTHSISTER', 'SEVENTHSISTER']","['BASTILASHAN', 'GRANDMASTERLUKE', 'HERMITYODA', 'JEDIKNIGHTLUKE', 'WATTAMBOR']",2,100.0,63.0,Seen 2 Win % 100% Avg 63,https://swgoh.gg/gac/counters/BASTILASHAN/?season_id=CHAMPIONSHIPS_GRAND_ARENA_GA2_EVENT_SEASON_80,1
characters,BASTILASHAN,CHAMPIONSHIPS_GRAND_ARENA_GA2_EVENT_SEASON_80,BAYLANSKOLL,"['BAYLANSKOLL', 'DASHRENDAR', 'DENGAR', 'MARROK', 'SHINHATI']","['BASTILASHAN', 'GRANDMASTERLUKE', 'JEDIKNIGHTLUKE', 'MACEWINDU', 'WATTAMBOR']",1,100.0,64.0,Seen 1 Win % 100% Avg 64,https://swgoh.gg/gac/counters/BASTILASHAN/?season_id=CHAMPIONSHIPS_GRAND_ARENA_GA2_EVENT_SEASON_80,1
characters,BASTILASHAN,CHAMPIONSHIPS_GRAND_ARENA_GA2_EVENT_SEASON_80,BAYLANSKOLL,"['BAYLANSKOLL', 'DASHRENDAR', 'HONDO', 'MARROK', 'SHINHATI']","['BASTILASHAN', 'CARTHONASI', 'JOLEEBINDO', 'JUHANI', 'SATELESHAN']",1,100.0,65.0,Seen 1 Win % 100% Avg 65,https://swgoh.gg/gac/counters/BASTILASHAN/?season_id=CHAMPIONSHIPS_GRAND_ARENA_GA2_EVENT_SEASON_80,1
characters,BASTILASHAN,CHAMPIONSHIPS_GRAND_ARENA_GA2_EVENT_SEASON_80,BAYLANSKOLL,"['BAYLANSKOLL', 'DASHRENDAR', 'JANGOFETT', 'MARROK', 'SHINHATI']","['BASTILASHAN', 'GRANDMASTERLUKE', 'JEDIKNIGHTCAL', 'JEDIKNIGHTLUKE', 'JEDIKNIGHTREVAN']",1,100.0,63.0,Seen 1 Win % 100% Avg 63,https://swgoh.gg/gac/counters/BASTILASHAN/?season_id=CHAMPIONSHIPS_GRAND_ARENA_GA2_EVENT_SEASON_80,1
characters,BASTILASHAN,CHAMPIONSHIPS_GRAND_ARENA_GA2_EVENT_SEASON_80,BAYLANSKOLL,"['BAYLANSKOLL', 'DASHRENDAR', 'MARROK', 'QIRA', 'SHINHATI']","['BASTILASHAN', 'GRANDMASTERLUKE', 'KIADIMUNDI', 'LUMINARAUNDULI', 'WATTAMBOR']",1,100.0,60.0,Seen 1 Win % 100% Avg 60,https://swgoh.gg/gac/counters/BASTILASHAN/?season_id=CHAMPIONSHIPS_GRAND_ARENA_GA2_EVENT_SEASON_80,1
characters,BASTILASHAN,CHAMPIONSHIPS_GRAND_ARENA_GA2_EVENT_SEASON_80,BOBAFETTSCION,"['BOBAFETTSCION', '4LOM', 'ASAJJDARKDISCIPLE', 'FENNECSHAND', 'GREEFKARGA']","['BASTILASHAN', '50RT', 'JEDIKNIGHTREVAN', 'JOLEEBINDO', 'T3_M4']",1,100.0,65.0,Seen 1 Win % 100% Avg 65,https://swgoh.gg/gac/counters/BASTILASHAN/?season_id=CHAMPIONSHIPS_GRAND_ARENA_GA2_EVENT_SEASON_80,1
characters,BASTILASHAN,CHAMPIONSHIPS_GRAND_ARENA_GA2_EVENT_SEASON_80,CASSIANUNDERCOVER,"['CASSIANUNDERCOVER', 'CINTA', 'KLEYA', 'LUTHENRAEL', 'VEL']","['BASTILASHAN', 'DEPABILLABA', 'JEDIMASTERMACEWINDU', 'SATELESHAN', 'VANGUARDTEMPLEGUARD']",1,100.0,65.0,Seen 1 Win % 100% Avg 65,https://swgoh.gg/gac/counters/BASTILASHAN/?season_id=CHAMPIONSHIPS_GRAND_ARENA_GA2_EVENT_SEASON_80,1
characters,BASTILASHAN,CHAMPIONSHIPS_GRAND_ARENA_GA2_EVENT_SEASON_80,CEREJUNDA,"['CEREJUNDA', 'CALKESTIS', 'KYLOREN', 'REY', 'TARONMALICOS']","['BASTILASHAN', 'GRANDMASTERLUKE', 'HERMITYODA', 'JOLEEBINDO', 'WATTAMBOR']",1,100.0,64.0,Seen 1 Win % 100% Avg 64,https://swgoh.gg/gac/counters/BASTILASHAN/?season_id=CHAMPIONSHIPS_GRAND_ARENA_GA2_EVENT_SEASON_80,1
characters,BASTILASHAN,CHAMPIONSHIPS_GRAND_ARENA_GA2_EVENT_SEASON_80,CEREJUNDA,"['CEREJUNDA', 'CALKESTIS', 'KYLORENUNMASKED', 'MAULS7', 'TARONMALICOS']","['BASTILASHAN', 'GRANDMASTERLUKE', 'JEDIKNIGHTREVAN', 'JOLEEBINDO', 'WATTAMBOR']",1,100.0,65.0,Seen 1 Win % 100% Avg 65,https://swgoh.gg/gac/counters/BASTILASHAN/?season_id=CHAMPIONSHIPS_GRAND_ARENA_GA2_EVENT_SEASON_80,1
characters,BASTILASHAN,CHAMPIONSHIPS_GRAND_ARENA_GA2_EVENT_SEASON_80,CEREJUNDA,"['CEREJUNDA', 'KYLORENUNMASKED', 'MAULS7', 'REYJEDITRAINING', 'TARONMALICOS']","['BASTILASHAN', 'BARRISSOFFEE', 'GRANDMASTERLUKE', 'HERMITYODA', 'JOLEEBINDO']",1,100.0,61.0,Seen 1 Win % 100% Avg 61,https://swgoh.gg/gac/counters/BASTILASHAN/?season_id=CHAMPIONSHIPS_GRAND_ARENA_GA2_EVENT_SEASON_80,1
characters,THIRDSISTER,CHAMPIONSHIPS_GRAND_ARENA_GA2_EVENT_SEASON_80,DARTHBANE,"['DARTHBANE', 'DARTHSIDIOUS']","['THIRDSISTER', 'EIGHTHBROTHER', 'FIFTHBROTHER', 'GRANDINQUISITOR', 'SEVENTHSISTER']",455,99.0,64.95,Seen 455 Win % 99% Avg 64.95,https://swgoh.gg/gac/counters/THIRDSISTER/?season_id=CHAMPIONSHIPS_GRAND_ARENA_GA2_EVENT_SEASON_80,2
characters,THIRDSISTER,CHAMPIONSHIPS_GRAND_ARENA_GA2_EVENT_SEASON_80,DARTHBANE,"['DARTHBANE', 'SITHTROOPER']","['THIRDSISTER', 'FIFTHBROTHER', 'GRANDINQUISITOR', 'NINTHSISTER', 'SEVENTHSISTER']",480,99.0,64.8,Seen 480 Win % 99% Avg 64.8,https://swgoh.gg/gac/counters/THIRDSISTER/?season_id=CHAMPIONSHIPS_GRAND_ARENA_GA2_EVENT_SEASON_80,2
characters,THIRDSISTER,CHAMPIONSHIPS_GRAND_ARENA_GA2_EVENT_SEASON_80,SITHPALPATINE,"['SITHPALPATINE', 'DARTHBANE']","['THIRDSISTER', 'FIFTHBROTHER', 'GRANDINQUISITOR', 'NINTHSISTER', 'SEVENTHSISTER']",227,99.0,67.4,Seen 227 Win % 99% Avg 67.4,https://swgoh.gg/gac/counters/THIRDSISTER/?season_id=CHAMPIONSHIPS_GRAND_ARENA_GA2_EVENT_SEASON_80,2
characters,THIRDSISTER,CHAMPIONSHIPS_GRAND_ARENA_GA2_EVENT_SEASON_80,DARTHBANE,"['DARTHBANE', 'SITHASSASSIN']","['THIRDSISTER', 'FIFTHBROTHER', 'GRANDINQUISITOR', 'NINTHSISTER', 'SEVENTHSISTER']",345,99.0,64.66,Seen 345 Win % 99% Avg 64.66,https://swgoh.gg/gac/counters/THIRDSISTER/?season_id=CHAMPIONSHIPS_GRAND_ARENA_GA2_EVENT_SEASON_80,2
characters,THIRDSISTER,CHAMPIONSHIPS_GRAND_ARENA_GA2_EVENT_SEASON_80,DARTHBANE,"['DARTHBANE', 'COUNTDOOKU']","['THIRDSISTER', 'FIFTHBROTHER', 'GRANDINQUISITOR', 'NINTHSISTER', 'SEVENTHSISTER']",1371,99.0,64.55,"Seen 1,371 Win % 99% Avg 64.55",https://swgoh.gg/gac/counters/THIRDSISTER/?season_id=CHAMPIONSHIPS_GRAND_ARENA_GA2_EVENT_SEASON_80,2
characters,THIRDSISTER,CHAMPIONSHIPS_GRAND_ARENA_GA2_EVENT_SEASON_80,DARTHBANE,"['DARTHBANE', 'COUNTDOOKU']","['THIRDSISTER', 'EIGHTHBROTHER', 'FIFTHBROTHER', 'GRANDINQUISITOR', 'SEVENTHSISTER']",5693,99.0,64.45,"Seen 5,693 Win % 99% Avg 64.45",https://swgoh.gg/gac/counters/THIRDSISTER/?season_id=CHAMPIONSHIPS_GRAND_ARENA_GA2_EVENT_SEASON_80,2
characters,THIRDSISTER,CHAMPIONSHIPS_GRAND_ARENA_GA2_EVENT_SEASON_80,DARTHBANE,"['DARTHBANE', 'MAUL']","['THIRDSISTER', 'EIGHTHBROTHER', 'FIFTHBROTHER', 'GRANDINQUISITOR', 'SEVENTHSISTER']",321,99.0,64.5,Seen 321 Win % 99% Avg 64.5,https://swgoh.gg/gac/counters/THIRDSISTER/?season_id=CHAMPIONSHIPS_GRAND_ARENA_GA2_EVENT_SEASON_80,2
characters,THIRDSISTER,CHAMPIONSHIPS_GRAND_ARENA_GA2_EVENT_SEASON_80,DARTHBANE,"['DARTHBANE', 'SITHTROOPER']","['THIRDSISTER', 'EIGHTHBROTHER', 'FIFTHBROTHER', 'GRANDINQUISITOR', 'SEVENTHSISTER']",1851,98.0,64.47,"Seen 1,851 Win % 98% Avg 64.47",https://swgoh.gg/gac/counters/THIRDSISTER/?season_id=CHAMPIONSHIPS_GRAND_ARENA_GA2_EVENT_SEASON_80,2
characters,THIRDSISTER,CHAMPIONSHIPS_GRAND_ARENA_GA2_EVENT_SEASON_80,DARTHBANE,"['DARTHBANE', 'COUNTDOOKU']","['THIRDSISTER', 'EIGHTHBROTHER', 'GRANDINQUISITOR', 'NINTHSISTER', 'SEVENTHSISTER']",284,98.0,64.37,Seen 284 Win % 98% Avg 64.37,https://swgoh.gg/gac/counters/THIRDSISTER/?season_id=CHAMPIONSHIPS_GRAND_ARENA_GA2_EVENT_SEASON_80,2
characters,THIRDSISTER,CHAMPIONSHIPS_GRAND_ARENA_GA2_EVENT_SEASON_80,DARTHBANE,"['DARTHBANE', 'SITHASSASSIN']","['THIRDSISTER', 'EIGHTHBROTHER', 'FIFTHBROTHER', 'GRANDINQUISITOR', 'SEVENTHSISTER']",1537,98.0,64.3,"Seen 1,537 Win % 98% Avg 64.3",https://swgoh.gg/gac/counters/THIRDSISTER/?season_id=CHAMPIONSHIPS_GRAND_ARENA_GA2_EVENT_SEASON_80,2
characters,THIRDSISTER,CHAMPIONSHIPS_GRAND_ARENA_GA2_EVENT_SEASON_80,SUPREMELEADERKYLOREN,"['SUPREMELEADERKYLOREN', 'DARKREY', 'FOSITHTROOPER', 'GENERALHUX', 'KYLORENUNMASKED']","['THIRDSISTER', 'FIFTHBROTHER', 'GRANDINQUISITOR', 'NINTHSISTER', 'SEVENTHSISTER']",264,98.0,62.47,Seen 264 Win % 98% Avg 62.47,https://swgoh.gg/gac/counters/THIRDSISTER/?season_id=CHAMPIONSHIPS_GRAND_ARENA_GA2_EVENT_SEASON_80,2
characters,THIRDSISTER,CHAMPIONSHIPS_GRAND_ARENA_GA2_EVENT_SEASON_80,SITHPALPATINE,"['SITHPALPATINE', 'DARTHBANE']","['THIRDSISTER', 'EIGHTHBROTHER', 'FIFTHBROTHER', 'GRANDINQUISITOR', 'SEVENTHSISTER']",1041,98.0,66.38,"Seen 1,041 Win % 98% Avg 66.38",https://swgoh.gg/gac/counters/THIRDSISTER/?season_id=CHAMPIONSHIPS_GRAND_ARENA_GA2_EVENT_SEASON_80,2
characters,THIRDSISTER,CHAMPIONSHIPS_GRAND_ARENA_GA2_EVENT_SEASON_80,DARTHBANE,"['DARTHBANE', 'COUNTDOOKU']","['THIRDSISTER', 'FIFTHBROTHER', 'GRANDINQUISITOR', 'SECONDSISTER', 'SEVENTHSISTER']",241,98.0,63.95,Seen 241 Win % 98% Avg 63.95,https://swgoh.gg/gac/counters/THIRDSISTER/?season_id=CHAMPIONSHIPS_GRAND_ARENA_GA2_EVENT_SEASON_80,2
characters,THIRDSISTER,CHAMPIONSHIPS_GRAND_ARENA_GA2_EVENT_SEASON_80,DARTHBANE,"['DARTHBANE', 'VADER']","['THIRDSISTER', 'EIGHTHBROTHER', 'FIFTHBROTHER', 'GRANDINQUISITOR', 'SEVENTHSISTER']",211,98.0,63.83,Seen 211 Win % 98% Avg 63.83,https://swgoh.gg/gac/counters/THIRDSISTER/?season_id=CHAMPIONSHIPS_GRAND_ARENA_GA2_EVENT_SEASON_80,2
characters,THIRDSISTER,CHAMPIONSHIPS_GRAND_ARENA_GA2_EVENT_SEASON_80,CEREJUNDA,"['CEREJUNDA', 'KYLORENUNMASKED', 'MAULS7', 'REYJEDITRAINING', 'TARONMALICOS']","['THIRDSISTER', 'EIGHTHBROTHER', 'FIFTHBROTHER', 'GRANDINQUISITOR', 'SEVENTHSISTER']",257,98.0,61.44,Seen 257 Win % 98% Avg 61.44,https://swgoh.gg/gac/counters/THIRDSISTER/?season_id=CHAMPIONSHIPS_GRAND_ARENA_GA2_EVENT_SEASON_80,2
characters,THIRDSISTER,CHAMPIONSHIPS_GRAND_ARENA_GA2_EVENT_SEASON_80,SUPREMELEADERKYLOREN,"['SUPREMELEADERKYLOREN', 'DARKREY', 'FOSITHTROOPER', 'GENERALHUX', 'KYLORENUNMASKED']","['THIRDSISTER', 'EIGHTHBROTHER', 'FIFTHBROTHER', 'GRANDINQUISITOR', 'SEVENTHSISTER']",1123,98.0,62.19,"Seen 1,123 Win % 98% Avg 62.19",https://swgoh.gg/gac/counters/THIRDSISTER/?season_id=CHAMPIONSHIPS_GRAND_ARENA_GA2_EVENT_SEASON_80,2
characters,THIRDSISTER,CHAMPIONSHIPS_GRAND_ARENA_GA2_EVENT_SEASON_80,CEREJUNDA,"['CEREJUNDA', 'CALKESTIS', 'KYLORENUNMASKED', 'MAULS7', 'TARONMALICOS']","['THIRDSISTER', 'EIGHTHBROTHER', 'FIFTHBROTHER', 'GRANDINQUISITOR', 'SEVENTHSISTER']",461,97.0,60.9,Seen 461 Win % 97% Avg 60.9,https://swgoh.gg/gac/counters/THIRDSISTER/?season_id=CHAMPIONSHIPS_GRAND_ARENA_GA2_EVENT_SEASON_80,2
characters,THIRDSISTER,CHAMPIONSHIPS_GRAND_ARENA_GA2_EVENT_SEASON_80,CEREJUNDA,"['CEREJUNDA', 'CALKESTIS', 'KYLORENUNMASKED', 'MAULS7', 'TARONMALICOS']","['THIRDSISTER', 'FIFTHBROTHER', 'GRANDINQUISITOR', 'INQUISITORBARRISS', 'SEVENTHSISTER']",504,97.0,60.93,Seen 504 Win % 97% Avg 60.93,https://swgoh.gg/gac/counters/THIRDSISTER/?season_id=CHAMPIONSHIPS_GRAND_ARENA_GA2_EVENT_SEASON_80,2
characters,THIRDSISTER,CHAMPIONSHIPS_GRAND_ARENA_GA2_EVENT_SEASON_80,SUPREMELEADERKYLOREN,"['SUPREMELEADERKYLOREN', 'DARKREY', 'FOSITHTROOPER', 'GENERALHUX', 'KYLORENUNMASKED']","['THIRDSISTER', 'FIFTHBROTHER', 'GRANDINQUISITOR', 'INQUISITORBARRISS', 'SEVENTHSISTER']",389,97.0,61.5,Seen 389 Win % 97% Avg 61.5,https://swgoh.gg/gac/counters/THIRDSISTER/?season_id=CHAMPIONSHIPS_GRAND_ARENA_GA2_EVENT_SEASON_80,2
characters,THIRDSISTER,CHAMPIONSHIPS_GRAND_ARENA_GA2_EVENT_SEASON_80,CEREJUNDA,"['CEREJUNDA', 'FULCRUMAHSOKA', 'KYLORENUNMASKED', 'MAULS7', 'TARONMALICOS']","['THIRDSISTER', 'EIGHTHBROTHER', 'FIFTHBROTHER', 'GRANDINQUISITOR', 'SEVENTHSISTER']",327,96.0,59.76,Seen 327 Win % 96% Avg 59.76,https://swgoh.gg/gac/counters/THIRDSISTER/?season_id=CHAMPIONSHIPS_GRAND_ARENA_GA2_EVENT_SEASON_80,2
characters,THIRDSISTER,CHAMPIONSHIPS_GRAND_ARENA_GA2_EVENT_SEASON_80,CEREJUNDA,"['CEREJUNDA', 'KYLORENUNMASKED', 'MAULS7', 'NINTHSISTER', 'TARONMALICOS']","['THIRDSISTER', 'FIFTHBROTHER', 'GRANDINQUISITOR', 'INQUISITORBARRISS', 'SEVENTHSISTER']",419,96.0,60.07,Seen 419 Win % 96% Avg 60.07,https://swgoh.gg/gac/counters/THIRDSISTER/?season_id=CHAMPIONSHIPS_GRAND_ARENA_GA2_EVENT_SEASON_80,2
characters,THIRDSISTER,CHAMPIONSHIPS_GRAND_ARENA_GA2_EVENT_SEASON_80,SUPREMELEADERKYLOREN,"['SUPREMELEADERKYLOREN', 'DARKREY', 'FIRSTORDERTROOPER', 'FOSITHTROOPER', 'GENERALHUX']","['THIRDSISTER', 'EIGHTHBROTHER', 'FIFTHBROTHER', 'GRANDINQUISITOR', 'SEVENTHSISTER']",220,96.0,60.58,Seen 220 Win % 96% Avg 60.58,https://swgoh.gg/gac/counters/THIRDSISTER/?season_id=CHAMPIONSHIPS_GRAND_ARENA_GA2_EVENT_SEASON_80,2
characters,THIRDSISTER,CHAMPIONSHIPS_GRAND_ARENA_GA2_EVENT_SEASON_80,CEREJUNDA,"['CEREJUNDA', 'CALKESTIS', 'MAULS7', 'NINTHSISTER', 'TARONMALICOS']","['THIRDSISTER', 'EIGHTHBROTHER', 'FIFTHBROTHER', 'GRANDINQUISITOR', 'SEVENTHSISTER']",779,96.0,59.12,Seen 779 Win % 96% Avg 59.12,https://swgoh.gg/gac/counters/THIRDSISTER/?season_id=CHAMPIONSHIPS_GRAND_ARENA_GA2_EVENT_SEASON_80,2
characters,THIRDSISTER,CHAMPIONSHIPS_GRAND_ARENA_GA2_EVENT_SEASON_80,CEREJUNDA,"['CEREJUNDA', 'KYLORENUNMASKED', 'MAULS7', 'NINTHSISTER', 'TARONMALICOS']","['THIRDSISTER', 'EIGHTHBROTHER', 'FIFTHBROTHER', 'GRANDINQUISITOR', 'SEVENTHSISTER']",170,95.0,59.72,Seen 170 Win % 95% Avg 59.72,https://swgoh.gg/gac/counters/THIRDSISTER/?season_id=CHAMPIONSHIPS_GRAND_ARENA_GA2_EVENT_SEASON_80,2
characters,THIRDSISTER,CHAMPIONSHIPS_GRAND_ARENA_GA2_EVENT_SEASON_80,CEREJUNDA,"['CEREJUNDA', 'CALKESTIS', 'MAULS7', 'NINTHSISTER', 'TARONMALICOS']","['THIRDSISTER', 'FIFTHBROTHER', 'GRANDINQUISITOR', 'NINTHSISTER', 'SEVENTHSISTER']",183,95.0,58.74,Seen 183 Win % 95% Avg 58.74,https://swgoh.gg/gac/counters/THIRDSISTER/?season_id=CHAMPIONSHIPS_GRAND_ARENA_GA2_EVENT_SEASON_80,2
characters,THIRDSISTER,CHAMPIONSHIPS_GRAND_ARENA_GA2_EVENT_SEASON_80,CEREJUNDA,"['CEREJUNDA', 'ASAJVENTRESS', 'KYLORENUNMASKED', 'MAULS7', 'TARONMALICOS']","['THIRDSISTER', 'FIFTHBROTHER', 'GRANDINQUISITOR', 'INQUISITORBARRISS', 'SEVENTHSISTER']",243,94.0,58.93,Seen 243 Win % 94% Avg 58.93,https://swgoh.gg/gac/counters/THIRDSISTER/?season_id=CHAMPIONSHIPS_GRAND_ARENA_GA2_EVENT_SEASON_80,2
characters,THIRDSISTER,CHAMPIONSHIPS_GRAND_ARENA_GA2_EVENT_SEASON_80,LORDVADER,"['LORDVADER', 'APPO', 'DISGUISEDCLONETROOPER', 'OPERATIVE', 'SCORCH']","['THIRDSISTER', 'FIFTHBROTHER', 'GRANDINQUISITOR', 'NINTHSISTER', 'SEVENTHSISTER']",279,94.0,54.12,Seen 279 Win % 94% Avg 54.12,https://swgoh.gg/gac/counters/THIRDSISTER/?season_id=CHAMPIONSHIPS_GRAND_ARENA_GA2_EVENT_SEASON_80,2
characters,THIRDSISTER,CHAMPIONSHIPS_GRAND_ARENA_GA2_EVENT_SEASON_80,CEREJUNDA,"['CEREJUNDA', 'CALKESTIS', 'FULCRUMAHSOKA', 'KYLORENUNMASKED', 'TARONMALICOS']","['THIRDSISTER', 'EIGHTHBROTHER', 'FIFTHBROTHER', 'GRANDINQUISITOR', 'SEVENTHSISTER']",167,94.0,58.44,Seen 167 Win % 94% Avg 58.44,https://swgoh.gg/gac/counters/THIRDSISTER/?season_id=CHAMPIONSHIPS_GRAND_ARENA_GA2_EVENT_SEASON_80,2
characters,THIRDSISTER,CHAMPIONSHIPS_GRAND_ARENA_GA2_EVENT_SEASON_80,CEREJUNDA,"['CEREJUNDA', 'MAULS7', 'NINTHSISTER', 'REYJEDITRAINING', 'TARONMALICOS']","['THIRDSISTER', 'EIGHTHBROTHER', 'FIFTHBROTHER', 'GRANDINQUISITOR', 'SEVENTHSISTER']",198,93.0,57.98,Seen 198 Win % 93% Avg 57.98,https://swgoh.gg/gac/counters/THIRDSISTER/?season_id=CHAMPIONSHIPS_GRAND_ARENA_GA2_EVENT_SEASON_80,2
characters,THIRDSISTER,CHAMPIONSHIPS_GRAND_ARENA_GA2_EVENT_SEASON_80,CEREJUNDA,"['CEREJUNDA', 'KYLOREN', 'MAULS7', 'NINTHSISTER', 'TARONMALICOS']","['THIRDSISTER', 'EIGHTHBROTHER', 'FIFTHBROTHER', 'GRANDINQUISITOR', 'SEVENTHSISTER']",202,93.0,57.18,Seen 202 Win % 93% Avg 57.18,https://swgoh.gg/gac/counters/THIRDSISTER/?season_id=CHAMPIONSHIPS_GRAND_ARENA_GA2_EVENT_SEASON_80,2
characters,THIRDSISTER,CHAMPIONSHIPS_GRAND_ARENA_GA2_EVENT_SEASON_80,GENERALSKYWALKER,"['GENERALSKYWALKER', 'ARCTROOPER501ST', 'CAPTAINREX', 'CT5555', 'CT7567']","['THIRDSISTER', 'EIGHTHBROTHER', 'FIFTHBROTHER', 'GRANDINQUISITOR', 'SEVENTHSISTER']",1215,92.0,59.81,"Seen 1,215 Win % 92% Avg 59.81",https://swgoh.gg/gac/counters/THIRDSISTER/?season_id=CHAMPIONSHIPS_GRAND_ARENA_GA2_EVENT_SEASON_80,2
characters,THIRDSISTER,CHAMPIONSHIPS_GRAND_ARENA_GA2_EVENT_SEASON_80,DARTHBANE,"['DARTHBANE', 'DARTHREVAN']","['THIRDSISTER', 'FIFTHBROTHER', 'GRANDINQUISITOR', 'INQUISITORBARRISS', 'SEVENTHSISTER']",301,92.0,60.05,Seen 301 Win % 92% Avg 60.05,https://swgoh.gg/gac/counters/THIRDSISTER/?season_id=CHAMPIONSHIPS_GRAND_ARENA_GA2_EVENT_SEASON_80,2
characters,THIRDSISTER,CHAMPIONSHIPS_GRAND_ARENA_GA2_EVENT_SEASON_80,GLHONDO,"['GLHONDO', 'BRUTUS', 'CAPTAINSILVO', 'SM33', 'VANE']","['THIRDSISTER', 'EIGHTHBROTHER', 'FIFTHBROTHER', 'GRANDINQUISITOR', 'SEVENTHSISTER']",356,91.0,59.39,Seen 356 Win % 91% Avg 59.39,https://swgoh.gg/gac/counters/THIRDSISTER/?season_id=CHAMPIONSHIPS_GRAND_ARENA_GA2_EVENT_SEASON_80,2
characters,THIRDSISTER,CHAMPIONSHIPS_GRAND_ARENA_GA2_EVENT_SEASON_80,DARTHBANE,"['DARTHBANE', 'SITHTROOPER']","['THIRDSISTER', 'EIGHTHBROTHER', 'GRANDINQUISITOR', 'INQUISITORBARRISS', 'SEVENTHSISTER']",368,91.0,59.62,Seen 368 Win % 91% Avg 59.62,https://swgoh.gg/gac/counters/THIRDSISTER/?season_id=CHAMPIONSHIPS_GRAND_ARENA_GA2_EVENT_SEASON_80,2
characters,THIRDSISTER,CHAMPIONSHIPS_GRAND_ARENA_GA2_EVENT_SEASON_80,CEREJUNDA,"['CEREJUNDA', 'CALKESTIS', 'FULCRUMAHSOKA', 'MAULS7', 'TARONMALICOS']","['THIRDSISTER', 'EIGHTHBROTHER', 'FIFTHBROTHER', 'GRANDINQUISITOR', 'SEVENTHSISTER']",280,91.0,56.09,Seen 280 Win % 91% Avg 56.09,https://swgoh.gg/gac/counters/THIRDSISTER/?season_id=CHAMPIONSHIPS_GRAND_ARENA_GA2_EVENT_SEASON_80,2
characters,THIRDSISTER,CHAMPIONSHIPS_GRAND_ARENA_GA2_EVENT_SEASON_80,DARTHBANE,"['DARTHBANE', 'SITHTROOPER']","['THIRDSISTER', 'FIFTHBROTHER', 'GRANDINQUISITOR', 'INQUISITORBARRISS', 'SEVENTHSISTER']",1069,87.0,57.24,"Seen 1,069 Win % 87% Avg 57.24",https://swgoh.gg/gac/counters/THIRDSISTER/?season_id=CHAMPIONSHIPS_GRAND_ARENA_GA2_EVENT_SEASON_80,2
characters,THIRDSISTER,CHAMPIONSHIPS_GRAND_ARENA_GA2_EVENT_SEASON_80,DARTHBANE,"['DARTHBANE', 'SITHASSASSIN']","['THIRDSISTER', 'EIGHTHBROTHER', 'GRANDINQUISITOR', 'INQUISITORBARRISS', 'SEVENTHSISTER']",289,87.0,56.71,Seen 289 Win % 87% Avg 56.71,https://swgoh.gg/gac/counters/THIRDSISTER/?season_id=CHAMPIONSHIPS_GRAND_ARENA_GA2_EVENT_SEASON_80,2
characters,THIRDSISTER,CHAMPIONSHIPS_GRAND_ARENA_GA2_EVENT_SEASON_80,DARTHBANE,"['DARTHBANE', 'COUNTDOOKU']","['THIRDSISTER', 'EIGHTHBROTHER', 'GRANDINQUISITOR', 'INQUISITORBARRISS', 'SEVENTHSISTER']",804,85.0,55.48,Seen 804 Win % 85% Avg 55.48,https://swgoh.gg/gac/counters/THIRDSISTER/?season_id=CHAMPIONSHIPS_GRAND_ARENA_GA2_EVENT_SEASON_80,2
characters,THIRDSISTER,CHAMPIONSHIPS_GRAND_ARENA_GA2_EVENT_SEASON_80,LORDVADER,"['LORDVADER', 'APPO', 'DISGUISEDCLONETROOPER', 'OPERATIVE', 'SCORCH']","['THIRDSISTER', 'EIGHTHBROTHER', 'FIFTHBROTHER', 'GRANDINQUISITOR', 'SEVENTHSISTER']",1084,85.0,47.57,"Seen 1,084 Win % 85% Avg 47.57",https://swgoh.gg/gac/counters/THIRDSISTER/?season_id=CHAMPIONSHIPS_GRAND_ARENA_GA2_EVENT_SEASON_80,2
characters,THIRDSISTER,CHAMPIONSHIPS_GRAND_ARENA_GA2_EVENT_SEASON_80,DARTHBANE,"['DARTHBANE', 'SITHTROOPER']","['THIRDSISTER', 'GRANDINQUISITOR', 'INQUISITORBARRISS', 'NINTHSISTER', 'SEVENTHSISTER']",246,84.0,55.26,Seen 246 Win % 84% Avg 55.26,https://swgoh.gg/gac/counters/THIRDSISTER/?season_id=CHAMPIONSHIPS_GRAND_ARENA_GA2_EVENT_SEASON_80,2
characters,THIRDSISTER,CHAMPIONSHIPS_GRAND_ARENA_GA2_EVENT_SEASON_80,DARTHBANE,"['DARTHBANE', 'SITHASSASSIN']","['THIRDSISTER', 'FIFTHBROTHER', 'GRANDINQUISITOR', 'INQUISITORBARRISS', 'SEVENTHSISTER']",935,83.0,54.24,Seen 935 Win % 83% Avg 54.24,https://swgoh.gg/gac/counters/THIRDSISTER/?season_id=CHAMPIONSHIPS_GRAND_ARENA_GA2_EVENT_SEASON_80,2
characters,THIRDSISTER,CHAMPIONSHIPS_GRAND_ARENA_GA2_EVENT_SEASON_80,GENERALSKYWALKER,"['GENERALSKYWALKER', 'ARCTROOPER501ST', 'CAPTAINREX', 'CT5555', 'CT7567']","['THIRDSISTER', 'FIFTHBROTHER', 'GRANDINQUISITOR', 'NINTHSISTER', 'SEVENTHSISTER']",226,82.0,53.34,Seen 226 Win % 82% Avg 53.34,https://swgoh.gg/gac/counters/THIRDSISTER/?season_id=CHAMPIONSHIPS_GRAND_ARENA_GA2_EVENT_SEASON_80,2
characters,THIRDSISTER,CHAMPIONSHIPS_GRAND_ARENA_GA2_EVENT_SEASON_80,DARTHBANE,"['DARTHBANE', 'COUNTDOOKU']","['THIRDSISTER', 'GRANDINQUISITOR', 'INQUISITORBARRISS', 'NINTHSISTER', 'SEVENTHSISTER']",600,81.0,53.3,Seen 600 Win % 81% Avg 53.3,https://swgoh.gg/gac/counters/THIRDSISTER/?season_id=CHAMPIONSHIPS_GRAND_ARENA_GA2_EVENT_SEASON_80,2
characters,THIRDSISTER,CHAMPIONSHIPS_GRAND_ARENA_GA2_EVENT_SEASON_80,CEREJUNDA,"['CEREJUNDA', 'FULCRUMAHSOKA', 'MAULS7', 'NINTHSISTER', 'TARONMALICOS']","['THIRDSISTER', 'EIGHTHBROTHER', 'FIFTHBROTHER', 'GRANDINQUISITOR', 'SEVENTHSISTER']",515,81.0,49.96,Seen 515 Win % 81% Avg 49.96,https://swgoh.gg/gac/counters/THIRDSISTER/?season_id=CHAMPIONSHIPS_GRAND_ARENA_GA2_EVENT_SEASON_80,2
characters,THIRDSISTER,CHAMPIONSHIPS_GRAND_ARENA_GA2_EVENT_SEASON_80,CEREJUNDA,"['CEREJUNDA', 'CALKESTIS', 'FULCRUMAHSOKA', 'NINTHSISTER', 'TARONMALICOS']","['THIRDSISTER', 'EIGHTHBROTHER', 'FIFTHBROTHER', 'GRANDINQUISITOR', 'SEVENTHSISTER']",224,81.0,50.23,Seen 224 Win % 81% Avg 50.23,https://swgoh.gg/gac/counters/THIRDSISTER/?season_id=CHAMPIONSHIPS_GRAND_ARENA_GA2_EVENT_SEASON_80,2
characters,THIRDSISTER,CHAMPIONSHIPS_GRAND_ARENA_GA2_EVENT_SEASON_80,SITHPALPATINE,"['SITHPALPATINE', 'DARTHBANE']","['THIRDSISTER', 'EIGHTHBROTHER', 'GRANDINQUISITOR', 'INQUISITORBARRISS', 'SEVENTHSISTER']",166,80.0,53.94,Seen 166 Win % 80% Avg 53.94,https://swgoh.gg/gac/counters/THIRDSISTER/?season_id=CHAMPIONSHIPS_GRAND_ARENA_GA2_EVENT_SEASON_80,2
characters,THIRDSISTER,CHAMPIONSHIPS_GRAND_ARENA_GA2_EVENT_SEASON_80,DARTHBANE,"['DARTHBANE', 'COUNTDOOKU']","['THIRDSISTER', 'GRANDINQUISITOR', 'INQUISITORBARRISS', 'NINTHSISTER', 'SECONDSISTER']",215,80.0,52.46,Seen 215 Win % 80% Avg 52.46,https://swgoh.gg/gac/counters/THIRDSISTER/?season_id=CHAMPIONSHIPS_GRAND_ARENA_GA2_EVENT_SEASON_80,2
characters,THIRDSISTER,CHAMPIONSHIPS_GRAND_ARENA_GA2_EVENT_SEASON_80,DARTHBANE,"['DARTHBANE', 'COUNTDOOKU']","['THIRDSISTER', 'FIFTHBROTHER', 'GRANDINQUISITOR', 'INQUISITORBARRISS', 'SEVENTHSISTER']",2269,80.0,52.11,"Seen 2,269 Win % 80% Avg 52.11",https://swgoh.gg/gac/counters/THIRDSISTER/?season_id=CHAMPIONSHIPS_GRAND_ARENA_GA2_EVENT_SEASON_80,2
characters,THIRDSISTER,CHAMPIONSHIPS_GRAND_ARENA_GA2_EVENT_SEASON_80,DARTHTRAYA,"['DARTHTRAYA', 'DARTHNIHILUS', 'DARTHTALON', 'SAVAGEOPRESS', 'SITHTROOPER']","['THIRDSISTER', 'EIGHTHBROTHER', 'FIFTHBROTHER', 'GRANDINQUISITOR', 'SEVENTHSISTER']",181,78.0,49.54,Seen 181 Win % 78% Avg 49.54,https://swgoh.gg/gac/counters/THIRDSISTER/?season_id=CHAMPIONSHIPS_GRAND_ARENA_GA2_EVENT_SEASON_80,2
characters,THIRDSISTER,CHAMPIONSHIPS_GRAND_ARENA_GA2_EVENT_SEASON_80,DARTHBANE,"['DARTHBANE', 'SITHASSASSIN']","['THIRDSISTER', 'GRANDINQUISITOR', 'INQUISITORBARRISS', 'NINTHSISTER', 'SEVENTHSISTER']",223,78.0,50.86,Seen 223 Win % 78% Avg 50.86,https://swgoh.gg/gac/counters/THIRDSISTER/?season_id=CHAMPIONSHIPS_GRAND_ARENA_GA2_EVENT_SEASON_80,2
characters,DARTHMALGUS,CHAMPIONSHIPS_GRAND_ARENA_GA2_EVENT_SEASON_80,MAZKANATA,"['MAZKANATA', 'HONDO', 'ITHANO', 'KIX', 'QUIGGOLD']","['DARTHMALGUS', 'BASTILASHANDARK', 'DARTHMALAK', 'DARTHREVAN', 'DARTHTALON']",175,99.0,64.61,Seen 175 Win % 99% Avg 64.61,https://swgoh.gg/gac/counters/DARTHMALGUS/?season_id=CHAMPIONSHIPS_GRAND_ARENA_GA2_EVENT_SEASON_80,1
characters,DARTHMALGUS,CHAMPIONSHIPS_GRAND_ARENA_GA2_EVENT_SEASON_80,MAZKANATA,"['MAZKANATA', 'HONDO', 'ITHANO', 'KIX', 'QUIGGOLD']","['DARTHMALGUS', 'BASTILASHANDARK', 'DARTHMALAK', 'DARTHREVAN', 'SITHMARAUDER']",2269,99.0,64.5,"Seen 2,269 Win % 99% Avg 64.5",https://swgoh.gg/gac/counters/DARTHMALGUS/?season_id=CHAMPIONSHIPS_GRAND_ARENA_GA2_EVENT_SEASON_80,1
characters,DARTHMALGUS,CHAMPIONSHIPS_GRAND_ARENA_GA2_EVENT_SEASON_80,MAZKANATA,"['MAZKANATA', 'BRUTUS', 'ITHANO', 'KIX', 'QUIGGOLD']","['DARTHMALGUS', 'BASTILASHANDARK', 'DARTHMALAK', 'DARTHREVAN', 'SITHMARAUDER']",235,99.0,64.44,Seen 235 Win % 99% Avg 64.44,https://swgoh.gg/gac/counters/DARTHMALGUS/?season_id=CHAMPIONSHIPS_GRAND_ARENA_GA2_EVENT_SEASON_80,1
characters,DARTHMALGUS,CHAMPIONSHIPS_GRAND_ARENA_GA2_EVENT_SEASON_80,MAZKANATA,"['MAZKANATA', 'ITHANO', 'KIX', 'QUIGGOLD', 'SM33']","['DARTHMALGUS', 'BASTILASHANDARK', 'DARTHMALAK', 'DARTHREVAN', 'SITHTROOPER']",110,99.0,64.4,Seen 110 Win % 99% Avg 64.4,https://swgoh.gg/gac/counters/DARTHMALGUS/?season_id=CHAMPIONSHIPS_GRAND_ARENA_GA2_EVENT_SEASON_80,1
characters,DARTHMALGUS,CHAMPIONSHIPS_GRAND_ARENA_GA2_EVENT_SEASON_80,SUPREMELEADERKYLOREN,"['SUPREMELEADERKYLOREN', 'DARKREY', 'FOSITHTROOPER', 'GENERALHUX', 'KYLORENUNMASKED']","['DARTHMALGUS', 'BASTILASHANDARK', 'DARTHMALAK', 'DARTHREVAN', 'SITHMARAUDER']",329,99.0,60.49,Seen 329 Win % 99% Avg 60.49,https://swgoh.gg/gac/counters/DARTHMALGUS/?season_id=CHAMPIONSHIPS_GRAND_ARENA_GA2_EVENT_SEASON_80,1
characters,DARTHMALGUS,CHAMPIONSHIPS_GRAND_ARENA_GA2_EVENT_SEASON_80,MAZKANATA,"['MAZKANATA', 'HONDO', 'ITHANO', 'KIX', 'QUIGGOLD']","['DARTHMALGUS', 'BASTILASHANDARK', 'DARTHMALAK', 'DARTHREVAN', 'SITHASSASSIN']",103,99.0,64.33,Seen 103 Win % 99% Avg 64.33,https://swgoh.gg/gac/counters/DARTHMALGUS/?season_id=CHAMPIONSHIPS_GRAND_ARENA_GA2_EVENT_SEASON_80,1
characters,DARTHMALGUS,CHAMPIONSHIPS_GRAND_ARENA_GA2_EVENT_SEASON_80,MAZKANATA,"['MAZKANATA', 'HONDO', 'ITHANO', 'KIX', 'QUIGGOLD']","['DARTHMALGUS', 'BASTILASHANDARK', 'DARTHMALAK', 'DARTHREVAN', 'HK47']",99,98.0,64.26,Seen 99 Win % 98% Avg 64.26,https://swgoh.gg/gac/counters/DARTHMALGUS/?season_id=CHAMPIONSHIPS_GRAND_ARENA_GA2_EVENT_SEASON_80,1
characters,DARTHMALGUS,CHAMPIONSHIPS_GRAND_ARENA_GA2_EVENT_SEASON_80,MAZKANATA,"['MAZKANATA', 'ITHANO', 'KIX', 'QUIGGOLD']","['DARTHMALGUS', 'BASTILASHANDARK', 'DARTHMALAK', 'DARTHREVAN', 'SITHMARAUDER']",195,98.0,65.36,Seen 195 Win % 98% Avg 65.36,https://swgoh.gg/gac/counters/DARTHMALGUS/?season_id=CHAMPIONSHIPS_GRAND_ARENA_GA2_EVENT_SEASON_80,1
characters,DARTHMALGUS,CHAMPIONSHIPS_GRAND_ARENA_GA2_EVENT_SEASON_80,SITHPALPATINE,"['SITHPALPATINE', 'SITHTROOPER', 'WATTAMBOR']","['DARTHMALGUS', 'BASTILASHANDARK', 'DARTHMALAK', 'DARTHREVAN', 'HK47']",84,98.0,60.81,Seen 84 Win % 98% Avg 60.81,https://swgoh.gg/gac/counters/DARTHMALGUS/?season_id=CHAMPIONSHIPS_GRAND_ARENA_GA2_EVENT_SEASON_80,1
characters,DARTHMALGUS,CHAMPIONSHIPS_GRAND_ARENA_GA2_EVENT_SEASON_80,SITHPALPATINE,"['SITHPALPATINE', 'DARTHBANE']","['DARTHMALGUS', 'BASTILASHANDARK', 'DARTHMALAK', 'DARTHREVAN', 'SITHMARAUDER']",323,98.0,66.83,Seen 323 Win % 98% Avg 66.83,https://swgoh.gg/gac/counters/DARTHMALGUS/?season_id=CHAMPIONSHIPS_GRAND_ARENA_GA2_EVENT_SEASON_80,1
characters,DARTHMALGUS,CHAMPIONSHIPS_GRAND_ARENA_GA2_EVENT_SEASON_80,DARTHBANE,"['DARTHBANE', 'SITHASSASSIN']","['DARTHMALGUS', 'BASTILASHANDARK', 'DARTHMALAK', 'DARTHREVAN', 'SITHMARAUDER']",148,98.0,64.06,Seen 148 Win % 98% Avg 64.06,https://swgoh.gg/gac/counters/DARTHMALGUS/?season_id=CHAMPIONSHIPS_GRAND_ARENA_GA2_EVENT_SEASON_80,1
characters,DARTHMALGUS,CHAMPIONSHIPS_GRAND_ARENA_GA2_EVENT_SEASON_80,SITHPALPATINE,"['SITHPALPATINE', 'WATTAMBOR']","['DARTHMALGUS', 'BASTILASHANDARK', 'DARTHMALAK', 'DARTHREVAN', 'DARTHTALON']",285,98.0,64.11,Seen 285 Win % 98% Avg 64.11,https://swgoh.gg/gac/counters/DARTHMALGUS/?season_id=CHAMPIONSHIPS_GRAND_ARENA_GA2_EVENT_SEASON_80,1
characters,DARTHMALGUS,CHAMPIONSHIPS_GRAND_ARENA_GA2_EVENT_SEASON_80,MAZKANATA,"['MAZKANATA', 'HONDO', 'ITHANO', 'KIX', 'QUIGGOLD']","['DARTHMALGUS', 'BASTILASHANDARK', 'DARTHMALAK', 'DARTHREVAN', 'SITHTROOPER']",220,98.0,63.81,Seen 220 Win % 98% Avg 63.81,https://swgoh.gg/gac/counters/DARTHMALGUS/?season_id=CHAMPIONSHIPS_GRAND_ARENA_GA2_EVENT_SEASON_80,1
characters,DARTHMALGUS,CHAMPIONSHIPS_GRAND_ARENA_GA2_EVENT_SEASON_80,DARTHBANE,"['DARTHBANE', 'COUNTDOOKU']","['DARTHMALGUS', 'BASTILASHANDARK', 'DARTHMALAK', 'DARTHREVAN', 'SITHMARAUDER']",403,98.0,63.67,Seen 403 Win % 98% Avg 63.67,https://swgoh.gg/gac/counters/DARTHMALGUS/?season_id=CHAMPIONSHIPS_GRAND_ARENA_GA2_EVENT_SEASON_80,1
characters,DARTHMALGUS,CHAMPIONSHIPS_GRAND_ARENA_GA2_EVENT_SEASON_80,SITHPALPATINE,"['SITHPALPATINE', 'SITHTROOPER', 'WATTAMBOR']","['DARTHMALGUS', 'BASTILASHANDARK', 'DARTHMALAK', 'DARTHREVAN', 'DARTHTALON']",136,97.0,59.74,Seen 136 Win % 97% Avg 59.74,https://swgoh.gg/gac/counters/DARTHMALGUS/?season_id=CHAMPIONSHIPS_GRAND_ARENA_GA2_EVENT_SEASON_80,1
characters,DARTHMALGUS,CHAMPIONSHIPS_GRAND_ARENA_GA2_EVENT_SEASON_80,MAZKANATA,"['MAZKANATA', 'ITHANO', 'KIX', 'QUIGGOLD', 'SM33']","['DARTHMALGUS', 'BASTILASHANDARK', 'DARTHMALAK', 'DARTHREVAN', 'SITHMARAUDER']",1025,97.0,63.53,"Seen 1,025 Win % 97% Avg 63.53",https://swgoh.gg/gac/counters/DARTHMALGUS/?season_id=CHAMPIONSHIPS_GRAND_ARENA_GA2_EVENT_SEASON_80,1
characters,DARTHMALGUS,CHAMPIONSHIPS_GRAND_ARENA_GA2_EVENT_SEASON_80,SITHPALPATINE,"['SITHPALPATINE', 'COUNTDOOKU', 'DARTHSIDIOUS', 'SITHTROOPER', 'WATTAMBOR']","['DARTHMALGUS', 'BASTILASHANDARK', 'DARTHMALAK', 'DARTHREVAN', 'SITHMARAUDER']",85,97.0,53.28,Seen 85 Win % 97% Avg 53.28,https://swgoh.gg/gac/counters/DARTHMALGUS/?season_id=CHAMPIONSHIPS_GRAND_ARENA_GA2_EVENT_SEASON_80,1
characters,DARTHMALGUS,CHAMPIONSHIPS_GRAND_ARENA_GA2_EVENT_SEASON_80,SITHPALPATINE,"['SITHPALPATINE', 'ARMORER', 'SITHTROOPER', 'WATTAMBOR']","['DARTHMALGUS', 'BASTILASHANDARK', 'DARTHMALAK', 'DARTHREVAN', 'SITHMARAUDER']",82,97.0,56.12,Seen 82 Win % 97% Avg 56.12,https://swgoh.gg/gac/counters/DARTHMALGUS/?season_id=CHAMPIONSHIPS_GRAND_ARENA_GA2_EVENT_SEASON_80,1
characters,DARTHMALGUS,CHAMPIONSHIPS_GRAND_ARENA_GA2_EVENT_SEASON_80,MAZKANATA,"['MAZKANATA', 'ENFYSNEST', 'ITHANO', 'KIX', 'QUIGGOLD']","['DARTHMALGUS', 'BASTILASHANDARK', 'DARTHMALAK', 'DARTHREVAN', 'SITHMARAUDER']",1129,97.0,63.27,"Seen 1,129 Win % 97% Avg 63.27",https://swgoh.gg/gac/counters/DARTHMALGUS/?season_id=CHAMPIONSHIPS_GRAND_ARENA_GA2_EVENT_SEASON_80,1
characters,DARTHMALGUS,CHAMPIONSHIPS_GRAND_ARENA_GA2_EVENT_SEASON_80,MAZKANATA,"['MAZKANATA', 'ITHANO', 'KIX', 'QUIGGOLD', 'SM33']","['DARTHMALGUS', 'BASTILASHANDARK', 'DARTHMALAK', 'DARTHREVAN', 'DARTHTALON']",72,97.0,63.11,Seen 72 Win % 97% Avg 63.11,https://swgoh.gg/gac/counters/DARTHMALGUS/?season_id=CHAMPIONSHIPS_GRAND_ARENA_GA2_EVENT_SEASON_80,1
characters,DARTHMALGUS,CHAMPIONSHIPS_GRAND_ARENA_GA2_EVENT_SEASON_80,MAZKANATA,"['MAZKANATA', 'ITHANO', 'KIX', 'QUIGGOLD', 'SANASTARROS']","['DARTHMALGUS', 'BASTILASHANDARK', 'DARTHMALAK', 'DARTHREVAN', 'SITHMARAUDER']",302,97.0,63.08,Seen 302 Win % 97% Avg 63.08,https://swgoh.gg/gac/counters/DARTHMALGUS/?season_id=CHAMPIONSHIPS_GRAND_ARENA_GA2_EVENT_SEASON_80,1
characters,DARTHMALGUS,CHAMPIONSHIPS_GRAND_ARENA_GA2_EVENT_SEASON_80,JABBATHEHUTT,"['JABBATHEHUTT', 'BOBAFETT', 'BOUSHH', 'KRRSANTAN', 'UNDERCOVERLANDO']","['DARTHMALGUS', 'BASTILASHANDARK', 'DARTHMALAK', 'DARTHREVAN', 'SITHMARAUDER']",529,96.0,62.38,Seen 529 Win % 96% Avg 62.38,https://swgoh.gg/gac/counters/DARTHMALGUS/?season_id=CHAMPIONSHIPS_GRAND_ARENA_GA2_EVENT_SEASON_80,1
characters,DARTHMALGUS,CHAMPIONSHIPS_GRAND_ARENA_GA2_EVENT_SEASON_80,JABBATHEHUTT,"['JABBATHEHUTT', 'BOUSHH', 'EMBO', 'KRRSANTAN', 'UNDERCOVERLANDO']","['DARTHMALGUS', 'BASTILASHANDARK', 'DARTHMALAK', 'DARTHREVAN', 'SITHMARAUDER']",396,96.0,61.94,Seen 396 Win % 96% Avg 61.94,https://swgoh.gg/gac/counters/DARTHMALGUS/?season_id=CHAMPIONSHIPS_GRAND_ARENA_GA2_EVENT_SEASON_80,1
characters,DARTHMALGUS,CHAMPIONSHIPS_GRAND_ARENA_GA2_EVENT_SEASON_80,JABBATHEHUTT,"['JABBATHEHUTT', 'BOBAFETT', 'BOUSHH', 'EMBO', 'KRRSANTAN']","['DARTHMALGUS', 'BASTILASHANDARK', 'DARTHMALAK', 'DARTHREVAN', 'SITHMARAUDER']",150,96.0,61.95,Seen 150 Win % 96% Avg 61.95,https://swgoh.gg/gac/counters/DARTHMALGUS/?season_id=CHAMPIONSHIPS_GRAND_ARENA_GA2_EVENT_SEASON_80,1
characters,DARTHMALGUS,CHAMPIONSHIPS_GRAND_ARENA_GA2_EVENT_SEASON_80,SITHPALPATINE,"['SITHPALPATINE', 'WATTAMBOR']","['DARTHMALGUS', 'BASTILASHANDARK', 'DARTHMALAK', 'DARTHREVAN', 'SITHASSASSIN']",145,96.0,62.76,Seen 145 Win % 96% Avg 62.76,https://swgoh.gg/gac/counters/DARTHMALGUS/?season_id=CHAMPIONSHIPS_GRAND_ARENA_GA2_EVENT_SEASON_80,1
characters,DARTHMALGUS,CHAMPIONSHIPS_GRAND_ARENA_GA2_EVENT_SEASON_80,MAZKANATA,"['MAZKANATA', 'ENFYSNEST', 'ITHANO', 'KIX', 'QUIGGOLD']","['DARTHMALGUS', 'BASTILASHANDARK', 'DARTHMALAK', 'DARTHREVAN', 'SITHTROOPER']",116,96.0,62.78,Seen 116 Win % 96% Avg 62.78,https://swgoh.gg/gac/counters/DARTHMALGUS/?season_id=CHAMPIONSHIPS_GRAND_ARENA_GA2_EVENT_SEASON_80,1
characters,DARTHMALGUS,CHAMPIONSHIPS_GRAND_ARENA_GA2_EVENT_SEASON_80,GLLEIA,"['GLLEIA', 'ADMIRALRADDUS', 'CAPTAINDROGAN', 'JYNERSO', 'R2D2_LEGENDARY']","['DARTHMALGUS', 'BASTILASHANDARK', 'DARTHMALAK', 'DARTHREVAN', 'SITHMARAUDER']",112,96.0,62.12,Seen 112 Win % 96% Avg 62.12,https://swgoh.gg/gac/counters/DARTHMALGUS/?season_id=CHAMPIONSHIPS_GRAND_ARENA_GA2_EVENT_SEASON_80,1
characters,DARTHMALGUS,CHAMPIONSHIPS_GRAND_ARENA_GA2_EVENT_SEASON_80,SITHPALPATINE,"['SITHPALPATINE', 'SITHTROOPER', 'WATTAMBOR']","['DARTHMALGUS', 'BASTILASHANDARK', 'DARTHMALAK', 'DARTHREVAN', 'SITHASSASSIN']",83,96.0,58.84,Seen 83 Win % 96% Avg 58.84,https://swgoh.gg/gac/counters/DARTHMALGUS/?season_id=CHAMPIONSHIPS_GRAND_ARENA_GA2_EVENT_SEASON_80,1
characters,DARTHMALGUS,CHAMPIONSHIPS_GRAND_ARENA_GA2_EVENT_SEASON_80,BAYLANSKOLL,"['BAYLANSKOLL', 'DASHRENDAR', 'HONDO', 'MARROK', 'SHINHATI']","['DARTHMALGUS', 'BASTILASHANDARK', 'DARTHMALAK', 'DARTHREVAN', 'SITHMARAUDER']",223,95.0,62.06,Seen 223 Win % 95% Avg 62.06,https://swgoh.gg/gac/counters/DARTHMALGUS/?season_id=CHAMPIONSHIPS_GRAND_ARENA_GA2_EVENT_SEASON_80,1
characters,DARTHMALGUS,CHAMPIONSHIPS_GRAND_ARENA_GA2_EVENT_SEASON_80,SITHPALPATINE,"['SITHPALPATINE', 'DARTHSIDIOUS', 'SITHASSASSIN', 'SITHTROOPER', 'WATTAMBOR']","['DARTHMALGUS', 'BASTILASHANDARK', 'DARTHMALAK', 'DARTHREVAN', 'SITHMARAUDER']",71,95.0,51.39,Seen 71 Win % 95% Avg 51.39,https://swgoh.gg/gac/counters/DARTHMALGUS/?season_id=CHAMPIONSHIPS_GRAND_ARENA_GA2_EVENT_SEASON_80,1
characters,DARTHMALGUS,CHAMPIONSHIPS_GRAND_ARENA_GA2_EVENT_SEASON_80,SITHPALPATINE,"['SITHPALPATINE', 'WATTAMBOR']","['DARTHMALGUS', 'BASTILASHANDARK', 'DARTHMALAK', 'DARTHREVAN', 'SITHTROOPER']",382,95.0,62.29,Seen 382 Win % 95% Avg 62.29,https://swgoh.gg/gac/counters/DARTHMALGUS/?season_id=CHAMPIONSHIPS_GRAND_ARENA_GA2_EVENT_SEASON_80,1
characters,DARTHMALGUS,CHAMPIONSHIPS_GRAND_ARENA_GA2_EVENT_SEASON_80,SITHPALPATINE,"['SITHPALPATINE', 'COUNTDOOKU', 'DARTHSIDIOUS', 'MAUL', 'WATTAMBOR']","['DARTHMALGUS', 'BASTILASHANDARK', 'DARTHMALAK', 'DARTHREVAN', 'SITHMARAUDER']",89,95.0,50.88,Seen 89 Win % 95% Avg 50.88,https://swgoh.gg/gac/counters/DARTHMALGUS/?season_id=CHAMPIONSHIPS_GRAND_ARENA_GA2_EVENT_SEASON_80,1
characters,DARTHMALGUS,CHAMPIONSHIPS_GRAND_ARENA_GA2_EVENT_SEASON_80,DARTHBANE,"['DARTHBANE', 'SITHTROOPER']","['DARTHMALGUS', 'BASTILASHANDARK', 'DARTHMALAK', 'DARTHREVAN', 'SITHMARAUDER']",111,95.0,62.14,Seen 111 Win % 95% Avg 62.14,https://swgoh.gg/gac/counters/DARTHMALGUS/?season_id=CHAMPIONSHIPS_GRAND_ARENA_GA2_EVENT_SEASON_80,1
characters,DARTHMALGUS,CHAMPIONSHIPS_GRAND_ARENA_GA2_EVENT_SEASON_80,JEDIMASTERKENOBI,"['JEDIMASTERKENOBI', 'AHSOKATANO', 'COMMANDERAHSOKA', 'GENERALKENOBI', 'GENERALSKYWALKER']","['DARTHMALGUS', 'BASTILASHANDARK', 'DARTHMALAK', 'DARTHREVAN', 'SITHMARAUDER']",87,95.0,61.39,Seen 87 Win % 95% Avg 61.39,https://swgoh.gg/gac/counters/DARTHMALGUS/?season_id=CHAMPIONSHIPS_GRAND_ARENA_GA2_EVENT_SEASON_80,1
characters,DARTHMALGUS,CHAMPIONSHIPS_GRAND_ARENA_GA2_EVENT_SEASON_80,SITHPALPATINE,"['SITHPALPATINE', 'DARTHSIDIOUS', 'MAUL', 'SITHTROOPER', 'WATTAMBOR']","['DARTHMALGUS', 'BASTILASHANDARK', 'DARTHMALAK', 'DARTHREVAN', 'SITHMARAUDER']",403,95.0,51.52,Seen 403 Win % 95% Avg 51.52,https://swgoh.gg/gac/counters/DARTHMALGUS/?season_id=CHAMPIONSHIPS_GRAND_ARENA_GA2_EVENT_SEASON_80,1
characters,DARTHMALGUS,CHAMPIONSHIPS_GRAND_ARENA_GA2_EVENT_SEASON_80,MAZKANATA,"['MAZKANATA', 'ENFYSNEST', 'ITHANO', 'KIX', 'QUIGGOLD']","['DARTHMALGUS', 'BASTILASHANDARK', 'DARTHMALAK', 'DARTHREVAN', 'DARTHTALON']",81,95.0,61.86,Seen 81 Win % 95% Avg 61.86,https://swgoh.gg/gac/counters/DARTHMALGUS/?season_id=CHAMPIONSHIPS_GRAND_ARENA_GA2_EVENT_SEASON_80,1
characters,DARTHMALGUS,CHAMPIONSHIPS_GRAND_ARENA_GA2_EVENT_SEASON_80,BAYLANSKOLL,"['BAYLANSKOLL', 'DASHRENDAR', 'DENGAR', 'MARROK', 'SHINHATI']","['DARTHMALGUS', 'BASTILASHANDARK', 'DARTHMALAK', 'DARTHREVAN', 'SITHMARAUDER']",153,94.0,61.08,Seen 153 Win % 94% Avg 61.08,https://swgoh.gg/gac/counters/DARTHMALGUS/?season_id=CHAMPIONSHIPS_GRAND_ARENA_GA2_EVENT_SEASON_80,1
characters,DARTHMALGUS,CHAMPIONSHIPS_GRAND_ARENA_GA2_EVENT_SEASON_80,SITHPALPATINE,"['SITHPALPATINE', 'WATTAMBOR']","['DARTHMALGUS', 'BASTILASHANDARK', 'DARTHMALAK', 'DARTHREVAN', 'SITHMARAUDER']",3441,94.0,61.56,"Seen 3,441 Win % 94% Avg 61.56",https://swgoh.gg/gac/counters/DARTHMALGUS/?season_id=CHAMPIONSHIPS_GRAND_ARENA_GA2_EVENT_SEASON_80,1
characters,DARTHMALGUS,CHAMPIONSHIPS_GRAND_ARENA_GA2_EVENT_SEASON_80,BAYLANSKOLL,"['BAYLANSKOLL', 'DENGAR', 'HONDO', 'MARROK', 'SHINHATI']","['DARTHMALGUS', 'BASTILASHANDARK', 'DARTHMALAK', 'DARTHREVAN', 'SITHMARAUDER']",141,94.0,61.09,Seen 141 Win % 94% Avg 61.09,https://swgoh.gg/gac/counters/DARTHMALGUS/?season_id=CHAMPIONSHIPS_GRAND_ARENA_GA2_EVENT_SEASON_80,1
characters,DARTHMALGUS,CHAMPIONSHIPS_GRAND_ARENA_GA2_EVENT_SEASON_80,SITHPALPATINE,"['SITHPALPATINE', 'SITHTROOPER', 'WATTAMBOR']","['DARTHMALGUS', 'BASTILASHANDARK', 'DARTHMALAK', 'DARTHREVAN', 'SITHMARAUDER']",1456,94.0,57.63,"Seen 1,456 Win % 94% Avg 57.63",https://swgoh.gg/gac/counters/DARTHMALGUS/?season_id=CHAMPIONSHIPS_GRAND_ARENA_GA2_EVENT_SEASON_80,1
characters,DARTHMALGUS,CHAMPIONSHIPS_GRAND_ARENA_GA2_EVENT_SEASON_80,SITHPALPATINE,"['SITHPALPATINE', 'WATTAMBOR']","['DARTHMALGUS', 'BASTILASHANDARK', 'DARTHMALAK', 'DARTHREVAN', 'HK47']",177,93.0,61.06,Seen 177 Win % 93% Avg 61.06,https://swgoh.gg/gac/counters/DARTHMALGUS/?season_id=CHAMPIONSHIPS_GRAND_ARENA_GA2_EVENT_SEASON_80,1
characters,DARTHMALGUS,CHAMPIONSHIPS_GRAND_ARENA_GA2_EVENT_SEASON_80,SITHPALPATINE,"['SITHPALPATINE', 'MAUL', 'SITHASSASSIN', 'SITHTROOPER', 'WATTAMBOR']","['DARTHMALGUS', 'BASTILASHANDARK', 'DARTHMALAK', 'DARTHREVAN', 'SITHMARAUDER']",79,93.0,50.41,Seen 79 Win % 93% Avg 50.41,https://swgoh.gg/gac/counters/DARTHMALGUS/?season_id=CHAMPIONSHIPS_GRAND_ARENA_GA2_EVENT_SEASON_80,1
characters,DARTHMALGUS,CHAMPIONSHIPS_GRAND_ARENA_GA2_EVENT_SEASON_80,GRANDMASTERLUKE,"['GRANDMASTERLUKE', 'GENERALSKYWALKER', 'HERMITYODA', 'JEDIKNIGHTCAL', 'JEDIKNIGHTLUKE']","['DARTHMALGUS', 'BASTILASHANDARK', 'DARTHMALAK', 'DARTHREVAN', 'SITHMARAUDER']",92,93.0,58.05,Seen 92 Win % 93% Avg 58.05,https://swgoh.gg/gac/counters/DARTHMALGUS/?season_id=CHAMPIONSHIPS_GRAND_ARENA_GA2_EVENT_SEASON_80,1
characters,DARTHMALGUS,CHAMPIONSHIPS_GRAND_ARENA_GA2_EVENT_SEASON_80,JEDIMASTERKENOBI,"['JEDIMASTERKENOBI', 'AHSOKATANO', 'COMMANDERAHSOKA', 'GENERALKENOBI', 'PADMEAMIDALA']","['DARTHMALGUS', 'BASTILASHANDARK', 'DARTHMALAK', 'DARTHREVAN', 'SITHMARAUDER']",562,93.0,60.18,Seen 562 Win % 93% Avg 60.18,https://swgoh.gg/gac/counters/DARTHMALGUS/?season_id=CHAMPIONSHIPS_GRAND_ARENA_GA2_EVENT_SEASON_80,1
characters,DARTHMALGUS,CHAMPIONSHIPS_GRAND_ARENA_GA2_EVENT_SEASON_80,SITHPALPATINE,"['SITHPALPATINE', 'DARTHSIDIOUS', 'MAUL', 'SITHASSASSIN', 'WATTAMBOR']","['DARTHMALGUS', 'BASTILASHANDARK', 'DARTHMALAK', 'DARTHREVAN', 'SITHMARAUDER']",70,92.0,49.39,Seen 70 Win % 92% Avg 49.39,https://swgoh.gg/gac/counters/DARTHMALGUS/?season_id=CHAMPIONSHIPS_GRAND_ARENA_GA2_EVENT_SEASON_80,1
characters,DARTHMALGUS,CHAMPIONSHIPS_GRAND_ARENA_GA2_EVENT_SEASON_80,SITHPALPATINE,"['SITHPALPATINE', 'SITHTROOPER', 'WATTAMBOR']","['DARTHMALGUS', 'BASTILASHANDARK', 'DARTHMALAK', 'DARTHREVAN', 'SITHTROOPER']",133,92.0,57.08,Seen 133 Win % 92% Avg 57.08,https://swgoh.gg/gac/counters/DARTHMALGUS/?season_id=CHAMPIONSHIPS_GRAND_ARENA_GA2_EVENT_SEASON_80,1
characters,DARTHMALGUS,CHAMPIONSHIPS_GRAND_ARENA_GA2_EVENT_SEASON_80,JEDIMASTERKENOBI,"['JEDIMASTERKENOBI', 'AHSOKATANO', 'COMMANDERAHSOKA', 'MACEWINDU', 'PADMEAMIDALA']","['DARTHMALGUS', 'BASTILASHANDARK', 'DARTHMALAK', 'DARTHREVAN', 'SITHMARAUDER']",96,91.0,58.83,Seen 96 Win % 91% Avg 58.83,https://swgoh.gg/gac/counters/DARTHMALGUS/?season_id=CHAMPIONSHIPS_GRAND_ARENA_GA2_EVENT_SEASON_80,1
characters,DARTHMALGUS,CHAMPIONSHIPS_GRAND_ARENA_GA2_EVENT_SEASON_80,SITHPALPATINE,"['SITHPALPATINE', 'DARTHSIDIOUS', 'MAUL', 'SITHASSASSIN', 'SITHTROOPER']","['DARTHMALGUS', 'BASTILASHANDARK', 'DARTHMALAK', 'DARTHREVAN', 'SITHMARAUDER']",72,83.0,45.18,Seen 72 Win % 83% Avg 45.18,https://swgoh.gg/gac/counters/DARTHMALGUS/?season_id=CHAMPIONSHIPS_GRAND_ARENA_GA2_EVENT_SEASON_80,1
characters,DARTHMALGUS,CHAMPIONSHIPS_GRAND_ARENA_GA2_EVENT_SEASON_80,GENERALSKYWALKER,"['GENERALSKYWALKER', 'ARCTROOPER501ST', 'CT210408', 'CT5555', 'CT7567']","['DARTHMALGUS', 'BASTILASHANDARK', 'DARTHMALAK', 'DARTHREVAN', 'HK47']",71,83.0,47.3,Seen 71 Win % 83% Avg 47.3,https://swgoh.gg/gac/counters/DARTHMALGUS/?season_id=CHAMPIONSHIPS_GRAND_ARENA_GA2_EVENT_SEASON_80,1
characters,DARTHMALGUS,CHAMPIONSHIPS_GRAND_ARENA_GA2_EVENT_SEASON_80,GRANDMASTERLUKE,"['GRANDMASTERLUKE', 'HERMITYODA', 'JEDIKNIGHTCAL', 'JEDIKNIGHTLUKE', 'JEDIKNIGHTREVAN']","['DARTHMALGUS', 'BASTILASHANDARK', 'DARTHMALAK', 'DARTHREVAN', 'SITHMARAUDER']",388,76.0,47.72,Seen 388 Win % 76% Avg 47.72,https://swgoh.gg/gac/counters/DARTHMALGUS/?season_id=CHAMPIONSHIPS_GRAND_ARENA_GA2_EVENT_SEASON_80,1
characters,GENERALSKYWALKER,CHAMPIONSHIPS_GRAND_ARENA_GA2_EVENT_SEASON_80,JEDIMASTERKENOBI,"['JEDIMASTERKENOBI', 'AHSOKATANO', 'COMMANDERAHSOKA', 'GENERALKENOBI', 'PADMEAMIDALA']","['GENERALSKYWALKER', 'ARCTROOPER501ST', 'CT210408', 'CT5555', 'CT7567']",403,100.0,64.94,Seen 403 Win % 100% Avg 64.94,https://swgoh.gg/gac/counters/GENERALSKYWALKER/?season_id=CHAMPIONSHIPS_GRAND_ARENA_GA2_EVENT_SEASON_80,1
characters,GENERALSKYWALKER,CHAMPIONSHIPS_GRAND_ARENA_GA2_EVENT_SEASON_80,JEDIMASTERKENOBI,"['JEDIMASTERKENOBI', 'COMMANDERAHSOKA']","['GENERALSKYWALKER', 'ARCTROOPER501ST', 'CT210408', 'CT5555', 'CT7567']",167,100.0,67.77,Seen 167 Win % 100% Avg 67.77,https://swgoh.gg/gac/counters/GENERALSKYWALKER/?season_id=CHAMPIONSHIPS_GRAND_ARENA_GA2_EVENT_SEASON_80,1
characters,GENERALSKYWALKER,CHAMPIONSHIPS_GRAND_ARENA_GA2_EVENT_SEASON_80,JEDIMASTERKENOBI,"['JEDIMASTERKENOBI', 'COMMANDERAHSOKA', 'GENERALKENOBI']","['GENERALSKYWALKER', 'ARCTROOPER501ST', 'CT210408', 'CT5555', 'CT7567']",109,100.0,66.82,Seen 109 Win % 100% Avg 66.82,https://swgoh.gg/gac/counters/GENERALSKYWALKER/?season_id=CHAMPIONSHIPS_GRAND_ARENA_GA2_EVENT_SEASON_80,1
characters,GENERALSKYWALKER,CHAMPIONSHIPS_GRAND_ARENA_GA2_EVENT_SEASON_80,JEDIMASTERKENOBI,"['JEDIMASTERKENOBI', 'AHSOKATANO', 'COMMANDERAHSOKA', 'MACEWINDU', 'PADMEAMIDALA']","['GENERALSKYWALKER', 'ARCTROOPER501ST', 'CT210408', 'CT5555', 'CT7567']",100,100.0,64.96,Seen 100 Win % 100% Avg 64.96,https://swgoh.gg/gac/counters/GENERALSKYWALKER/?season_id=CHAMPIONSHIPS_GRAND_ARENA_GA2_EVENT_SEASON_80,1
characters,GENERALSKYWALKER,CHAMPIONSHIPS_GRAND_ARENA_GA2_EVENT_SEASON_80,THIRDSISTER,"['THIRDSISTER', 'FIFTHBROTHER', 'GRANDINQUISITOR', 'INQUISITORBARRISS', 'SEVENTHSISTER']","['GENERALSKYWALKER', 'ARCTROOPER501ST', 'CT210408', 'CT5555', 'CT7567']",69,100.0,64.19,Seen 69 Win % 100% Avg 64.19,https://swgoh.gg/gac/counters/GENERALSKYWALKER/?season_id=CHAMPIONSHIPS_GRAND_ARENA_GA2_EVENT_SEASON_80,1
characters,GENERALSKYWALKER,CHAMPIONSHIPS_GRAND_ARENA_GA2_EVENT_SEASON_80,GRANDMASTERLUKE,"['GRANDMASTERLUKE', 'GENERALSKYWALKER', 'HERMITYODA', 'JEDIKNIGHTCAL', 'JEDIKNIGHTLUKE']","['GENERALSKYWALKER', 'ARCTROOPER501ST', 'CT210408', 'CT5555', 'CT7567']",65,100.0,63.95,Seen 65 Win % 100% Avg 63.95,https://swgoh.gg/gac/counters/GENERALSKYWALKER/?season_id=CHAMPIONSHIPS_GRAND_ARENA_GA2_EVENT_SEASON_80,1
characters,GENERALSKYWALKER,CHAMPIONSHIPS_GRAND_ARENA_GA2_EVENT_SEASON_80,JEDIMASTERKENOBI,"['JEDIMASTERKENOBI', 'COMMANDERAHSOKA', 'MACEWINDU']","['GENERALSKYWALKER', 'ARCTROOPER501ST', 'CT210408', 'CT5555', 'CT7567']",57,100.0,66.91,Seen 57 Win % 100% Avg 66.91,https://swgoh.gg/gac/counters/GENERALSKYWALKER/?season_id=CHAMPIONSHIPS_GRAND_ARENA_GA2_EVENT_SEASON_80,1
characters,GENERALSKYWALKER,CHAMPIONSHIPS_GRAND_ARENA_GA2_EVENT_SEASON_80,JEDIMASTERKENOBI,"['JEDIMASTERKENOBI', 'AHSOKATANO', 'COMMANDERAHSOKA', 'GENERALKENOBI']","['GENERALSKYWALKER', 'ARCTROOPER501ST', 'CT210408', 'CT5555', 'CT7567']",55,100.0,65.85,Seen 55 Win % 100% Avg 65.85,https://swgoh.gg/gac/counters/GENERALSKYWALKER/?season_id=CHAMPIONSHIPS_GRAND_ARENA_GA2_EVENT_SEASON_80,1
characters,GENERALSKYWALKER,CHAMPIONSHIPS_GRAND_ARENA_GA2_EVENT_SEASON_80,JABBATHEHUTT,"['JABBATHEHUTT', 'BOBAFETT', 'BOUSHH', 'EMBO', 'KRRSANTAN']","['GENERALSKYWALKER', 'ARCTROOPER501ST', 'CT210408', 'CT5555', 'CT7567']",54,100.0,64.52,Seen 54 Win % 100% Avg 64.52,https://swgoh.gg/gac/counters/GENERALSKYWALKER/?season_id=CHAMPIONSHIPS_GRAND_ARENA_GA2_EVENT_SEASON_80,1
characters,GENERALSKYWALKER,CHAMPIONSHIPS_GRAND_ARENA_GA2_EVENT_SEASON_80,STRANGER,"['STRANGER', 'BARRISSOFFEE', 'MAULHATEFUELED', 'STARKILLER', 'VISASMARR']","['GENERALSKYWALKER', 'ARCTROOPER501ST', 'CT210408', 'CT5555', 'CT7567']",51,100.0,63.06,Seen 51 Win % 100% Avg 63.06,https://swgoh.gg/gac/counters/GENERALSKYWALKER/?season_id=CHAMPIONSHIPS_GRAND_ARENA_GA2_EVENT_SEASON_80,1
characters,GENERALSKYWALKER,CHAMPIONSHIPS_GRAND_ARENA_GA2_EVENT_SEASON_80,GLHONDO,"['GLHONDO', 'BRUTUS', 'CAPTAINSILVO', 'SM33', 'VANE']","['GENERALSKYWALKER', 'ARCTROOPER501ST', 'CT210408', 'CT5555', 'CT7567']",41,100.0,64.02,Seen 41 Win % 100% Avg 64.02,https://swgoh.gg/gac/counters/GENERALSKYWALKER/?season_id=CHAMPIONSHIPS_GRAND_ARENA_GA2_EVENT_SEASON_80,1
characters,GENERALSKYWALKER,CHAMPIONSHIPS_GRAND_ARENA_GA2_EVENT_SEASON_80,GRANDMASTERLUKE,"['GRANDMASTERLUKE', 'HERMITYODA', 'JEDIKNIGHTCAL', 'JEDIKNIGHTLUKE', 'KELLERANBEQ']","['GENERALSKYWALKER', 'ARCTROOPER501ST', 'CT210408', 'CT5555', 'CT7567']",37,100.0,62.27,Seen 37 Win % 100% Avg 62.27,https://swgoh.gg/gac/counters/GENERALSKYWALKER/?season_id=CHAMPIONSHIPS_GRAND_ARENA_GA2_EVENT_SEASON_80,1
characters,GENERALSKYWALKER,CHAMPIONSHIPS_GRAND_ARENA_GA2_EVENT_SEASON_80,CEREJUNDA,"['CEREJUNDA', 'CALKESTIS', 'FULCRUMAHSOKA', 'MAULS7', 'TARONMALICOS']","['GENERALSKYWALKER', 'ARCTROOPER501ST', 'CT210408', 'CT5555', 'CT7567']",32,100.0,63.53,Seen 32 Win % 100% Avg 63.53,https://swgoh.gg/gac/counters/GENERALSKYWALKER/?season_id=CHAMPIONSHIPS_GRAND_ARENA_GA2_EVENT_SEASON_80,1
characters,GENERALSKYWALKER,CHAMPIONSHIPS_GRAND_ARENA_GA2_EVENT_SEASON_80,JEDIMASTERKENOBI,"['JEDIMASTERKENOBI', 'AHSOKATANO', 'COMMANDERAHSOKA', 'GENERALKENOBI', 'GENERALSKYWALKER']","['GENERALSKYWALKER', 'ARCTROOPER501ST', 'CT210408', 'CT5555', 'CT7567']",30,100.0,64.93,Seen 30 Win % 100% Avg 64.93,https://swgoh.gg/gac/counters/GENERALSKYWALKER/?season_id=CHAMPIONSHIPS_GRAND_ARENA_GA2_EVENT_SEASON_80,1
characters,GENERALSKYWALKER,CHAMPIONSHIPS_GRAND_ARENA_GA2_EVENT_SEASON_80,SITHPALPATINE,"['SITHPALPATINE', 'WATTAMBOR']","['GENERALSKYWALKER', 'ARCTROOPER501ST', 'CAPTAINREX', 'CT5555', 'CT7567']",29,100.0,64.79,Seen 29 Win % 100% Avg 64.79,https://swgoh.gg/gac/counters/GENERALSKYWALKER/?season_id=CHAMPIONSHIPS_GRAND_ARENA_GA2_EVENT_SEASON_80,1
characters,GENERALSKYWALKER,CHAMPIONSHIPS_GRAND_ARENA_GA2_EVENT_SEASON_80,GRANDMASTERLUKE,"['GRANDMASTERLUKE', 'BARRISSOFFEE', 'HERMITYODA', 'JEDIKNIGHTCAL', 'JEDIKNIGHTLUKE']","['GENERALSKYWALKER', 'ARCTROOPER501ST', 'CT210408', 'CT5555', 'CT7567']",28,100.0,63.43,Seen 28 Win % 100% Avg 63.43,https://swgoh.gg/gac/counters/GENERALSKYWALKER/?season_id=CHAMPIONSHIPS_GRAND_ARENA_GA2_EVENT_SEASON_80,1
characters,GENERALSKYWALKER,CHAMPIONSHIPS_GRAND_ARENA_GA2_EVENT_SEASON_80,JEDIMASTERKENOBI,"['JEDIMASTERKENOBI', 'COMMANDERAHSOKA', 'GENERALKENOBI', 'PADMEAMIDALA']","['GENERALSKYWALKER', 'ARCTROOPER501ST', 'CT210408', 'CT5555', 'CT7567']",24,100.0,66.0,Seen 24 Win % 100% Avg 66,https://swgoh.gg/gac/counters/GENERALSKYWALKER/?season_id=CHAMPIONSHIPS_GRAND_ARENA_GA2_EVENT_SEASON_80,1
characters,GENERALSKYWALKER,CHAMPIONSHIPS_GRAND_ARENA_GA2_EVENT_SEASON_80,GRANDMASTERLUKE,"['GRANDMASTERLUKE', 'HERMITYODA', 'JEDIKNIGHTCAL', 'JEDIKNIGHTLUKE']","['GENERALSKYWALKER', 'ARCTROOPER501ST', 'CT210408', 'CT5555', 'CT7567']",262,99.0,64.61,Seen 262 Win % 99% Avg 64.61,https://swgoh.gg/gac/counters/GENERALSKYWALKER/?season_id=CHAMPIONSHIPS_GRAND_ARENA_GA2_EVENT_SEASON_80,1
characters,GENERALSKYWALKER,CHAMPIONSHIPS_GRAND_ARENA_GA2_EVENT_SEASON_80,SITHPALPATINE,"['SITHPALPATINE', 'DARTHBANE']","['GENERALSKYWALKER', 'ARCTROOPER501ST', 'CT210408', 'CT5555', 'CT7567']",200,99.0,67.42,Seen 200 Win % 99% Avg 67.42,https://swgoh.gg/gac/counters/GENERALSKYWALKER/?season_id=CHAMPIONSHIPS_GRAND_ARENA_GA2_EVENT_SEASON_80,1
characters,GENERALSKYWALKER,CHAMPIONSHIPS_GRAND_ARENA_GA2_EVENT_SEASON_80,SITHPALPATINE,"['SITHPALPATINE', 'ARMORER', 'WATTAMBOR']","['GENERALSKYWALKER', 'ARCTROOPER501ST', 'CT210408', 'CT5555', 'CT7567']",130,99.0,60.72,Seen 130 Win % 99% Avg 60.72,https://swgoh.gg/gac/counters/GENERALSKYWALKER/?season_id=CHAMPIONSHIPS_GRAND_ARENA_GA2_EVENT_SEASON_80,1
characters,GENERALSKYWALKER,CHAMPIONSHIPS_GRAND_ARENA_GA2_EVENT_SEASON_80,JABBATHEHUTT,"['JABBATHEHUTT', 'BOBAFETT', 'BOUSHH', 'KRRSANTAN', 'UNDERCOVERLANDO']","['GENERALSKYWALKER', 'ARCTROOPER501ST', 'CT210408', 'CT5555', 'CT7567']",249,98.0,63.76,Seen 249 Win % 98% Avg 63.76,https://swgoh.gg/gac/counters/GENERALSKYWALKER/?season_id=CHAMPIONSHIPS_GRAND_ARENA_GA2_EVENT_SEASON_80,1
characters,GENERALSKYWALKER,CHAMPIONSHIPS_GRAND_ARENA_GA2_EVENT_SEASON_80,SUPREMELEADERKYLOREN,"['SUPREMELEADERKYLOREN', 'DARKREY', 'FOSITHTROOPER', 'GENERALHUX', 'KYLORENUNMASKED']","['GENERALSKYWALKER', 'ARCTROOPER501ST', 'CT210408', 'CT5555', 'CT7567']",60,98.0,62.03,Seen 60 Win % 98% Avg 62.03,https://swgoh.gg/gac/counters/GENERALSKYWALKER/?season_id=CHAMPIONSHIPS_GRAND_ARENA_GA2_EVENT_SEASON_80,1
characters,GENERALSKYWALKER,CHAMPIONSHIPS_GRAND_ARENA_GA2_EVENT_SEASON_80,CEREJUNDA,"['CEREJUNDA', 'CALKESTIS', 'MAULS7', 'NINTHSISTER', 'TARONMALICOS']","['GENERALSKYWALKER', 'ARCTROOPER501ST', 'CT210408', 'CT5555', 'CT7567']",59,98.0,62.15,Seen 59 Win % 98% Avg 62.15,https://swgoh.gg/gac/counters/GENERALSKYWALKER/?season_id=CHAMPIONSHIPS_GRAND_ARENA_GA2_EVENT_SEASON_80,1
characters,GENERALSKYWALKER,CHAMPIONSHIPS_GRAND_ARENA_GA2_EVENT_SEASON_80,GLLEIA,"['GLLEIA', 'ADMIRALRADDUS', 'CAPTAINDROGAN', 'JYNERSO', 'R2D2_LEGENDARY']","['GENERALSKYWALKER', 'ARCTROOPER501ST', 'CT210408', 'CT5555', 'CT7567']",56,98.0,63.68,Seen 56 Win % 98% Avg 63.68,https://swgoh.gg/gac/counters/GENERALSKYWALKER/?season_id=CHAMPIONSHIPS_GRAND_ARENA_GA2_EVENT_SEASON_80,1
characters,GENERALSKYWALKER,CHAMPIONSHIPS_GRAND_ARENA_GA2_EVENT_SEASON_80,LORDVADER,"['LORDVADER', 'APPO', 'DISGUISEDCLONETROOPER', 'OPERATIVE', 'SCORCH']","['GENERALSKYWALKER', 'ARCTROOPER501ST', 'CT210408', 'CT5555', 'CT7567']",139,97.0,58.23,Seen 139 Win % 97% Avg 58.23,https://swgoh.gg/gac/counters/GENERALSKYWALKER/?season_id=CHAMPIONSHIPS_GRAND_ARENA_GA2_EVENT_SEASON_80,1
characters,GENERALSKYWALKER,CHAMPIONSHIPS_GRAND_ARENA_GA2_EVENT_SEASON_80,JABBATHEHUTT,"['JABBATHEHUTT', 'BOUSHH', 'EMBO', 'KRRSANTAN', 'UNDERCOVERLANDO']","['GENERALSKYWALKER', 'ARCTROOPER501ST', 'CT210408', 'CT5555', 'CT7567']",180,97.0,62.88,Seen 180 Win % 97% Avg 62.88,https://swgoh.gg/gac/counters/GENERALSKYWALKER/?season_id=CHAMPIONSHIPS_GRAND_ARENA_GA2_EVENT_SEASON_80,1
characters,GENERALSKYWALKER,CHAMPIONSHIPS_GRAND_ARENA_GA2_EVENT_SEASON_80,GRANDMASTERLUKE,"['GRANDMASTERLUKE', 'HERMITYODA', 'JEDIKNIGHTCAL', 'JEDIKNIGHTLUKE', 'OLDBENKENOBI']","['GENERALSKYWALKER', 'ARCTROOPER501ST', 'CT210408', 'CT5555', 'CT7567']",43,97.0,61.47,Seen 43 Win % 97% Avg 61.47,https://swgoh.gg/gac/counters/GENERALSKYWALKER/?season_id=CHAMPIONSHIPS_GRAND_ARENA_GA2_EVENT_SEASON_80,1
characters,GENERALSKYWALKER,CHAMPIONSHIPS_GRAND_ARENA_GA2_EVENT_SEASON_80,CEREJUNDA,"['CEREJUNDA', 'FULCRUMAHSOKA', 'MAULS7', 'NINTHSISTER', 'TARONMALICOS']","['GENERALSKYWALKER', 'ARCTROOPER501ST', 'CT210408', 'CT5555', 'CT7567']",36,97.0,61.39,Seen 36 Win % 97% Avg 61.39,https://swgoh.gg/gac/counters/GENERALSKYWALKER/?season_id=CHAMPIONSHIPS_GRAND_ARENA_GA2_EVENT_SEASON_80,1
characters,GENERALSKYWALKER,CHAMPIONSHIPS_GRAND_ARENA_GA2_EVENT_SEASON_80,GRANDMASTERLUKE,"['GRANDMASTERLUKE', 'HERMITYODA', 'JEDIKNIGHTCAL', 'JEDIKNIGHTLUKE', 'JEDIKNIGHTREVAN']","['GENERALSKYWALKER', 'ARCTROOPER501ST', 'CT210408', 'CT5555', 'CT7567']",165,96.0,61.29,Seen 165 Win % 96% Avg 61.29,https://swgoh.gg/gac/counters/GENERALSKYWALKER/?season_id=CHAMPIONSHIPS_GRAND_ARENA_GA2_EVENT_SEASON_80,1
characters,GENERALSKYWALKER,CHAMPIONSHIPS_GRAND_ARENA_GA2_EVENT_SEASON_80,GRANDMASTERLUKE,"['GRANDMASTERLUKE', 'ANAKINKNIGHT', 'HERMITYODA', 'JEDIKNIGHTCAL', 'JEDIKNIGHTLUKE']","['GENERALSKYWALKER', 'ARCTROOPER501ST', 'CT210408', 'CT5555', 'CT7567']",32,96.0,61.09,Seen 32 Win % 96% Avg 61.09,https://swgoh.gg/gac/counters/GENERALSKYWALKER/?season_id=CHAMPIONSHIPS_GRAND_ARENA_GA2_EVENT_SEASON_80,1
characters,GENERALSKYWALKER,CHAMPIONSHIPS_GRAND_ARENA_GA2_EVENT_SEASON_80,SITHPALPATINE,"['SITHPALPATINE', 'DARTHSIDIOUS', 'MAUL', 'SITHTROOPER', 'WATTAMBOR']","['GENERALSKYWALKER', 'ARCTROOPER501ST', 'CT210408', 'CT5555', 'CT7567']",28,96.0,54.57,Seen 28 Win % 96% Avg 54.57,https://swgoh.gg/gac/counters/GENERALSKYWALKER/?season_id=CHAMPIONSHIPS_GRAND_ARENA_GA2_EVENT_SEASON_80,1
characters,GENERALSKYWALKER,CHAMPIONSHIPS_GRAND_ARENA_GA2_EVENT_SEASON_80,GRANDMASTERLUKE,"['GRANDMASTERLUKE', 'GRANDMASTERYODA', 'HERMITYODA', 'JEDIKNIGHTCAL', 'JEDIKNIGHTLUKE']","['GENERALSKYWALKER', 'ARCTROOPER501ST', 'CT210408', 'CT5555', 'CT7567']",266,96.0,61.03,Seen 266 Win % 96% Avg 61.03,https://swgoh.gg/gac/counters/GENERALSKYWALKER/?season_id=CHAMPIONSHIPS_GRAND_ARENA_GA2_EVENT_SEASON_80,1
characters,GENERALSKYWALKER,CHAMPIONSHIPS_GRAND_ARENA_GA2_EVENT_SEASON_80,GRANDMASTERLUKE,"['GRANDMASTERLUKE', 'HERMITYODA', 'JEDIKNIGHTCAL', 'JEDIKNIGHTLUKE', 'SHAAKTI']","['GENERALSKYWALKER', 'ARCTROOPER501ST', 'CT210408', 'CT5555', 'CT7567']",105,96.0,61.31,Seen 105 Win % 96% Avg 61.31,https://swgoh.gg/gac/counters/GENERALSKYWALKER/?season_id=CHAMPIONSHIPS_GRAND_ARENA_GA2_EVENT_SEASON_80,1
characters,GENERALSKYWALKER,CHAMPIONSHIPS_GRAND_ARENA_GA2_EVENT_SEASON_80,SITHPALPATINE,"['SITHPALPATINE', 'WATTAMBOR']","['GENERALSKYWALKER', 'ARCTROOPER501ST', 'CT210408', 'CT5555', 'CT7567']",951,96.0,62.14,Seen 951 Win % 96% Avg 62.14,https://swgoh.gg/gac/counters/GENERALSKYWALKER/?season_id=CHAMPIONSHIPS_GRAND_ARENA_GA2_EVENT_SEASON_80,1
characters,GENERALSKYWALKER,CHAMPIONSHIPS_GRAND_ARENA_GA2_EVENT_SEASON_80,GRANDMASTERLUKE,"['GRANDMASTERLUKE', 'HERMITYODA', 'JEDIKNIGHTCAL', 'JEDIKNIGHTLUKE', 'PLOKOON']","['GENERALSKYWALKER', 'ARCTROOPER501ST', 'CT210408', 'CT5555', 'CT7567']",47,95.0,60.32,Seen 47 Win % 95% Avg 60.32,https://swgoh.gg/gac/counters/GENERALSKYWALKER/?season_id=CHAMPIONSHIPS_GRAND_ARENA_GA2_EVENT_SEASON_80,1
characters,GENERALSKYWALKER,CHAMPIONSHIPS_GRAND_ARENA_GA2_EVENT_SEASON_80,SITHPALPATINE,"['SITHPALPATINE', 'SITHTROOPER', 'WATTAMBOR']","['GENERALSKYWALKER', 'ARCTROOPER501ST', 'CT210408', 'CT5555', 'CT7567']",184,93.0,56.85,Seen 184 Win % 93% Avg 56.85,https://swgoh.gg/gac/counters/GENERALSKYWALKER/?season_id=CHAMPIONSHIPS_GRAND_ARENA_GA2_EVENT_SEASON_80,1
characters,GENERALSKYWALKER,CHAMPIONSHIPS_GRAND_ARENA_GA2_EVENT_SEASON_80,SITHPALPATINE,"['SITHPALPATINE', 'ARMORER', 'SITHTROOPER']","['GENERALSKYWALKER', 'ARCTROOPER501ST', 'CT210408', 'CT5555', 'CT7567']",28,92.0,56.0,Seen 28 Win % 92% Avg 56,https://swgoh.gg/gac/counters/GENERALSKYWALKER/?season_id=CHAMPIONSHIPS_GRAND_ARENA_GA2_EVENT_SEASON_80,1
characters,GENERALSKYWALKER,CHAMPIONSHIPS_GRAND_ARENA_GA2_EVENT_SEASON_80,BAYLANSKOLL,"['BAYLANSKOLL', 'DENGAR', 'HONDO', 'MARROK', 'SHINHATI']","['GENERALSKYWALKER', 'ARCTROOPER501ST', 'CT210408', 'CT5555', 'CT7567']",81,92.0,58.01,Seen 81 Win % 92% Avg 58.01,https://swgoh.gg/gac/counters/GENERALSKYWALKER/?season_id=CHAMPIONSHIPS_GRAND_ARENA_GA2_EVENT_SEASON_80,1
characters,GENERALSKYWALKER,CHAMPIONSHIPS_GRAND_ARENA_GA2_EVENT_SEASON_80,SATELESHAN,"['SATELESHAN', 'BASTILASHAN', 'JEDIKNIGHTREVAN', 'JOLEEBINDO', 'JUHANI']","['GENERALSKYWALKER', 'ARCTROOPER501ST', 'CT210408', 'CT5555', 'CT7567']",123,91.0,58.69,Seen 123 Win % 91% Avg 58.69,https://swgoh.gg/gac/counters/GENERALSKYWALKER/?season_id=CHAMPIONSHIPS_GRAND_ARENA_GA2_EVENT_SEASON_80,1
characters,GENERALSKYWALKER,CHAMPIONSHIPS_GRAND_ARENA_GA2_EVENT_SEASON_80,GRANDMASTERLUKE,"['GRANDMASTERLUKE', 'HERMITYODA', 'JEDIKNIGHTCAL', 'JEDIKNIGHTLUKE', 'KIADIMUNDI']","['GENERALSKYWALKER', 'ARCTROOPER501ST', 'CT210408', 'CT5555', 'CT7567']",24,91.0,57.54,Seen 24 Win % 91% Avg 57.54,https://swgoh.gg/gac/counters/GENERALSKYWALKER/?season_id=CHAMPIONSHIPS_GRAND_ARENA_GA2_EVENT_SEASON_80,1
characters,GENERALSKYWALKER,CHAMPIONSHIPS_GRAND_ARENA_GA2_EVENT_SEASON_80,BAYLANSKOLL,"['BAYLANSKOLL', 'DASHRENDAR', 'HONDO', 'MARROK', 'SHINHATI']","['GENERALSKYWALKER', 'ARCTROOPER501ST', 'CT210408', 'CT5555', 'CT7567']",121,90.0,56.98,Seen 121 Win % 90% Avg 56.98,https://swgoh.gg/gac/counters/GENERALSKYWALKER/?season_id=CHAMPIONSHIPS_GRAND_ARENA_GA2_EVENT_SEASON_80,1
characters,GENERALSKYWALKER,CHAMPIONSHIPS_GRAND_ARENA_GA2_EVENT_SEASON_80,EMPERORPALPATINE,"['EMPERORPALPATINE', 'GRANDMOFFTARKIN', 'MARAJADE', 'ROYALGUARD', 'VADERDUELSEND']","['GENERALSKYWALKER', 'ARCTROOPER501ST', 'CT210408', 'CT5555', 'CT7567']",107,90.0,54.62,Seen 107 Win % 90% Avg 54.62,https://swgoh.gg/gac/counters/GENERALSKYWALKER/?season_id=CHAMPIONSHIPS_GRAND_ARENA_GA2_EVENT_SEASON_80,1
characters,GENERALSKYWALKER,CHAMPIONSHIPS_GRAND_ARENA_GA2_EVENT_SEASON_80,GRANDMASTERLUKE,"['GRANDMASTERLUKE', 'JEDIKNIGHTCAL', 'JEDIKNIGHTLUKE']","['GENERALSKYWALKER', 'ARCTROOPER501ST', 'CT210408', 'CT5555', 'CT7567']",29,89.0,58.45,Seen 29 Win % 89% Avg 58.45,https://swgoh.gg/gac/counters/GENERALSKYWALKER/?season_id=CHAMPIONSHIPS_GRAND_ARENA_GA2_EVENT_SEASON_80,1
characters,GENERALSKYWALKER,CHAMPIONSHIPS_GRAND_ARENA_GA2_EVENT_SEASON_80,THIRDSISTER,"['THIRDSISTER', 'EIGHTHBROTHER', 'FIFTHBROTHER', 'GRANDINQUISITOR', 'SEVENTHSISTER']","['GENERALSKYWALKER', 'ARCTROOPER501ST', 'CT210408', 'CT5555', 'CT7567']",119,88.0,55.3,Seen 119 Win % 88% Avg 55.3,https://swgoh.gg/gac/counters/GENERALSKYWALKER/?season_id=CHAMPIONSHIPS_GRAND_ARENA_GA2_EVENT_SEASON_80,1
characters,GENERALSKYWALKER,CHAMPIONSHIPS_GRAND_ARENA_GA2_EVENT_SEASON_80,BAYLANSKOLL,"['BAYLANSKOLL', 'DASHRENDAR', 'MARROK', 'QIRA', 'SHINHATI']","['GENERALSKYWALKER', 'ARCTROOPER501ST', 'CT210408', 'CT5555', 'CT7567']",50,86.0,52.5,Seen 50 Win % 86% Avg 52.5,https://swgoh.gg/gac/counters/GENERALSKYWALKER/?season_id=CHAMPIONSHIPS_GRAND_ARENA_GA2_EVENT_SEASON_80,1
characters,GENERALSKYWALKER,CHAMPIONSHIPS_GRAND_ARENA_GA2_EVENT_SEASON_80,JEDIMASTERMACEWINDU,"['JEDIMASTERMACEWINDU', 'AAYLASECURA', 'DEPABILLABA', 'JOCASTANU', 'VANGUARDTEMPLEGUARD']","['GENERALSKYWALKER', 'ARCTROOPER501ST', 'CT210408', 'CT5555', 'CT7567']",66,84.0,53.29,Seen 66 Win % 84% Avg 53.29,https://swgoh.gg/gac/counters/GENERALSKYWALKER/?season_id=CHAMPIONSHIPS_GRAND_ARENA_GA2_EVENT_SEASON_80,1
characters,GENERALSKYWALKER,CHAMPIONSHIPS_GRAND_ARENA_GA2_EVENT_SEASON_80,DARTHBANE,"['DARTHBANE', 'COUNTDOOKU']","['GENERALSKYWALKER', 'ARCTROOPER501ST', 'CT210408', 'CT5555', 'CT7567']",32,84.0,54.97,Seen 32 Win % 84% Avg 54.97,https://swgoh.gg/gac/counters/GENERALSKYWALKER/?season_id=CHAMPIONSHIPS_GRAND_ARENA_GA2_EVENT_SEASON_80,1
characters,GENERALSKYWALKER,CHAMPIONSHIPS_GRAND_ARENA_GA2_EVENT_SEASON_80,GENERALSKYWALKER,"['GENERALSKYWALKER', 'ARCTROOPER501ST', 'CT210408', 'CT5555', 'CT7567']","['GENERALSKYWALKER', 'ARCTROOPER501ST', 'CT210408', 'CT5555', 'CT7567']",348,83.0,49.01,Seen 348 Win % 83% Avg 49.01,https://swgoh.gg/gac/counters/GENERALSKYWALKER/?season_id=CHAMPIONSHIPS_GRAND_ARENA_GA2_EVENT_SEASON_80,1
characters,GENERALSKYWALKER,CHAMPIONSHIPS_GRAND_ARENA_GA2_EVENT_SEASON_80,BAYLANSKOLL,"['BAYLANSKOLL', 'DASHRENDAR', 'DENGAR', 'MARROK', 'SHINHATI']","['GENERALSKYWALKER', 'ARCTROOPER501ST', 'CT210408', 'CT5555', 'CT7567']",72,83.0,51.65,Seen 72 Win % 83% Avg 51.65,https://swgoh.gg/gac/counters/GENERALSKYWALKER/?season_id=CHAMPIONSHIPS_GRAND_ARENA_GA2_EVENT_SEASON_80,1
characters,GENERALSKYWALKER,CHAMPIONSHIPS_GRAND_ARENA_GA2_EVENT_SEASON_80,SITHPALPATINE,['SITHPALPATINE'],"['GENERALSKYWALKER', 'ARCTROOPER501ST', 'CT210408', 'CT5555', 'CT7567']",280,83.0,56.83,Seen 280 Win % 83% Avg 56.83,https://swgoh.gg/gac/counters/GENERALSKYWALKER/?season_id=CHAMPIONSHIPS_GRAND_ARENA_GA2_EVENT_SEASON_80,1
characters,GLREY,CHAMPIONSHIPS_GRAND_ARENA_GA2_EVENT_SEASON_80,QUEENAMIDALA,"['QUEENAMIDALA', 'BADBATCHECHO', 'GENERALSKYWALKER', 'MASTERQUIGON', 'PADAWANOBIWAN']","['GLREY', 'BARRISSOFFEE', 'BENSOLO', 'GENERALKENOBI', 'ZAALBAR']",471,98.0,64.09,Seen 471 Win % 98% Avg 64.09,https://swgoh.gg/gac/counters/GLREY/?season_id=CHAMPIONSHIPS_GRAND_ARENA_GA2_EVENT_SEASON_80,1
characters,GLREY,CHAMPIONSHIPS_GRAND_ARENA_GA2_EVENT_SEASON_80,SUPREMELEADERKYLOREN,"['SUPREMELEADERKYLOREN', 'DARKREY', 'FOSITHTROOPER', 'GENERALHUX', 'KYLORENUNMASKED']","['GLREY', 'AMILYNHOLDO', 'BB8', 'BENSOLO', 'REYJEDITRAINING']",750,97.0,55.52,Seen 750 Win % 97% Avg 55.52,https://swgoh.gg/gac/counters/GLREY/?season_id=CHAMPIONSHIPS_GRAND_ARENA_GA2_EVENT_SEASON_80,1
characters,GLREY,CHAMPIONSHIPS_GRAND_ARENA_GA2_EVENT_SEASON_80,QUEENAMIDALA,"['QUEENAMIDALA', 'BADBATCHECHO', 'GENERALSKYWALKER', 'MASTERQUIGON', 'PADAWANOBIWAN']","['GLREY', '50RT', 'BARRISSOFFEE', 'BENSOLO', 'GENERALKENOBI']",439,97.0,62.85,Seen 439 Win % 97% Avg 62.85,https://swgoh.gg/gac/counters/GLREY/?season_id=CHAMPIONSHIPS_GRAND_ARENA_GA2_EVENT_SEASON_80,1
characters,GLREY,CHAMPIONSHIPS_GRAND_ARENA_GA2_EVENT_SEASON_80,SUPREMELEADERKYLOREN,"['SUPREMELEADERKYLOREN', 'DARKREY', 'FOSITHTROOPER', 'GENERALHUX', 'KYLORENUNMASKED']","['GLREY', '50RT', 'BB8', 'BENSOLO', 'REYJEDITRAINING']",376,96.0,55.31,Seen 376 Win % 96% Avg 55.31,https://swgoh.gg/gac/counters/GLREY/?season_id=CHAMPIONSHIPS_GRAND_ARENA_GA2_EVENT_SEASON_80,1
characters,GLREY,CHAMPIONSHIPS_GRAND_ARENA_GA2_EVENT_SEASON_80,STRANGER,"['STRANGER', 'BARRISSOFFEE', 'MAULHATEFUELED', 'STARKILLER', 'VISASMARR']","['GLREY', '50RT', 'BENSOLO', 'CALKESTIS', 'GENERALKENOBI']",567,91.0,56.03,Seen 567 Win % 91% Avg 56.03,https://swgoh.gg/gac/counters/GLREY/?season_id=CHAMPIONSHIPS_GRAND_ARENA_GA2_EVENT_SEASON_80,1
characters,GLREY,CHAMPIONSHIPS_GRAND_ARENA_GA2_EVENT_SEASON_80,SUPREMELEADERKYLOREN,"['SUPREMELEADERKYLOREN', 'DARKREY', 'FOSITHTROOPER', 'GENERALHUX', 'KYLORENUNMASKED']","['GLREY', '50RT', 'BENSOLO', 'CALKESTIS', 'REYJEDITRAINING']",742,91.0,50.87,Seen 742 Win % 91% Avg 50.87,https://swgoh.gg/gac/counters/GLREY/?season_id=CHAMPIONSHIPS_GRAND_ARENA_GA2_EVENT_SEASON_80,1
characters,GLREY,CHAMPIONSHIPS_GRAND_ARENA_GA2_EVENT_SEASON_80,SUPREMELEADERKYLOREN,"['SUPREMELEADERKYLOREN', 'DARKREY', 'FOSITHTROOPER', 'GENERALHUX', 'KYLORENUNMASKED']","['GLREY', 'BENSOLO', 'CALKESTIS', 'LUMINARAUNDULI', 'REYJEDITRAINING']",394,89.0,48.59,Seen 394 Win % 89% Avg 48.59,https://swgoh.gg/gac/counters/GLREY/?season_id=CHAMPIONSHIPS_GRAND_ARENA_GA2_EVENT_SEASON_80,1
characters,GLREY,CHAMPIONSHIPS_GRAND_ARENA_GA2_EVENT_SEASON_80,QUEENAMIDALA,"['QUEENAMIDALA', 'BADBATCHECHO', 'GENERALSKYWALKER', 'MASTERQUIGON', 'PADAWANOBIWAN']","['GLREY', '50RT', 'BENSOLO', 'CALKESTIS', 'GENERALKENOBI']",839,88.0,57.42,Seen 839 Win % 88% Avg 57.42,https://swgoh.gg/gac/counters/GLREY/?season_id=CHAMPIONSHIPS_GRAND_ARENA_GA2_EVENT_SEASON_80,1
characters,GLREY,CHAMPIONSHIPS_GRAND_ARENA_GA2_EVENT_SEASON_80,SUPREMELEADERKYLOREN,"['SUPREMELEADERKYLOREN', 'DARKREY', 'FOSITHTROOPER', 'GENERALHUX', 'KYLORENUNMASKED']","['GLREY', 'BENSOLO', 'CALKESTIS', 'FULCRUMAHSOKA', 'REYJEDITRAINING']",626,88.0,49.36,Seen 626 Win % 88% Avg 49.36,https://swgoh.gg/gac/counters/GLREY/?season_id=CHAMPIONSHIPS_GRAND_ARENA_GA2_EVENT_SEASON_80,1
characters,GLREY,CHAMPIONSHIPS_GRAND_ARENA_GA2_EVENT_SEASON_80,GLLEIA,"['GLLEIA', 'ADMIRALRADDUS', 'CAPTAINDROGAN', 'JYNERSO', 'R2D2_LEGENDARY']","['GLREY', '50RT', 'BENSOLO', 'CALKESTIS', 'GENERALKENOBI']",440,88.0,54.36,Seen 440 Win % 88% Avg 54.36,https://swgoh.gg/gac/counters/GLREY/?season_id=CHAMPIONSHIPS_GRAND_ARENA_GA2_EVENT_SEASON_80,1
characters,GLREY,CHAMPIONSHIPS_GRAND_ARENA_GA2_EVENT_SEASON_80,QUEENAMIDALA,"['QUEENAMIDALA', 'BADBATCHECHO', 'MASTERQUIGON', 'PADAWANOBIWAN', 'SHAAKTI']","['GLREY', '50RT', 'BARRISSOFFEE', 'BENSOLO', 'GENERALKENOBI']",394,87.0,56.42,Seen 394 Win % 87% Avg 56.42,https://swgoh.gg/gac/counters/GLREY/?season_id=CHAMPIONSHIPS_GRAND_ARENA_GA2_EVENT_SEASON_80,1
characters,GLREY,CHAMPIONSHIPS_GRAND_ARENA_GA2_EVENT_SEASON_80,SUPREMELEADERKYLOREN,"['SUPREMELEADERKYLOREN', 'DARKREY', 'FOSITHTROOPER', 'GENERALHUX', 'KYLORENUNMASKED']","['GLREY', '50RT', 'BENSOLO', 'CALKESTIS', 'FULCRUMAHSOKA']",470,85.0,47.14,Seen 470 Win % 85% Avg 47.14,https://swgoh.gg/gac/counters/GLREY/?season_id=CHAMPIONSHIPS_GRAND_ARENA_GA2_EVENT_SEASON_80,1
characters,GLREY,CHAMPIONSHIPS_GRAND_ARENA_GA2_EVENT_SEASON_80,SUPREMELEADERKYLOREN,"['SUPREMELEADERKYLOREN', 'DARKREY', 'FOSITHTROOPER', 'GENERALHUX', 'KYLORENUNMASKED']","['GLREY', '50RT', 'BENSOLO', 'CALKESTIS', 'GENERALKENOBI']",958,84.0,46.54,Seen 958 Win % 84% Avg 46.54,https://swgoh.gg/gac/counters/GLREY/?season_id=CHAMPIONSHIPS_GRAND_ARENA_GA2_EVENT_SEASON_80,1
characters,GLREY,CHAMPIONSHIPS_GRAND_ARENA_GA2_EVENT_SEASON_80,SUPREMELEADERKYLOREN,"['SUPREMELEADERKYLOREN', 'DARKREY', 'FOSITHTROOPER', 'GENERALHUX', 'KYLORENUNMASKED']","['GLREY', 'BENSOLO', 'CALKESTIS', 'GENERALKENOBI', 'LUMINARAUNDULI']",391,84.0,45.27,Seen 391 Win % 84% Avg 45.27,https://swgoh.gg/gac/counters/GLREY/?season_id=CHAMPIONSHIPS_GRAND_ARENA_GA2_EVENT_SEASON_80,1
characters,GLREY,CHAMPIONSHIPS_GRAND_ARENA_GA2_EVENT_SEASON_80,SUPREMELEADERKYLOREN,"['SUPREMELEADERKYLOREN', 'DARKREY', 'FOSITHTROOPER', 'GENERALHUX', 'KYLORENUNMASKED']","['GLREY', 'BARRISSOFFEE', 'BENSOLO', 'CALKESTIS', 'REYJEDITRAINING']",406,83.0,46.62,Seen 406 Win % 83% Avg 46.62,https://swgoh.gg/gac/counters/GLREY/?season_id=CHAMPIONSHIPS_GRAND_ARENA_GA2_EVENT_SEASON_80,1
characters,GLREY,CHAMPIONSHIPS_GRAND_ARENA_GA2_EVENT_SEASON_80,QUEENAMIDALA,"['QUEENAMIDALA', 'BADBATCHECHO', 'GENERALSKYWALKER', 'MASTERQUIGON', 'PADAWANOBIWAN']","['GLREY', 'BARRISSOFFEE', 'BENSOLO', 'CALKESTIS', 'GENERALKENOBI']",388,82.0,53.67,Seen 388 Win % 82% Avg 53.67,https://swgoh.gg/gac/counters/GLREY/?season_id=CHAMPIONSHIPS_GRAND_ARENA_GA2_EVENT_SEASON_80,1
characters,GLREY,CHAMPIONSHIPS_GRAND_ARENA_GA2_EVENT_SEASON_80,SUPREMELEADERKYLOREN,"['SUPREMELEADERKYLOREN', 'DARKREY', 'FOSITHTROOPER', 'GENERALHUX', 'KYLORENUNMASKED']","['GLREY', 'BARRISSOFFEE', 'BENSOLO', 'CALKESTIS', 'GENERALKENOBI']",354,79.0,43.51,Seen 354 Win % 79% Avg 43.51,https://swgoh.gg/gac/counters/GLREY/?season_id=CHAMPIONSHIPS_GRAND_ARENA_GA2_EVENT_SEASON_80,1
characters,GLREY,CHAMPIONSHIPS_GRAND_ARENA_GA2_EVENT_SEASON_80,CEREJUNDA,"['CEREJUNDA', 'CALKESTIS', 'KYLORENUNMASKED', 'MAULS7', 'TARONMALICOS']","['GLREY', '50RT', 'BENSOLO', 'CALKESTIS', 'GENERALKENOBI']",363,77.0,48.19,Seen 363 Win % 77% Avg 48.19,https://swgoh.gg/gac/counters/GLREY/?season_id=CHAMPIONSHIPS_GRAND_ARENA_GA2_EVENT_SEASON_80,1
characters,GLREY,CHAMPIONSHIPS_GRAND_ARENA_GA2_EVENT_SEASON_80,QUEENAMIDALA,"['QUEENAMIDALA', 'BADBATCHECHO', 'MASTERQUIGON', 'PADAWANOBIWAN', 'SHAAKTI']","['GLREY', '50RT', 'BENSOLO', 'CALKESTIS', 'GENERALKENOBI']",964,73.0,47.46,Seen 964 Win % 73% Avg 47.46,https://swgoh.gg/gac/counters/GLREY/?season_id=CHAMPIONSHIPS_GRAND_ARENA_GA2_EVENT_SEASON_80,1
characters,GLREY,CHAMPIONSHIPS_GRAND_ARENA_GA2_EVENT_SEASON_80,CEREJUNDA,"['CEREJUNDA', 'CALKESTIS', 'MAULS7', 'NINTHSISTER', 'TARONMALICOS']","['GLREY', '50RT', 'BENSOLO', 'CALKESTIS', 'GENERALKENOBI']",476,63.0,39.07,Seen 476 Win % 63% Avg 39.07,https://swgoh.gg/gac/counters/GLREY/?season_id=CHAMPIONSHIPS_GRAND_ARENA_GA2_EVENT_SEASON_80,1
characters,GLREY,CHAMPIONSHIPS_GRAND_ARENA_GA2_EVENT_SEASON_80,CEREJUNDA,"['CEREJUNDA', 'FULCRUMAHSOKA', 'KYLORENUNMASKED', 'MAULS7', 'TARONMALICOS']","['GLREY', '50RT', 'BENSOLO', 'CALKESTIS', 'GENERALKENOBI']",362,50.0,30.61,Seen 362 Win % 50% Avg 30.61,https://swgoh.gg/gac/counters/GLREY/?season_id=CHAMPIONSHIPS_GRAND_ARENA_GA2_EVENT_SEASON_80,1
ships,CAPITALEXECUTOR,CHAMPIONSHIPS_GRAND_ARENA_GA2_EVENT_SEASON_80,CAPITALPROFUNDITY,"['CAPITALPROFUNDITY', 'MILLENNIUMFALCON', 'OUTRIDER', 'YWINGREBEL', 'GHOST', 'ROGUEONESHIP']","['CAPITALEXECUTOR', 'HOUNDSTOOTH', 'PUNISHINGONE', 'RAZORCREST', 'IG2000', 'XANADUBLOOD']",166,100.0,73.55,Seen 166 Win % 100% Avg 73.55,https://swgoh.gg/gac/ship-counters/CAPITALEXECUTOR/?season_id=CHAMPIONSHIPS_GRAND_ARENA_GA2_EVENT_SEASON_80,2
ships,CAPITALEXECUTOR,CHAMPIONSHIPS_GRAND_ARENA_GA2_EVENT_SEASON_80,CAPITALPROFUNDITY,"['CAPITALPROFUNDITY', 'MILLENNIUMFALCON', 'OUTRIDER', 'YWINGREBEL', 'ROGUEONESHIP']","['CAPITALEXECUTOR', 'PUNISHINGONE', 'RAZORCREST', 'XANADUBLOOD', 'IG2000', 'SLAVE1']",112,100.0,75.29,Seen 112 Win % 100% Avg 75.29,https://swgoh.gg/gac/ship-counters/CAPITALEXECUTOR/?season_id=CHAMPIONSHIPS_GRAND_ARENA_GA2_EVENT_SEASON_80,2
ships,CAPITALEXECUTOR,CHAMPIONSHIPS_GRAND_ARENA_GA2_EVENT_SEASON_80,CAPITALPROFUNDITY,"['CAPITALPROFUNDITY', 'MILLENNIUMFALCON', 'OUTRIDER', 'YWINGREBEL', 'ROGUEONESHIP', 'UWINGROGUEONE', 'UWINGSCARIF']","['CAPITALEXECUTOR', 'PUNISHINGONE', 'RAZORCREST', 'XANADUBLOOD', 'HOUNDSTOOTH', 'IG2000', 'SLAVE1']",225,99.0,72.39,Seen 225 Win % 99% Avg 72.39,https://swgoh.gg/gac/ship-counters/CAPITALEXECUTOR/?season_id=CHAMPIONSHIPS_GRAND_ARENA_GA2_EVENT_SEASON_80,2
ships,CAPITALEXECUTOR,CHAMPIONSHIPS_GRAND_ARENA_GA2_EVENT_SEASON_80,CAPITALPROFUNDITY,"['CAPITALPROFUNDITY', 'MILLENNIUMFALCON', 'OUTRIDER', 'YWINGREBEL', 'ROGUEONESHIP', 'UWINGROGUEONE']","['CAPITALEXECUTOR', 'PUNISHINGONE', 'RAZORCREST', 'XANADUBLOOD', 'HOUNDSTOOTH', 'IG2000', 'SLAVE1']",1086,99.0,72.91,"Seen 1,086 Win % 99% Avg 72.91",https://swgoh.gg/gac/ship-counters/CAPITALEXECUTOR/?season_id=CHAMPIONSHIPS_GRAND_ARENA_GA2_EVENT_SEASON_80,2
ships,CAPITALEXECUTOR,CHAMPIONSHIPS_GRAND_ARENA_GA2_EVENT_SEASON_80,CAPITALPROFUNDITY,"['CAPITALPROFUNDITY', 'MILLENNIUMFALCON', 'OUTRIDER', 'YWINGREBEL', 'ROGUEONESHIP']","['CAPITALEXECUTOR', 'PUNISHINGONE', 'RAZORCREST', 'XANADUBLOOD', 'EBONHAWK', 'HOUNDSTOOTH', 'IG2000', 'SLAVE1']",206,99.0,74.4,Seen 206 Win % 99% Avg 74.4,https://swgoh.gg/gac/ship-counters/CAPITALEXECUTOR/?season_id=CHAMPIONSHIPS_GRAND_ARENA_GA2_EVENT_SEASON_80,2
ships,CAPITALEXECUTOR,CHAMPIONSHIPS_GRAND_ARENA_GA2_EVENT_SEASON_80,CAPITALPROFUNDITY,"['CAPITALPROFUNDITY', 'MILLENNIUMFALCON', 'OUTRIDER', 'YWINGREBEL', 'ROGUEONESHIP']","['CAPITALEXECUTOR', 'HOUNDSTOOTH', 'PUNISHINGONE', 'RAZORCREST', 'SLAVE1', 'XANADUBLOOD']",185,99.0,74.88,Seen 185 Win % 99% Avg 74.88,https://swgoh.gg/gac/ship-counters/CAPITALEXECUTOR/?season_id=CHAMPIONSHIPS_GRAND_ARENA_GA2_EVENT_SEASON_80,2
ships,CAPITALEXECUTOR,CHAMPIONSHIPS_GRAND_ARENA_GA2_EVENT_SEASON_80,CAPITALPROFUNDITY,"['CAPITALPROFUNDITY', 'MILLENNIUMFALCON', 'OUTRIDER', 'YWINGREBEL', 'PHANTOM2', 'ROGUEONESHIP']","['CAPITALEXECUTOR', 'HOUNDSTOOTH', 'PUNISHINGONE', 'RAZORCREST', 'IG2000', 'XANADUBLOOD']",157,99.0,73.77,Seen 157 Win % 99% Avg 73.77,https://swgoh.gg/gac/ship-counters/CAPITALEXECUTOR/?season_id=CHAMPIONSHIPS_GRAND_ARENA_GA2_EVENT_SEASON_80,2
ships,CAPITALEXECUTOR,CHAMPIONSHIPS_GRAND_ARENA_GA2_EVENT_SEASON_80,CAPITALPROFUNDITY,"['CAPITALPROFUNDITY', 'MILLENNIUMFALCON', 'OUTRIDER', 'YWINGREBEL', 'ROGUEONESHIP', 'UWINGROGUEONE']","['CAPITALEXECUTOR', 'HOUNDSTOOTH', 'PUNISHINGONE', 'RAZORCREST', 'IG2000', 'SLAVE1', 'XANADUBLOOD']",912,99.0,72.87,Seen 912 Win % 99% Avg 72.87,https://swgoh.gg/gac/ship-counters/CAPITALEXECUTOR/?season_id=CHAMPIONSHIPS_GRAND_ARENA_GA2_EVENT_SEASON_80,2
ships,CAPITALEXECUTOR,CHAMPIONSHIPS_GRAND_ARENA_GA2_EVENT_SEASON_80,CAPITALPROFUNDITY,"['CAPITALPROFUNDITY', 'MILLENNIUMFALCON', 'OUTRIDER', 'YWINGREBEL', 'GHOST', 'PHANTOM2', 'ROGUEONESHIP']","['CAPITALEXECUTOR', 'HOUNDSTOOTH', 'PUNISHINGONE', 'RAZORCREST', 'IG2000', 'XANADUBLOOD']",297,99.0,72.77,Seen 297 Win % 99% Avg 72.77,https://swgoh.gg/gac/ship-counters/CAPITALEXECUTOR/?season_id=CHAMPIONSHIPS_GRAND_ARENA_GA2_EVENT_SEASON_80,2
ships,CAPITALEXECUTOR,CHAMPIONSHIPS_GRAND_ARENA_GA2_EVENT_SEASON_80,CAPITALPROFUNDITY,"['CAPITALPROFUNDITY', 'MILLENNIUMFALCON', 'OUTRIDER', 'YWINGREBEL', 'ROGUEONESHIP']","['CAPITALEXECUTOR', 'PUNISHINGONE', 'RAZORCREST', 'XANADUBLOOD', 'HOUNDSTOOTH', 'IG2000', 'SLAVE1']",4569,99.0,74.57,"Seen 4,569 Win % 99% Avg 74.57",https://swgoh.gg/gac/ship-counters/CAPITALEXECUTOR/?season_id=CHAMPIONSHIPS_GRAND_ARENA_GA2_EVENT_SEASON_80,2
ships,CAPITALEXECUTOR,CHAMPIONSHIPS_GRAND_ARENA_GA2_EVENT_SEASON_80,CAPITALPROFUNDITY,"['CAPITALPROFUNDITY', 'MILLENNIUMFALCON', 'OUTRIDER', 'YWINGREBEL', 'ROGUEONESHIP', 'UWINGROGUEONE']","['CAPITALEXECUTOR', 'HOUNDSTOOTH', 'PUNISHINGONE', 'RAZORCREST', 'IG2000', 'XANADUBLOOD']",147,99.0,73.61,Seen 147 Win % 99% Avg 73.61,https://swgoh.gg/gac/ship-counters/CAPITALEXECUTOR/?season_id=CHAMPIONSHIPS_GRAND_ARENA_GA2_EVENT_SEASON_80,2
ships,CAPITALEXECUTOR,CHAMPIONSHIPS_GRAND_ARENA_GA2_EVENT_SEASON_80,CAPITALPROFUNDITY,"['CAPITALPROFUNDITY', 'MILLENNIUMFALCON', 'OUTRIDER', 'YWINGREBEL', 'ROGUEONESHIP', 'UWINGSCARIF']","['CAPITALEXECUTOR', 'PUNISHINGONE', 'RAZORCREST', 'XANADUBLOOD', 'HOUNDSTOOTH', 'IG2000', 'SLAVE1']",146,99.0,72.7,Seen 146 Win % 99% Avg 72.7,https://swgoh.gg/gac/ship-counters/CAPITALEXECUTOR/?season_id=CHAMPIONSHIPS_GRAND_ARENA_GA2_EVENT_SEASON_80,2
ships,CAPITALEXECUTOR,CHAMPIONSHIPS_GRAND_ARENA_GA2_EVENT_SEASON_80,CAPITALPROFUNDITY,"['CAPITALPROFUNDITY', 'MILLENNIUMFALCON', 'OUTRIDER', 'YWINGREBEL', 'ROGUEONESHIP', 'UWINGSCARIF']","['CAPITALEXECUTOR', 'HOUNDSTOOTH', 'PUNISHINGONE', 'RAZORCREST', 'IG2000', 'SLAVE1', 'XANADUBLOOD']",142,99.0,72.65,Seen 142 Win % 99% Avg 72.65,https://swgoh.gg/gac/ship-counters/CAPITALEXECUTOR/?season_id=CHAMPIONSHIPS_GRAND_ARENA_GA2_EVENT_SEASON_80,2
ships,CAPITALEXECUTOR,CHAMPIONSHIPS_GRAND_ARENA_GA2_EVENT_SEASON_80,CAPITALPROFUNDITY,"['CAPITALPROFUNDITY', 'MILLENNIUMFALCON', 'OUTRIDER', 'YWINGREBEL', 'GHOST', 'ROGUEONESHIP']","['CAPITALEXECUTOR', 'PUNISHINGONE', 'RAZORCREST', 'XANADUBLOOD', 'HOUNDSTOOTH', 'IG2000', 'SLAVE1']",967,99.0,72.75,Seen 967 Win % 99% Avg 72.75,https://swgoh.gg/gac/ship-counters/CAPITALEXECUTOR/?season_id=CHAMPIONSHIPS_GRAND_ARENA_GA2_EVENT_SEASON_80,2
ships,CAPITALEXECUTOR,CHAMPIONSHIPS_GRAND_ARENA_GA2_EVENT_SEASON_80,CAPITALPROFUNDITY,"['CAPITALPROFUNDITY', 'MILLENNIUMFALCON', 'OUTRIDER', 'YWINGREBEL', 'ROGUEONESHIP']","['CAPITALEXECUTOR', 'PUNISHINGONE', 'RAZORCREST', 'XANADUBLOOD', 'HOUNDSTOOTH', 'SLAVE1']",408,99.0,74.93,Seen 408 Win % 99% Avg 74.93,https://swgoh.gg/gac/ship-counters/CAPITALEXECUTOR/?season_id=CHAMPIONSHIPS_GRAND_ARENA_GA2_EVENT_SEASON_80,2
ships,CAPITALEXECUTOR,CHAMPIONSHIPS_GRAND_ARENA_GA2_EVENT_SEASON_80,CAPITALPROFUNDITY,"['CAPITALPROFUNDITY', 'MILLENNIUMFALCON', 'OUTRIDER', 'YWINGREBEL', 'ROGUEONESHIP']","['CAPITALEXECUTOR', 'HOUNDSTOOTH', 'PUNISHINGONE', 'RAZORCREST', 'EBONHAWK', 'IG2000', 'SLAVE1', 'XANADUBLOOD']",125,99.0,74.25,Seen 125 Win % 99% Avg 74.25,https://swgoh.gg/gac/ship-counters/CAPITALEXECUTOR/?season_id=CHAMPIONSHIPS_GRAND_ARENA_GA2_EVENT_SEASON_80,2
ships,CAPITALEXECUTOR,CHAMPIONSHIPS_GRAND_ARENA_GA2_EVENT_SEASON_80,CAPITALPROFUNDITY,"['CAPITALPROFUNDITY', 'MILLENNIUMFALCON', 'OUTRIDER', 'YWINGREBEL', 'ROGUEONESHIP', 'XWINGRED2']","['CAPITALEXECUTOR', 'PUNISHINGONE', 'RAZORCREST', 'XANADUBLOOD', 'HOUNDSTOOTH', 'IG2000', 'SLAVE1']",124,99.0,73.02,Seen 124 Win % 99% Avg 73.02,https://swgoh.gg/gac/ship-counters/CAPITALEXECUTOR/?season_id=CHAMPIONSHIPS_GRAND_ARENA_GA2_EVENT_SEASON_80,2
ships,CAPITALEXECUTOR,CHAMPIONSHIPS_GRAND_ARENA_GA2_EVENT_SEASON_80,CAPITALPROFUNDITY,"['CAPITALPROFUNDITY', 'MILLENNIUMFALCON', 'OUTRIDER', 'YWINGREBEL', 'ROGUEONESHIP']","['CAPITALEXECUTOR', 'HOUNDSTOOTH', 'PUNISHINGONE', 'RAZORCREST', 'IG2000', 'XANADUBLOOD']",977,99.0,74.99,Seen 977 Win % 99% Avg 74.99,https://swgoh.gg/gac/ship-counters/CAPITALEXECUTOR/?season_id=CHAMPIONSHIPS_GRAND_ARENA_GA2_EVENT_SEASON_80,2
ships,CAPITALEXECUTOR,CHAMPIONSHIPS_GRAND_ARENA_GA2_EVENT_SEASON_80,CAPITALPROFUNDITY,"['CAPITALPROFUNDITY', 'MILLENNIUMFALCON', 'OUTRIDER', 'YWINGREBEL', 'GHOST', 'PHANTOM2', 'ROGUEONESHIP']","['CAPITALEXECUTOR', 'PUNISHINGONE', 'RAZORCREST', 'XANADUBLOOD', 'HOUNDSTOOTH', 'IG2000', 'SLAVE1']",2449,99.0,72.32,"Seen 2,449 Win % 99% Avg 72.32",https://swgoh.gg/gac/ship-counters/CAPITALEXECUTOR/?season_id=CHAMPIONSHIPS_GRAND_ARENA_GA2_EVENT_SEASON_80,2
ships,CAPITALEXECUTOR,CHAMPIONSHIPS_GRAND_ARENA_GA2_EVENT_SEASON_80,CAPITALPROFUNDITY,"['CAPITALPROFUNDITY', 'MILLENNIUMFALCON', 'OUTRIDER', 'YWINGREBEL', 'PHANTOM2', 'ROGUEONESHIP', 'UWINGROGUEONE']","['CAPITALEXECUTOR', 'PUNISHINGONE', 'RAZORCREST', 'XANADUBLOOD', 'HOUNDSTOOTH', 'IG2000', 'SLAVE1']",221,99.0,72.41,Seen 221 Win % 99% Avg 72.41,https://swgoh.gg/gac/ship-counters/CAPITALEXECUTOR/?season_id=CHAMPIONSHIPS_GRAND_ARENA_GA2_EVENT_SEASON_80,2
ships,CAPITALEXECUTOR,CHAMPIONSHIPS_GRAND_ARENA_GA2_EVENT_SEASON_80,CAPITALPROFUNDITY,"['CAPITALPROFUNDITY', 'MILLENNIUMFALCON', 'OUTRIDER', 'YWINGREBEL', 'GHOST', 'PHANTOM2', 'ROGUEONESHIP']","['CAPITALEXECUTOR', 'HOUNDSTOOTH', 'PUNISHINGONE', 'RAZORCREST', 'IG2000', 'SLAVE1', 'XANADUBLOOD']",2092,99.0,72.36,"Seen 2,092 Win % 99% Avg 72.36",https://swgoh.gg/gac/ship-counters/CAPITALEXECUTOR/?season_id=CHAMPIONSHIPS_GRAND_ARENA_GA2_EVENT_SEASON_80,2
ships,CAPITALEXECUTOR,CHAMPIONSHIPS_GRAND_ARENA_GA2_EVENT_SEASON_80,CAPITALPROFUNDITY,"['CAPITALPROFUNDITY', 'MILLENNIUMFALCON', 'OUTRIDER', 'YWINGREBEL', 'GHOST', 'ROGUEONESHIP', 'UWINGROGUEONE']","['CAPITALEXECUTOR', 'HOUNDSTOOTH', 'PUNISHINGONE', 'RAZORCREST', 'IG2000', 'SLAVE1', 'XANADUBLOOD']",181,98.0,71.85,Seen 181 Win % 98% Avg 71.85,https://swgoh.gg/gac/ship-counters/CAPITALEXECUTOR/?season_id=CHAMPIONSHIPS_GRAND_ARENA_GA2_EVENT_SEASON_80,2
ships,CAPITALEXECUTOR,CHAMPIONSHIPS_GRAND_ARENA_GA2_EVENT_SEASON_80,CAPITALPROFUNDITY,"['CAPITALPROFUNDITY', 'MILLENNIUMFALCON', 'OUTRIDER', 'YWINGREBEL', 'PHANTOM2', 'ROGUEONESHIP']","['CAPITALEXECUTOR', 'PUNISHINGONE', 'RAZORCREST', 'XANADUBLOOD', 'HOUNDSTOOTH', 'IG2000', 'SLAVE1']",926,98.0,72.79,Seen 926 Win % 98% Avg 72.79,https://swgoh.gg/gac/ship-counters/CAPITALEXECUTOR/?season_id=CHAMPIONSHIPS_GRAND_ARENA_GA2_EVENT_SEASON_80,2
ships,CAPITALEXECUTOR,CHAMPIONSHIPS_GRAND_ARENA_GA2_EVENT_SEASON_80,CAPITALPROFUNDITY,"['CAPITALPROFUNDITY', 'MILLENNIUMFALCON', 'OUTRIDER', 'YWINGREBEL', 'PHANTOM2', 'ROGUEONESHIP']","['CAPITALEXECUTOR', 'HOUNDSTOOTH', 'PUNISHINGONE', 'RAZORCREST', 'IG2000', 'SLAVE1', 'XANADUBLOOD']",883,98.0,73.1,Seen 883 Win % 98% Avg 73.1,https://swgoh.gg/gac/ship-counters/CAPITALEXECUTOR/?season_id=CHAMPIONSHIPS_GRAND_ARENA_GA2_EVENT_SEASON_80,2
ships,CAPITALEXECUTOR,CHAMPIONSHIPS_GRAND_ARENA_GA2_EVENT_SEASON_80,CAPITALPROFUNDITY,"['CAPITALPROFUNDITY', 'MILLENNIUMFALCON', 'OUTRIDER', 'YWINGREBEL', 'GHOST', 'ROGUEONESHIP']","['CAPITALEXECUTOR', 'HOUNDSTOOTH', 'PUNISHINGONE', 'RAZORCREST', 'IG2000', 'SLAVE1', 'XANADUBLOOD']",808,98.0,72.16,Seen 808 Win % 98% Avg 72.16,https://swgoh.gg/gac/ship-counters/CAPITALEXECUTOR/?season_id=CHAMPIONSHIPS_GRAND_ARENA_GA2_EVENT_SEASON_80,2
ships,CAPITALEXECUTOR,CHAMPIONSHIPS_GRAND_ARENA_GA2_EVENT_SEASON_80,CAPITALPROFUNDITY,"['CAPITALPROFUNDITY', 'MILLENNIUMFALCON', 'OUTRIDER', 'YWINGREBEL', 'GHOST', 'ROGUEONESHIP', 'UWINGROGUEONE']","['CAPITALEXECUTOR', 'PUNISHINGONE', 'RAZORCREST', 'XANADUBLOOD', 'HOUNDSTOOTH', 'IG2000', 'SLAVE1']",208,98.0,71.84,Seen 208 Win % 98% Avg 71.84,https://swgoh.gg/gac/ship-counters/CAPITALEXECUTOR/?season_id=CHAMPIONSHIPS_GRAND_ARENA_GA2_EVENT_SEASON_80,2
ships,CAPITALEXECUTOR,CHAMPIONSHIPS_GRAND_ARENA_GA2_EVENT_SEASON_80,CAPITALPROFUNDITY,"['CAPITALPROFUNDITY', 'MILLENNIUMFALCON', 'OUTRIDER', 'YWINGREBEL', 'ROGUEONESHIP']","['CAPITALEXECUTOR', 'HOUNDSTOOTH', 'PUNISHINGONE', 'RAZORCREST', 'IG2000', 'SLAVE1', 'XANADUBLOOD']",4061,98.0,74.04,"Seen 4,061 Win % 98% Avg 74.04",https://swgoh.gg/gac/ship-counters/CAPITALEXECUTOR/?season_id=CHAMPIONSHIPS_GRAND_ARENA_GA2_EVENT_SEASON_80,2
ships,CAPITALEXECUTOR,CHAMPIONSHIPS_GRAND_ARENA_GA2_EVENT_SEASON_80,CAPITALPROFUNDITY,"['CAPITALPROFUNDITY', 'MILLENNIUMFALCON', 'OUTRIDER', 'YWINGREBEL', 'PHANTOM2', 'ROGUEONESHIP', 'UWINGROGUEONE']","['CAPITALEXECUTOR', 'HOUNDSTOOTH', 'PUNISHINGONE', 'RAZORCREST', 'IG2000', 'SLAVE1', 'XANADUBLOOD']",183,98.0,71.58,Seen 183 Win % 98% Avg 71.58,https://swgoh.gg/gac/ship-counters/CAPITALEXECUTOR/?season_id=CHAMPIONSHIPS_GRAND_ARENA_GA2_EVENT_SEASON_80,2
ships,CAPITALEXECUTOR,CHAMPIONSHIPS_GRAND_ARENA_GA2_EVENT_SEASON_80,CAPITALPROFUNDITY,"['CAPITALPROFUNDITY', 'MILLENNIUMFALCON', 'OUTRIDER', 'YWINGREBEL', 'ROGUEONESHIP']","['CAPITALEXECUTOR', 'PUNISHINGONE', 'RAZORCREST', 'XANADUBLOOD', 'HOUNDSTOOTH', 'IG2000']",116,98.0,74.24,Seen 116 Win % 98% Avg 74.24,https://swgoh.gg/gac/ship-counters/CAPITALEXECUTOR/?season_id=CHAMPIONSHIPS_GRAND_ARENA_GA2_EVENT_SEASON_80,2
ships,CAPITALEXECUTOR,CHAMPIONSHIPS_GRAND_ARENA_GA2_EVENT_SEASON_80,CAPITALPROFUNDITY,"['CAPITALPROFUNDITY', 'MILLENNIUMFALCON', 'OUTRIDER', 'YWINGREBEL', 'GHOST', 'PHANTOM2', 'ROGUEONESHIP', 'UWINGROGUEONE']","['CAPITALEXECUTOR', 'PUNISHINGONE', 'RAZORCREST', 'XANADUBLOOD', 'HOUNDSTOOTH', 'IG2000', 'SLAVE1']",391,98.0,71.03,Seen 391 Win % 98% Avg 71.03,https://swgoh.gg/gac/ship-counters/CAPITALEXECUTOR/?season_id=CHAMPIONSHIPS_GRAND_ARENA_GA2_EVENT_SEASON_80,2
ships,CAPITALEXECUTOR,CHAMPIONSHIPS_GRAND_ARENA_GA2_EVENT_SEASON_80,CAPITALPROFUNDITY,"['CAPITALPROFUNDITY', 'MILLENNIUMFALCON', 'OUTRIDER', 'YWINGREBEL', 'ROGUEONESHIP', 'XWINGRED2']","['CAPITALEXECUTOR', 'HOUNDSTOOTH', 'PUNISHINGONE', 'RAZORCREST', 'IG2000', 'SLAVE1', 'XANADUBLOOD']",108,98.0,72.21,Seen 108 Win % 98% Avg 72.21,https://swgoh.gg/gac/ship-counters/CAPITALEXECUTOR/?season_id=CHAMPIONSHIPS_GRAND_ARENA_GA2_EVENT_SEASON_80,2
ships,CAPITALEXECUTOR,CHAMPIONSHIPS_GRAND_ARENA_GA2_EVENT_SEASON_80,CAPITALPROFUNDITY,"['CAPITALPROFUNDITY', 'MILLENNIUMFALCON', 'OUTRIDER', 'YWINGREBEL', 'GHOST', 'PHANTOM2', 'ROGUEONESHIP', 'UWINGROGUEONE']","['CAPITALEXECUTOR', 'HOUNDSTOOTH', 'PUNISHINGONE', 'RAZORCREST', 'IG2000', 'SLAVE1', 'XANADUBLOOD']",322,97.0,71.04,Seen 322 Win % 97% Avg 71.04,https://swgoh.gg/gac/ship-counters/CAPITALEXECUTOR/?season_id=CHAMPIONSHIPS_GRAND_ARENA_GA2_EVENT_SEASON_80,2
ships,CAPITALEXECUTOR,CHAMPIONSHIPS_GRAND_ARENA_GA2_EVENT_SEASON_80,CAPITALPROFUNDITY,"['CAPITALPROFUNDITY', 'MILLENNIUMFALCON', 'OUTRIDER', 'YWINGREBEL', 'GHOST', 'PHANTOM2', 'ROGUEONESHIP']","['CAPITALEXECUTOR', 'PUNISHINGONE', 'RAZORCREST', 'XANADUBLOOD', 'EBONHAWK', 'HOUNDSTOOTH', 'IG2000', 'SLAVE1']",137,97.0,71.4,Seen 137 Win % 97% Avg 71.4,https://swgoh.gg/gac/ship-counters/CAPITALEXECUTOR/?season_id=CHAMPIONSHIPS_GRAND_ARENA_GA2_EVENT_SEASON_80,2
ships,CAPITALEXECUTOR,CHAMPIONSHIPS_GRAND_ARENA_GA2_EVENT_SEASON_80,CAPITALLEVIATHAN,"['CAPITALLEVIATHAN', 'FURYCLASSINTERCEPTOR', 'SITHBOMBER', 'TIEDAGGER', 'SITHFIGHTER', 'SITHSUPREMACYCLASS']","['CAPITALEXECUTOR', 'HOUNDSTOOTH', 'PUNISHINGONE', 'RAZORCREST', 'IG2000', 'XANADUBLOOD']",126,97.0,69.6,Seen 126 Win % 97% Avg 69.6,https://swgoh.gg/gac/ship-counters/CAPITALEXECUTOR/?season_id=CHAMPIONSHIPS_GRAND_ARENA_GA2_EVENT_SEASON_80,2
ships,CAPITALEXECUTOR,CHAMPIONSHIPS_GRAND_ARENA_GA2_EVENT_SEASON_80,CAPITALLEVIATHAN,"['CAPITALLEVIATHAN', 'FURYCLASSINTERCEPTOR', 'SITHBOMBER', 'TIEDAGGER', 'SITHFIGHTER', 'SITHSUPREMACYCLASS']","['CAPITALEXECUTOR', 'HOUNDSTOOTH', 'PUNISHINGONE', 'RAZORCREST', 'IG2000', 'SLAVE1', 'XANADUBLOOD']",678,97.0,69.77,Seen 678 Win % 97% Avg 69.77,https://swgoh.gg/gac/ship-counters/CAPITALEXECUTOR/?season_id=CHAMPIONSHIPS_GRAND_ARENA_GA2_EVENT_SEASON_80,2
ships,CAPITALEXECUTOR,CHAMPIONSHIPS_GRAND_ARENA_GA2_EVENT_SEASON_80,CAPITALPROFUNDITY,"['CAPITALPROFUNDITY', 'MILLENNIUMFALCON', 'OUTRIDER', 'YWINGREBEL', 'ROGUEONESHIP', 'UWINGROGUEONE', 'UWINGSCARIF']","['CAPITALEXECUTOR', 'HOUNDSTOOTH', 'PUNISHINGONE', 'RAZORCREST', 'IG2000', 'SLAVE1', 'XANADUBLOOD']",157,96.0,70.36,Seen 157 Win % 96% Avg 70.36,https://swgoh.gg/gac/ship-counters/CAPITALEXECUTOR/?season_id=CHAMPIONSHIPS_GRAND_ARENA_GA2_EVENT_SEASON_80,2
ships,CAPITALEXECUTOR,CHAMPIONSHIPS_GRAND_ARENA_GA2_EVENT_SEASON_80,CAPITALLEVIATHAN,"['CAPITALLEVIATHAN', 'FURYCLASSINTERCEPTOR', 'SITHBOMBER', 'TIEDAGGER', 'SITHFIGHTER', 'SITHSUPREMACYCLASS']","['CAPITALEXECUTOR', 'PUNISHINGONE', 'RAZORCREST', 'XANADUBLOOD', 'HOUNDSTOOTH', 'IG2000', 'SLAVE1']",663,95.0,68.14,Seen 663 Win % 95% Avg 68.14,https://swgoh.gg/gac/ship-counters/CAPITALEXECUTOR/?season_id=CHAMPIONSHIPS_GRAND_ARENA_GA2_EVENT_SEASON_80,2
ships,CAPITALEXECUTOR,CHAMPIONSHIPS_GRAND_ARENA_GA2_EVENT_SEASON_80,CAPITALLEVIATHAN,"['CAPITALLEVIATHAN', 'FURYCLASSINTERCEPTOR', 'SITHBOMBER', 'TIEDAGGER', 'SITHFIGHTER', 'SITHINFILTRATOR', 'SITHSUPREMACYCLASS']","['CAPITALEXECUTOR', 'PUNISHINGONE', 'RAZORCREST', 'XANADUBLOOD', 'EBONHAWK', 'HOUNDSTOOTH', 'IG2000', 'SLAVE1']",130,95.0,65.26,Seen 130 Win % 95% Avg 65.26,https://swgoh.gg/gac/ship-counters/CAPITALEXECUTOR/?season_id=CHAMPIONSHIPS_GRAND_ARENA_GA2_EVENT_SEASON_80,2
ships,CAPITALEXECUTOR,CHAMPIONSHIPS_GRAND_ARENA_GA2_EVENT_SEASON_80,CAPITALLEVIATHAN,"['CAPITALLEVIATHAN', 'FURYCLASSINTERCEPTOR', 'SITHBOMBER', 'TIEDAGGER', 'SITHFIGHTER', 'SITHINFILTRATOR', 'SITHSUPREMACYCLASS']","['CAPITALEXECUTOR', 'HOUNDSTOOTH', 'PUNISHINGONE', 'RAZORCREST', 'IG2000', 'XANADUBLOOD']",257,95.0,65.73,Seen 257 Win % 95% Avg 65.73,https://swgoh.gg/gac/ship-counters/CAPITALEXECUTOR/?season_id=CHAMPIONSHIPS_GRAND_ARENA_GA2_EVENT_SEASON_80,2
ships,CAPITALEXECUTOR,CHAMPIONSHIPS_GRAND_ARENA_GA2_EVENT_SEASON_80,CAPITALLEVIATHAN,"['CAPITALLEVIATHAN', 'FURYCLASSINTERCEPTOR', 'SITHBOMBER', 'TIEDAGGER', 'SITHFIGHTER', 'SITHINFILTRATOR', 'SITHSUPREMACYCLASS']","['CAPITALEXECUTOR', 'HOUNDSTOOTH', 'PUNISHINGONE', 'RAZORCREST', 'IG2000', 'SLAVE1', 'XANADUBLOOD']",1631,95.0,65.59,"Seen 1,631 Win % 95% Avg 65.59",https://swgoh.gg/gac/ship-counters/CAPITALEXECUTOR/?season_id=CHAMPIONSHIPS_GRAND_ARENA_GA2_EVENT_SEASON_80,2
ships,CAPITALEXECUTOR,CHAMPIONSHIPS_GRAND_ARENA_GA2_EVENT_SEASON_80,CAPITALLEVIATHAN,"['CAPITALLEVIATHAN', 'FURYCLASSINTERCEPTOR', 'SITHBOMBER', 'TIEDAGGER', 'EMPERORSSHUTTLE', 'SITHFIGHTER', 'SITHINFILTRATOR', 'SITHSUPREMACYCLASS']","['CAPITALEXECUTOR', 'HOUNDSTOOTH', 'PUNISHINGONE', 'RAZORCREST', 'IG2000', 'SLAVE1', 'XANADUBLOOD']",233,94.0,64.4,Seen 233 Win % 94% Avg 64.4,https://swgoh.gg/gac/ship-counters/CAPITALEXECUTOR/?season_id=CHAMPIONSHIPS_GRAND_ARENA_GA2_EVENT_SEASON_80,2
ships,CAPITALEXECUTOR,CHAMPIONSHIPS_GRAND_ARENA_GA2_EVENT_SEASON_80,CAPITALLEVIATHAN,"['CAPITALLEVIATHAN', 'FURYCLASSINTERCEPTOR', 'SITHBOMBER', 'TIEDAGGER', 'SITHFIGHTER', 'SITHINFILTRATOR', 'SITHSUPREMACYCLASS']","['CAPITALEXECUTOR', 'PUNISHINGONE', 'RAZORCREST', 'XANADUBLOOD', 'HOUNDSTOOTH', 'IG2000', 'SLAVE1']",1999,93.0,63.95,"Seen 1,999 Win % 93% Avg 63.95",https://swgoh.gg/gac/ship-counters/CAPITALEXECUTOR/?season_id=CHAMPIONSHIPS_GRAND_ARENA_GA2_EVENT_SEASON_80,2
ships,CAPITALEXECUTOR,CHAMPIONSHIPS_GRAND_ARENA_GA2_EVENT_SEASON_80,CAPITALLEVIATHAN,"['CAPITALLEVIATHAN', 'FURYCLASSINTERCEPTOR', 'SITHBOMBER', 'TIEDAGGER', 'SITHINFILTRATOR', 'SITHSUPREMACYCLASS']","['CAPITALEXECUTOR', 'PUNISHINGONE', 'RAZORCREST', 'XANADUBLOOD', 'HOUNDSTOOTH', 'IG2000', 'SLAVE1']",476,90.0,62.05,Seen 476 Win % 90% Avg 62.05,https://swgoh.gg/gac/ship-counters/CAPITALEXECUTOR/?season_id=CHAMPIONSHIPS_GRAND_ARENA_GA2_EVENT_SEASON_80,2
ships,CAPITALEXECUTOR,CHAMPIONSHIPS_GRAND_ARENA_GA2_EVENT_SEASON_80,CAPITALLEVIATHAN,"['CAPITALLEVIATHAN', 'FURYCLASSINTERCEPTOR', 'SITHBOMBER', 'TIEDAGGER', 'SITHINFILTRATOR', 'SITHSUPREMACYCLASS']","['CAPITALEXECUTOR', 'HOUNDSTOOTH', 'PUNISHINGONE', 'RAZORCREST', 'IG2000', 'SLAVE1', 'XANADUBLOOD']",394,90.0,62.31,Seen 394 Win % 90% Avg 62.31,https://swgoh.gg/gac/ship-counters/CAPITALEXECUTOR/?season_id=CHAMPIONSHIPS_GRAND_ARENA_GA2_EVENT_SEASON_80,2
ships,CAPITALEXECUTOR,CHAMPIONSHIPS_GRAND_ARENA_GA2_EVENT_SEASON_80,CAPITALLEVIATHAN,"['CAPITALLEVIATHAN', 'FURYCLASSINTERCEPTOR', 'SITHBOMBER', 'TIEDAGGER', 'EMPERORSSHUTTLE', 'SITHFIGHTER', 'SITHINFILTRATOR', 'SITHSUPREMACYCLASS']","['CAPITALEXECUTOR', 'PUNISHINGONE', 'RAZORCREST', 'XANADUBLOOD', 'HOUNDSTOOTH', 'IG2000', 'SLAVE1']",264,89.0,61.24,Seen 264 Win % 89% Avg 61.24,https://swgoh.gg/gac/ship-counters/CAPITALEXECUTOR/?season_id=CHAMPIONSHIPS_GRAND_ARENA_GA2_EVENT_SEASON_80,2
ships,CAPITALEXECUTOR,CHAMPIONSHIPS_GRAND_ARENA_GA2_EVENT_SEASON_80,CAPITALEXECUTOR,"['CAPITALEXECUTOR', 'PUNISHINGONE', 'RAZORCREST', 'XANADUBLOOD', 'HOUNDSTOOTH', 'IG2000', 'SLAVE1']","['CAPITALEXECUTOR', 'PUNISHINGONE', 'RAZORCREST', 'XANADUBLOOD', 'HOUNDSTOOTH', 'IG2000', 'SLAVE1']",813,76.0,53.15,Seen 813 Win % 76% Avg 53.15,https://swgoh.gg/gac/ship-counters/CAPITALEXECUTOR/?season_id=CHAMPIONSHIPS_GRAND_ARENA_GA2_EVENT_SEASON_80,2
ships,CAPITALEXECUTOR,CHAMPIONSHIPS_GRAND_ARENA_GA2_EVENT_SEASON_80,CAPITALEXECUTOR,"['CAPITALEXECUTOR', 'PUNISHINGONE', 'RAZORCREST', 'XANADUBLOOD', 'HOUNDSTOOTH', 'IG2000', 'SLAVE1']","['CAPITALEXECUTOR', 'HOUNDSTOOTH', 'PUNISHINGONE', 'RAZORCREST', 'IG2000', 'SLAVE1', 'XANADUBLOOD']",605,75.0,52.32,Seen 605 Win % 75% Avg 52.32,https://swgoh.gg/gac/ship-counters/CAPITALEXECUTOR/?season_id=CHAMPIONSHIPS_GRAND_ARENA_GA2_EVENT_SEASON_80,2
ships,CAPITALEXECUTOR,CHAMPIONSHIPS_GRAND_ARENA_GA2_EVENT_SEASON_80,CAPITALJEDICRUISER,"['CAPITALJEDICRUISER', 'ARC170REX', 'MARAUDER', 'UMBARANSTARFIGHTER', 'BLADEOFDORIN', 'EBONHAWK', 'JEDISTARFIGHTERAHSOKATANO', 'JEDISTARFIGHTERANAKIN']","['CAPITALEXECUTOR', 'HOUNDSTOOTH', 'PUNISHINGONE', 'RAZORCREST', 'IG2000', 'SLAVE1', 'XANADUBLOOD']",634,64.0,43.47,Seen 634 Win % 64% Avg 43.47,https://swgoh.gg/gac/ship-counters/CAPITALEXECUTOR/?season_id=CHAMPIONSHIPS_GRAND_ARENA_GA2_EVENT_SEASON_80,2
ships,CAPITALEXECUTOR,CHAMPIONSHIPS_GRAND_ARENA_GA2_EVENT_SEASON_80,CAPITALSTARDESTROYER,"['CAPITALSTARDESTROYER', 'SCYTHE', 'TIEADVANCED', 'TIEFIGHTERIMPERIAL', 'TIEDEFENDER', 'TIEINTERCEPTOR']","['CAPITALEXECUTOR', 'HOUNDSTOOTH', 'PUNISHINGONE', 'RAZORCREST', 'IG2000', 'SLAVE1', 'XANADUBLOOD']",199,59.0,40.3,Seen 199 Win % 59% Avg 40.3,https://swgoh.gg/gac/ship-counters/CAPITALEXECUTOR/?season_id=CHAMPIONSHIPS_GRAND_ARENA_GA2_EVENT_SEASON_80,2
ships,CAPITALEXECUTOR,CHAMPIONSHIPS_GRAND_ARENA_GA2_EVENT_SEASON_80,CAPITALEXECUTOR,"['CAPITALEXECUTOR', 'HOUNDSTOOTH', 'PUNISHINGONE', 'RAZORCREST', 'IG2000', 'SLAVE1', 'XANADUBLOOD']","['CAPITALEXECUTOR', 'HOUNDSTOOTH', 'PUNISHINGONE', 'RAZORCREST', 'IG2000', 'SLAVE1', 'XANADUBLOOD']",356,58.0,40.67,Seen 356 Win % 58% Avg 40.67,https://swgoh.gg/gac/ship-counters/CAPITALEXECUTOR/?season_id=CHAMPIONSHIPS_GRAND_ARENA_GA2_EVENT_SEASON_80,2
ships,CAPITALCHIMAERA,CHAMPIONSHIPS_GRAND_ARENA_GA2_EVENT_SEASON_80,CAPITALPROFUNDITY,"['CAPITALPROFUNDITY', 'MILLENNIUMFALCON', 'OUTRIDER', 'YWINGREBEL', 'ROGUEONESHIP']","['CAPITALCHIMAERA', 'SCYTHE', 'TIEADVANCED', 'TIEFIGHTERIMPERIAL', 'TIEDEFENDER', 'TIEINTERCEPTOR']",109,100.0,75.76,Seen 109 Win % 100% Avg 75.76,https://swgoh.gg/gac/ship-counters/CAPITALCHIMAERA/?season_id=CHAMPIONSHIPS_GRAND_ARENA_GA2_EVENT_SEASON_80,2
ships,CAPITALCHIMAERA,CHAMPIONSHIPS_GRAND_ARENA_GA2_EVENT_SEASON_80,CAPITALPROFUNDITY,"['CAPITALPROFUNDITY', 'MILLENNIUMFALCON', 'OUTRIDER', 'YWINGREBEL', 'ROGUEONESHIP']","['CAPITALCHIMAERA', 'SCYTHE', 'TIEADVANCED', 'TIEBOMBERIMPERIAL', 'EMPERORSSHUTTLE', 'TIEDEFENDER', 'TIEFIGHTERIMPERIAL', 'TIEINTERCEPTOR']",103,100.0,74.74,Seen 103 Win % 100% Avg 74.74,https://swgoh.gg/gac/ship-counters/CAPITALCHIMAERA/?season_id=CHAMPIONSHIPS_GRAND_ARENA_GA2_EVENT_SEASON_80,2
ships,CAPITALCHIMAERA,CHAMPIONSHIPS_GRAND_ARENA_GA2_EVENT_SEASON_80,CAPITALLEVIATHAN,"['CAPITALLEVIATHAN', 'FURYCLASSINTERCEPTOR', 'SITHBOMBER', 'TIEDAGGER', 'SITHFIGHTER', 'SITHINFILTRATOR', 'SITHSUPREMACYCLASS']","['CAPITALCHIMAERA', 'SCYTHE', 'TIEADVANCED', 'TIEBOMBERIMPERIAL', 'EMPERORSSHUTTLE', 'TIEDEFENDER', 'TIEFIGHTERIMPERIAL', 'TIEINTERCEPTOR']",61,100.0,70.34,Seen 61 Win % 100% Avg 70.34,https://swgoh.gg/gac/ship-counters/CAPITALCHIMAERA/?season_id=CHAMPIONSHIPS_GRAND_ARENA_GA2_EVENT_SEASON_80,2
ships,CAPITALCHIMAERA,CHAMPIONSHIPS_GRAND_ARENA_GA2_EVENT_SEASON_80,CAPITALEXECUTOR,"['CAPITALEXECUTOR', 'PUNISHINGONE', 'RAZORCREST', 'XANADUBLOOD', 'HOUNDSTOOTH', 'IG2000', 'SLAVE1']","['CAPITALCHIMAERA', 'SCYTHE', 'TIEADVANCED', 'TIEBOMBERIMPERIAL', 'EMPERORSSHUTTLE', 'TIEDEFENDER', 'TIEFIGHTERIMPERIAL', 'TIEINTERCEPTOR']",52,100.0,70.71,Seen 52 Win % 100% Avg 70.71,https://swgoh.gg/gac/ship-counters/CAPITALCHIMAERA/?season_id=CHAMPIONSHIPS_GRAND_ARENA_GA2_EVENT_SEASON_80,2
ships,CAPITALCHIMAERA,CHAMPIONSHIPS_GRAND_ARENA_GA2_EVENT_SEASON_80,CAPITALPROFUNDITY,"['CAPITALPROFUNDITY', 'MILLENNIUMFALCON', 'OUTRIDER', 'YWINGREBEL', 'ROGUEONESHIP']","['CAPITALCHIMAERA', 'SCYTHE', 'TIEADVANCED', 'TIEFIGHTERIMPERIAL', 'EMPERORSSHUTTLE', 'TIEBOMBERIMPERIAL', 'TIEDEFENDER', 'TIEINTERCEPTOR']",51,100.0,75.37,Seen 51 Win % 100% Avg 75.37,https://swgoh.gg/gac/ship-counters/CAPITALCHIMAERA/?season_id=CHAMPIONSHIPS_GRAND_ARENA_GA2_EVENT_SEASON_80,2
ships,CAPITALCHIMAERA,CHAMPIONSHIPS_GRAND_ARENA_GA2_EVENT_SEASON_80,CAPITALPROFUNDITY,"['CAPITALPROFUNDITY', 'MILLENNIUMFALCON', 'OUTRIDER', 'YWINGREBEL', 'ROGUEONESHIP']","['CAPITALCHIMAERA', 'SCYTHE', 'TIEADVANCED', 'TIEBOMBERIMPERIAL', 'TIEDEFENDER', 'TIEINTERCEPTOR']",49,100.0,74.65,Seen 49 Win % 100% Avg 74.65,https://swgoh.gg/gac/ship-counters/CAPITALCHIMAERA/?season_id=CHAMPIONSHIPS_GRAND_ARENA_GA2_EVENT_SEASON_80,2
ships,CAPITALCHIMAERA,CHAMPIONSHIPS_GRAND_ARENA_GA2_EVENT_SEASON_80,CAPITALPROFUNDITY,"['CAPITALPROFUNDITY', 'MILLENNIUMFALCON', 'OUTRIDER', 'YWINGREBEL', 'ROGUEONESHIP']","['CAPITALCHIMAERA', 'SCYTHE', 'TIEADVANCED', 'TIEFIGHTERIMPERIAL', 'EMPERORSSHUTTLE', 'GAUNTLETSTARFIGHTER', 'TIEDEFENDER', 'TIEINTERCEPTOR']",48,100.0,75.75,Seen 48 Win % 100% Avg 75.75,https://swgoh.gg/gac/ship-counters/CAPITALCHIMAERA/?season_id=CHAMPIONSHIPS_GRAND_ARENA_GA2_EVENT_SEASON_80,2
ships,CAPITALCHIMAERA,CHAMPIONSHIPS_GRAND_ARENA_GA2_EVENT_SEASON_80,CAPITALLEVIATHAN,"['CAPITALLEVIATHAN', 'FURYCLASSINTERCEPTOR', 'SITHBOMBER', 'TIEDAGGER', 'SITHFIGHTER', 'SITHSUPREMACYCLASS']","['CAPITALCHIMAERA', 'SCYTHE', 'TIEADVANCED', 'TIEFIGHTERIMPERIAL', 'TIEDEFENDER', 'TIEINTERCEPTOR']",46,100.0,72.7,Seen 46 Win % 100% Avg 72.7,https://swgoh.gg/gac/ship-counters/CAPITALCHIMAERA/?season_id=CHAMPIONSHIPS_GRAND_ARENA_GA2_EVENT_SEASON_80,2
ships,CAPITALCHIMAERA,CHAMPIONSHIPS_GRAND_ARENA_GA2_EVENT_SEASON_80,CAPITALPROFUNDITY,"['CAPITALPROFUNDITY', 'MILLENNIUMFALCON', 'OUTRIDER', 'YWINGREBEL', 'ROGUEONESHIP']","['CAPITALCHIMAERA', 'SCYTHE', 'TIEADVANCED', 'TIEBOMBERIMPERIAL', 'GAUNTLETSTARFIGHTER', 'TIEDEFENDER', 'TIEFIGHTERIMPERIAL', 'TIEINTERCEPTOR']",46,100.0,74.83,Seen 46 Win % 100% Avg 74.83,https://swgoh.gg/gac/ship-counters/CAPITALCHIMAERA/?season_id=CHAMPIONSHIPS_GRAND_ARENA_GA2_EVENT_SEASON_80,2
ships,CAPITALCHIMAERA,CHAMPIONSHIPS_GRAND_ARENA_GA2_EVENT_SEASON_80,CAPITALLEVIATHAN,"['CAPITALLEVIATHAN', 'FURYCLASSINTERCEPTOR', 'SITHBOMBER', 'TIEDAGGER', 'SITHINFILTRATOR', 'SITHSUPREMACYCLASS']","['CAPITALCHIMAERA', 'SCYTHE', 'TIEADVANCED', 'TIEBOMBERIMPERIAL', 'EMPERORSSHUTTLE', 'TIEDEFENDER', 'TIEFIGHTERIMPERIAL', 'TIEINTERCEPTOR']",44,100.0,70.73,Seen 44 Win % 100% Avg 70.73,https://swgoh.gg/gac/ship-counters/CAPITALCHIMAERA/?season_id=CHAMPIONSHIPS_GRAND_ARENA_GA2_EVENT_SEASON_80,2
ships,CAPITALCHIMAERA,CHAMPIONSHIPS_GRAND_ARENA_GA2_EVENT_SEASON_80,CAPITALPROFUNDITY,"['CAPITALPROFUNDITY', 'MILLENNIUMFALCON', 'OUTRIDER', 'YWINGREBEL', 'ROGUEONESHIP']","['CAPITALCHIMAERA', 'SCYTHE', 'TIEADVANCED', 'TIEFIGHTERIMPERIAL', 'EMPERORSSHUTTLE', 'TIEDEFENDER', 'TIEINTERCEPTOR']",43,100.0,75.81,Seen 43 Win % 100% Avg 75.81,https://swgoh.gg/gac/ship-counters/CAPITALCHIMAERA/?season_id=CHAMPIONSHIPS_GRAND_ARENA_GA2_EVENT_SEASON_80,2
ships,CAPITALCHIMAERA,CHAMPIONSHIPS_GRAND_ARENA_GA2_EVENT_SEASON_80,CAPITALEXECUTOR,"['CAPITALEXECUTOR', 'PUNISHINGONE', 'RAZORCREST', 'XANADUBLOOD', 'HOUNDSTOOTH']","['CAPITALCHIMAERA', 'SCYTHE', 'TIEADVANCED', 'TIEFIGHTERIMPERIAL', 'TIEDEFENDER', 'TIEINTERCEPTOR']",40,100.0,75.62,Seen 40 Win % 100% Avg 75.62,https://swgoh.gg/gac/ship-counters/CAPITALCHIMAERA/?season_id=CHAMPIONSHIPS_GRAND_ARENA_GA2_EVENT_SEASON_80,2
ships,CAPITALCHIMAERA,CHAMPIONSHIPS_GRAND_ARENA_GA2_EVENT_SEASON_80,CAPITALLEVIATHAN,"['CAPITALLEVIATHAN', 'FURYCLASSINTERCEPTOR', 'SITHBOMBER', 'TIEDAGGER', 'SITHFIGHTER', 'SITHINFILTRATOR', 'SITHSUPREMACYCLASS']","['CAPITALCHIMAERA', 'SCYTHE', 'TIEADVANCED', 'TIEFIGHTERIMPERIAL', 'TIEDEFENDER', 'TIEINTERCEPTOR']",37,100.0,71.16,Seen 37 Win % 100% Avg 71.16,https://swgoh.gg/gac/ship-counters/CAPITALCHIMAERA/?season_id=CHAMPIONSHIPS_GRAND_ARENA_GA2_EVENT_SEASON_80,2
ships,CAPITALCHIMAERA,CHAMPIONSHIPS_GRAND_ARENA_GA2_EVENT_SEASON_80,CAPITALPROFUNDITY,"['CAPITALPROFUNDITY', 'MILLENNIUMFALCON', 'OUTRIDER', 'YWINGREBEL', 'ROGUEONESHIP']","['CAPITALCHIMAERA', 'TIEADVANCED', 'TIEBOMBERIMPERIAL', 'TIEFIGHTERIMPERIAL', 'TIEDEFENDER', 'TIEINTERCEPTOR']",37,100.0,75.08,Seen 37 Win % 100% Avg 75.08,https://swgoh.gg/gac/ship-counters/CAPITALCHIMAERA/?season_id=CHAMPIONSHIPS_GRAND_ARENA_GA2_EVENT_SEASON_80,2
ships,CAPITALCHIMAERA,CHAMPIONSHIPS_GRAND_ARENA_GA2_EVENT_SEASON_80,CAPITALPROFUNDITY,"['CAPITALPROFUNDITY', 'MILLENNIUMFALCON', 'OUTRIDER', 'YWINGREBEL', 'ROGUEONESHIP']","['CAPITALCHIMAERA', 'TIEADVANCED', 'TIEBOMBERIMPERIAL', 'TIEDEFENDER', 'SCYTHE', 'TIEINTERCEPTOR']",35,100.0,75.69,Seen 35 Win % 100% Avg 75.69,https://swgoh.gg/gac/ship-counters/CAPITALCHIMAERA/?season_id=CHAMPIONSHIPS_GRAND_ARENA_GA2_EVENT_SEASON_80,2
ships,CAPITALCHIMAERA,CHAMPIONSHIPS_GRAND_ARENA_GA2_EVENT_SEASON_80,CAPITALPROFUNDITY,"['CAPITALPROFUNDITY', 'MILLENNIUMFALCON', 'OUTRIDER', 'YWINGREBEL', 'ROGUEONESHIP']","['CAPITALCHIMAERA', 'SCYTHE', 'TIEADVANCED', 'TIEFIGHTERIMPERIAL', 'GAUNTLETSTARFIGHTER', 'TIEDEFENDER', 'TIEINTERCEPTOR']",33,100.0,75.52,Seen 33 Win % 100% Avg 75.52,https://swgoh.gg/gac/ship-counters/CAPITALCHIMAERA/?season_id=CHAMPIONSHIPS_GRAND_ARENA_GA2_EVENT_SEASON_80,2
ships,CAPITALCHIMAERA,CHAMPIONSHIPS_GRAND_ARENA_GA2_EVENT_SEASON_80,CAPITALPROFUNDITY,"['CAPITALPROFUNDITY', 'MILLENNIUMFALCON', 'OUTRIDER', 'YWINGREBEL', 'ROGUEONESHIP']","['CAPITALCHIMAERA', 'SCYTHE', 'TIEADVANCED', 'TIEBOMBERIMPERIAL', 'TIEDEFENDER', 'TIEFIGHTERIMPERIAL', 'TIEINTERCEPTOR']",30,100.0,74.9,Seen 30 Win % 100% Avg 74.9,https://swgoh.gg/gac/ship-counters/CAPITALCHIMAERA/?season_id=CHAMPIONSHIPS_GRAND_ARENA_GA2_EVENT_SEASON_80,2
ships,CAPITALCHIMAERA,CHAMPIONSHIPS_GRAND_ARENA_GA2_EVENT_SEASON_80,CAPITALEXECUTOR,"['CAPITALEXECUTOR', 'PUNISHINGONE', 'RAZORCREST', 'XANADUBLOOD', 'HOUNDSTOOTH', 'IG2000', 'SLAVE1']","['CAPITALCHIMAERA', 'SCYTHE', 'TIEADVANCED', 'TIEFIGHTERIMPERIAL', 'TIEDEFENDER', 'TIEINTERCEPTOR']",29,100.0,73.31,Seen 29 Win % 100% Avg 73.31,https://swgoh.gg/gac/ship-counters/CAPITALCHIMAERA/?season_id=CHAMPIONSHIPS_GRAND_ARENA_GA2_EVENT_SEASON_80,2
ships,CAPITALCHIMAERA,CHAMPIONSHIPS_GRAND_ARENA_GA2_EVENT_SEASON_80,CAPITALEXECUTOR,"['CAPITALEXECUTOR', 'PUNISHINGONE', 'RAZORCREST', 'XANADUBLOOD', 'HOUNDSTOOTH', 'SLAVE1']","['CAPITALCHIMAERA', 'SCYTHE', 'TIEADVANCED', 'TIEBOMBERIMPERIAL', 'EMPERORSSHUTTLE', 'TIEDEFENDER', 'TIEFIGHTERIMPERIAL', 'TIEINTERCEPTOR']",29,100.0,72.0,Seen 29 Win % 100% Avg 72,https://swgoh.gg/gac/ship-counters/CAPITALCHIMAERA/?season_id=CHAMPIONSHIPS_GRAND_ARENA_GA2_EVENT_SEASON_80,2
ships,CAPITALCHIMAERA,CHAMPIONSHIPS_GRAND_ARENA_GA2_EVENT_SEASON_80,CAPITALEXECUTOR,"['CAPITALEXECUTOR', 'HOUNDSTOOTH', 'PUNISHINGONE', 'RAZORCREST', 'IG2000', 'SLAVE1', 'XANADUBLOOD']","['CAPITALCHIMAERA', 'SCYTHE', 'TIEADVANCED', 'TIEFIGHTERIMPERIAL', 'TIEDEFENDER', 'TIEINTERCEPTOR']",28,100.0,69.71,Seen 28 Win % 100% Avg 69.71,https://swgoh.gg/gac/ship-counters/CAPITALCHIMAERA/?season_id=CHAMPIONSHIPS_GRAND_ARENA_GA2_EVENT_SEASON_80,2
ships,CAPITALCHIMAERA,CHAMPIONSHIPS_GRAND_ARENA_GA2_EVENT_SEASON_80,CAPITALLEVIATHAN,"['CAPITALLEVIATHAN', 'FURYCLASSINTERCEPTOR', 'SITHBOMBER', 'TIEDAGGER', 'SITHFIGHTER', 'SITHSUPREMACYCLASS']","['CAPITALCHIMAERA', 'SCYTHE', 'TIEADVANCED', 'TIEFIGHTERIMPERIAL', 'EMPERORSSHUTTLE', 'GAUNTLETSTARFIGHTER', 'TIEDEFENDER', 'TIEINTERCEPTOR']",26,100.0,72.46,Seen 26 Win % 100% Avg 72.46,https://swgoh.gg/gac/ship-counters/CAPITALCHIMAERA/?season_id=CHAMPIONSHIPS_GRAND_ARENA_GA2_EVENT_SEASON_80,2
ships,CAPITALCHIMAERA,CHAMPIONSHIPS_GRAND_ARENA_GA2_EVENT_SEASON_80,CAPITALLEVIATHAN,"['CAPITALLEVIATHAN', 'FURYCLASSINTERCEPTOR', 'SITHBOMBER', 'TIEDAGGER', 'SITHFIGHTER', 'SITHSUPREMACYCLASS']","['CAPITALCHIMAERA', 'SCYTHE', 'TIEADVANCED', 'TIEFIGHTERIMPERIAL', 'EMPERORSSHUTTLE', 'TIEBOMBERIMPERIAL', 'TIEDEFENDER', 'TIEINTERCEPTOR']",26,100.0,72.23,Seen 26 Win % 100% Avg 72.23,https://swgoh.gg/gac/ship-counters/CAPITALCHIMAERA/?season_id=CHAMPIONSHIPS_GRAND_ARENA_GA2_EVENT_SEASON_80,2
ships,CAPITALCHIMAERA,CHAMPIONSHIPS_GRAND_ARENA_GA2_EVENT_SEASON_80,CAPITALEXECUTOR,"['CAPITALEXECUTOR', 'HOUNDSTOOTH', 'PUNISHINGONE', 'RAZORCREST', 'IG2000', 'SLAVE1', 'XANADUBLOOD']","['CAPITALCHIMAERA', 'SCYTHE', 'TIEBOMBERIMPERIAL', 'TIEFIGHTERIMPERIAL', 'EMPERORSSHUTTLE', 'TIEADVANCED', 'TIEDEFENDER', 'TIEINTERCEPTOR']",23,100.0,70.09,Seen 23 Win % 100% Avg 70.09,https://swgoh.gg/gac/ship-counters/CAPITALCHIMAERA/?season_id=CHAMPIONSHIPS_GRAND_ARENA_GA2_EVENT_SEASON_80,2
ships,CAPITALCHIMAERA,CHAMPIONSHIPS_GRAND_ARENA_GA2_EVENT_SEASON_80,CAPITALLEVIATHAN,"['CAPITALLEVIATHAN', 'FURYCLASSINTERCEPTOR', 'SITHBOMBER', 'TIEDAGGER', 'SITHFIGHTER', 'SITHINFILTRATOR', 'SITHSUPREMACYCLASS']","['CAPITALCHIMAERA', 'SCYTHE', 'TIEADVANCED', 'TIEFIGHTERIMPERIAL', 'EMPERORSSHUTTLE', 'GAUNTLETSTARFIGHTER', 'TIEDEFENDER', 'TIEINTERCEPTOR']",23,100.0,71.0,Seen 23 Win % 100% Avg 71,https://swgoh.gg/gac/ship-counters/CAPITALCHIMAERA/?season_id=CHAMPIONSHIPS_GRAND_ARENA_GA2_EVENT_SEASON_80,2
ships,CAPITALCHIMAERA,CHAMPIONSHIPS_GRAND_ARENA_GA2_EVENT_SEASON_80,CAPITALLEVIATHAN,"['CAPITALLEVIATHAN', 'FURYCLASSINTERCEPTOR', 'SITHBOMBER', 'TIEDAGGER', 'SITHINFILTRATOR', 'SITHSUPREMACYCLASS']","['CAPITALCHIMAERA', 'SCYTHE', 'TIEADVANCED', 'TIEFIGHTERIMPERIAL', 'TIEDEFENDER', 'TIEINTERCEPTOR']",23,100.0,71.87,Seen 23 Win % 100% Avg 71.87,https://swgoh.gg/gac/ship-counters/CAPITALCHIMAERA/?season_id=CHAMPIONSHIPS_GRAND_ARENA_GA2_EVENT_SEASON_80,2
ships,CAPITALCHIMAERA,CHAMPIONSHIPS_GRAND_ARENA_GA2_EVENT_SEASON_80,CAPITALPROFUNDITY,"['CAPITALPROFUNDITY', 'MILLENNIUMFALCON', 'OUTRIDER', 'YWINGREBEL', 'ROGUEONESHIP']","['CAPITALCHIMAERA', 'TIEADVANCED', 'TIEBOMBERIMPERIAL', 'TIEFIGHTERIMPERIAL', 'EMPERORSSHUTTLE', 'SCYTHE', 'TIEDEFENDER', 'TIEINTERCEPTOR']",23,100.0,75.83,Seen 23 Win % 100% Avg 75.83,https://swgoh.gg/gac/ship-counters/CAPITALCHIMAERA/?season_id=CHAMPIONSHIPS_GRAND_ARENA_GA2_EVENT_SEASON_80,2
ships,CAPITALCHIMAERA,CHAMPIONSHIPS_GRAND_ARENA_GA2_EVENT_SEASON_80,CAPITALLEVIATHAN,"['CAPITALLEVIATHAN', 'FURYCLASSINTERCEPTOR', 'SITHBOMBER', 'TIEDAGGER', 'SITHFIGHTER', 'SITHSUPREMACYCLASS']","['CAPITALCHIMAERA', 'SCYTHE', 'TIEADVANCED', 'TIEBOMBERIMPERIAL', 'EMPERORSSHUTTLE', 'TIEDEFENDER', 'TIEFIGHTERIMPERIAL', 'TIEINTERCEPTOR']",44,97.0,69.61,Seen 44 Win % 97% Avg 69.61,https://swgoh.gg/gac/ship-counters/CAPITALCHIMAERA/?season_id=CHAMPIONSHIPS_GRAND_ARENA_GA2_EVENT_SEASON_80,2
ships,CAPITALCHIMAERA,CHAMPIONSHIPS_GRAND_ARENA_GA2_EVENT_SEASON_80,CAPITALPROFUNDITY,"['CAPITALPROFUNDITY', 'MILLENNIUMFALCON', 'OUTRIDER', 'YWINGREBEL', 'GHOST', 'PHANTOM2', 'ROGUEONESHIP']","['CAPITALCHIMAERA', 'SCYTHE', 'TIEADVANCED', 'TIEBOMBERIMPERIAL', 'EMPERORSSHUTTLE', 'TIEDEFENDER', 'TIEFIGHTERIMPERIAL', 'TIEINTERCEPTOR']",41,97.0,70.49,Seen 41 Win % 97% Avg 70.49,https://swgoh.gg/gac/ship-counters/CAPITALCHIMAERA/?season_id=CHAMPIONSHIPS_GRAND_ARENA_GA2_EVENT_SEASON_80,2
ships,CAPITALCHIMAERA,CHAMPIONSHIPS_GRAND_ARENA_GA2_EVENT_SEASON_80,CAPITALEXECUTOR,"['CAPITALEXECUTOR', 'HOUNDSTOOTH', 'PUNISHINGONE', 'RAZORCREST', 'SLAVE1', 'XANADUBLOOD']","['CAPITALCHIMAERA', 'SCYTHE', 'TIEADVANCED', 'TIEBOMBERIMPERIAL', 'EMPERORSSHUTTLE', 'TIEDEFENDER', 'TIEFIGHTERIMPERIAL', 'TIEINTERCEPTOR']",38,97.0,67.24,Seen 38 Win % 97% Avg 67.24,https://swgoh.gg/gac/ship-counters/CAPITALCHIMAERA/?season_id=CHAMPIONSHIPS_GRAND_ARENA_GA2_EVENT_SEASON_80,2
ships,CAPITALCHIMAERA,CHAMPIONSHIPS_GRAND_ARENA_GA2_EVENT_SEASON_80,CAPITALPROFUNDITY,"['CAPITALPROFUNDITY', 'MILLENNIUMFALCON', 'OUTRIDER', 'YWINGREBEL', 'ROGUEONESHIP']","['CAPITALCHIMAERA', 'SCYTHE', 'TIEADVANCED', 'TIEBOMBERIMPERIAL', 'EMPERORSSHUTTLE', 'GAUNTLETSTARFIGHTER', 'TIEDEFENDER', 'TIEINTERCEPTOR']",33,96.0,72.76,Seen 33 Win % 96% Avg 72.76,https://swgoh.gg/gac/ship-counters/CAPITALCHIMAERA/?season_id=CHAMPIONSHIPS_GRAND_ARENA_GA2_EVENT_SEASON_80,2
ships,CAPITALCHIMAERA,CHAMPIONSHIPS_GRAND_ARENA_GA2_EVENT_SEASON_80,CAPITALEXECUTOR,"['CAPITALEXECUTOR', 'HOUNDSTOOTH', 'PUNISHINGONE', 'RAZORCREST', 'SLAVE1', 'XANADUBLOOD']","['CAPITALCHIMAERA', 'SCYTHE', 'TIEADVANCED', 'TIEFIGHTERIMPERIAL', 'TIEDEFENDER', 'TIEINTERCEPTOR']",32,96.0,67.5,Seen 32 Win % 96% Avg 67.5,https://swgoh.gg/gac/ship-counters/CAPITALCHIMAERA/?season_id=CHAMPIONSHIPS_GRAND_ARENA_GA2_EVENT_SEASON_80,2
ships,CAPITALCHIMAERA,CHAMPIONSHIPS_GRAND_ARENA_GA2_EVENT_SEASON_80,CAPITALLEVIATHAN,"['CAPITALLEVIATHAN', 'FURYCLASSINTERCEPTOR', 'SITHBOMBER', 'TIEDAGGER', 'SITHFIGHTER', 'SITHINFILTRATOR', 'SITHSUPREMACYCLASS']","['CAPITALCHIMAERA', 'SCYTHE', 'TIEADVANCED', 'TIEFIGHTERIMPERIAL', 'EMPERORSSHUTTLE', 'TIEBOMBERIMPERIAL', 'TIEDEFENDER', 'TIEINTERCEPTOR']",28,96.0,68.5,Seen 28 Win % 96% Avg 68.5,https://swgoh.gg/gac/ship-counters/CAPITALCHIMAERA/?season_id=CHAMPIONSHIPS_GRAND_ARENA_GA2_EVENT_SEASON_80,2
ships,CAPITALCHIMAERA,CHAMPIONSHIPS_GRAND_ARENA_GA2_EVENT_SEASON_80,CAPITALEXECUTOR,"['CAPITALEXECUTOR', 'HOUNDSTOOTH', 'PUNISHINGONE', 'RAZORCREST', 'IG2000', 'SLAVE1', 'XANADUBLOOD']","['CAPITALCHIMAERA', 'SCYTHE', 'TIEADVANCED', 'TIEFIGHTERIMPERIAL', 'EMPERORSSHUTTLE', 'TIEBOMBERIMPERIAL', 'TIEDEFENDER', 'TIEINTERCEPTOR']",27,96.0,67.67,Seen 27 Win % 96% Avg 67.67,https://swgoh.gg/gac/ship-counters/CAPITALCHIMAERA/?season_id=CHAMPIONSHIPS_GRAND_ARENA_GA2_EVENT_SEASON_80,2
ships,CAPITALCHIMAERA,CHAMPIONSHIPS_GRAND_ARENA_GA2_EVENT_SEASON_80,CAPITALEXECUTOR,"['CAPITALEXECUTOR', 'PUNISHINGONE', 'RAZORCREST', 'XANADUBLOOD', 'HOUNDSTOOTH']","['CAPITALCHIMAERA', 'SCYTHE', 'TIEADVANCED', 'TIEBOMBERIMPERIAL', 'TIEDEFENDER', 'TIEINTERCEPTOR']",25,96.0,71.04,Seen 25 Win % 96% Avg 71.04,https://swgoh.gg/gac/ship-counters/CAPITALCHIMAERA/?season_id=CHAMPIONSHIPS_GRAND_ARENA_GA2_EVENT_SEASON_80,2
ships,CAPITALCHIMAERA,CHAMPIONSHIPS_GRAND_ARENA_GA2_EVENT_SEASON_80,CAPITALEXECUTOR,"['CAPITALEXECUTOR', 'HOUNDSTOOTH', 'PUNISHINGONE', 'RAZORCREST', 'IG2000', 'SLAVE1', 'XANADUBLOOD']","['CAPITALCHIMAERA', 'SCYTHE', 'TIEADVANCED', 'TIEBOMBERIMPERIAL', 'EMPERORSSHUTTLE', 'TIEDEFENDER', 'TIEFIGHTERIMPERIAL', 'TIEINTERCEPTOR']",54,94.0,63.81,Seen 54 Win % 94% Avg 63.81,https://swgoh.gg/gac/ship-counters/CAPITALCHIMAERA/?season_id=CHAMPIONSHIPS_GRAND_ARENA_GA2_EVENT_SEASON_80,2
ships,CAPITALCHIMAERA,CHAMPIONSHIPS_GRAND_ARENA_GA2_EVENT_SEASON_80,CAPITALNEGOTIATOR,"['CAPITALNEGOTIATOR', 'JEDISTARFIGHTERANAKIN', 'MARAUDER', 'YWINGCLONEWARS', 'BLADEOFDORIN', 'JEDISTARFIGHTERAHSOKATANO', 'UMBARANSTARFIGHTER']","['CAPITALCHIMAERA', 'SCYTHE', 'TIEADVANCED', 'TIEFIGHTERIMPERIAL', 'TIEDEFENDER', 'TIEINTERCEPTOR']",43,93.0,64.67,Seen 43 Win % 93% Avg 64.67,https://swgoh.gg/gac/ship-counters/CAPITALCHIMAERA/?season_id=CHAMPIONSHIPS_GRAND_ARENA_GA2_EVENT_SEASON_80,2
ships,CAPITALCHIMAERA,CHAMPIONSHIPS_GRAND_ARENA_GA2_EVENT_SEASON_80,CAPITALEXECUTOR,"['CAPITALEXECUTOR', 'HOUNDSTOOTH', 'PUNISHINGONE', 'RAZORCREST', 'IG2000', 'SLAVE1', 'XANADUBLOOD']","['CAPITALCHIMAERA', 'SCYTHE', 'TIEADVANCED', 'TIEBOMBERIMPERIAL', 'GAUNTLETSTARFIGHTER', 'TIEDEFENDER', 'TIEFIGHTERIMPERIAL', 'TIEINTERCEPTOR']",28,92.0,63.75,Seen 28 Win % 92% Avg 63.75,https://swgoh.gg/gac/ship-counters/CAPITALCHIMAERA/?season_id=CHAMPIONSHIPS_GRAND_ARENA_GA2_EVENT_SEASON_80,2
ships,CAPITALCHIMAERA,CHAMPIONSHIPS_GRAND_ARENA_GA2_EVENT_SEASON_80,CAPITALNEGOTIATOR,"['CAPITALNEGOTIATOR', 'JEDISTARFIGHTERANAKIN', 'MARAUDER', 'YWINGCLONEWARS', 'BLADEOFDORIN', 'JEDISTARFIGHTERAHSOKATANO', 'UMBARANSTARFIGHTER']","['CAPITALCHIMAERA', 'SCYTHE', 'TIEADVANCED', 'TIEFIGHTERIMPERIAL', 'GAUNTLETSTARFIGHTER', 'TIEDEFENDER', 'TIEINTERCEPTOR']",25,92.0,65.0,Seen 25 Win % 92% Avg 65,https://swgoh.gg/gac/ship-counters/CAPITALCHIMAERA/?season_id=CHAMPIONSHIPS_GRAND_ARENA_GA2_EVENT_SEASON_80,2
ships,CAPITALCHIMAERA,CHAMPIONSHIPS_GRAND_ARENA_GA2_EVENT_SEASON_80,CAPITALNEGOTIATOR,"['CAPITALNEGOTIATOR', 'JEDISTARFIGHTERANAKIN', 'MARAUDER', 'YWINGCLONEWARS', 'BLADEOFDORIN', 'JEDISTARFIGHTERAHSOKATANO', 'UMBARANSTARFIGHTER']","['CAPITALCHIMAERA', 'SCYTHE', 'TIEADVANCED', 'TIEFIGHTERIMPERIAL', 'EMPERORSSHUTTLE', 'TIEDEFENDER', 'TIEINTERCEPTOR']",23,91.0,64.61,Seen 23 Win % 91% Avg 64.61,https://swgoh.gg/gac/ship-counters/CAPITALCHIMAERA/?season_id=CHAMPIONSHIPS_GRAND_ARENA_GA2_EVENT_SEASON_80,2
ships,CAPITALCHIMAERA,CHAMPIONSHIPS_GRAND_ARENA_GA2_EVENT_SEASON_80,CAPITALNEGOTIATOR,"['CAPITALNEGOTIATOR', 'JEDISTARFIGHTERANAKIN', 'MARAUDER', 'YWINGCLONEWARS', 'ARC170REX', 'BLADEOFDORIN', 'JEDISTARFIGHTERAHSOKATANO', 'UMBARANSTARFIGHTER']","['CAPITALCHIMAERA', 'SCYTHE', 'TIEADVANCED', 'TIEFIGHTERIMPERIAL', 'TIEDEFENDER', 'TIEINTERCEPTOR']",39,89.0,60.72,Seen 39 Win % 89% Avg 60.72,https://swgoh.gg/gac/ship-counters/CAPITALCHIMAERA/?season_id=CHAMPIONSHIPS_GRAND_ARENA_GA2_EVENT_SEASON_80,2
ships,CAPITALCHIMAERA,CHAMPIONSHIPS_GRAND_ARENA_GA2_EVENT_SEASON_80,CAPITALEXECUTOR,"['CAPITALEXECUTOR', 'HOUNDSTOOTH', 'PUNISHINGONE', 'RAZORCREST', 'XANADUBLOOD']","['CAPITALCHIMAERA', 'SCYTHE', 'TIEADVANCED', 'TIEBOMBERIMPERIAL', 'EMPERORSSHUTTLE', 'TIEDEFENDER', 'TIEFIGHTERIMPERIAL', 'TIEINTERCEPTOR']",23,86.0,61.96,Seen 23 Win % 86% Avg 61.96,https://swgoh.gg/gac/ship-counters/CAPITALCHIMAERA/?season_id=CHAMPIONSHIPS_GRAND_ARENA_GA2_EVENT_SEASON_80,2
ships,CAPITALCHIMAERA,CHAMPIONSHIPS_GRAND_ARENA_GA2_EVENT_SEASON_80,CAPITALNEGOTIATOR,"['CAPITALNEGOTIATOR', 'JEDISTARFIGHTERANAKIN', 'MARAUDER', 'YWINGCLONEWARS', 'ARC170REX', 'BLADEOFDORIN', 'JEDISTARFIGHTERAHSOKATANO', 'UMBARANSTARFIGHTER']","['CAPITALCHIMAERA', 'SCYTHE', 'TIEADVANCED', 'TIEFIGHTERIMPERIAL', 'EMPERORSSHUTTLE', 'TIEBOMBERIMPERIAL', 'TIEDEFENDER', 'TIEINTERCEPTOR']",30,86.0,60.6,Seen 30 Win % 86% Avg 60.6,https://swgoh.gg/gac/ship-counters/CAPITALCHIMAERA/?season_id=CHAMPIONSHIPS_GRAND_ARENA_GA2_EVENT_SEASON_80,2
ships,CAPITALCHIMAERA,CHAMPIONSHIPS_GRAND_ARENA_GA2_EVENT_SEASON_80,CAPITALNEGOTIATOR,"['CAPITALNEGOTIATOR', 'JEDISTARFIGHTERANAKIN', 'MARAUDER', 'YWINGCLONEWARS', 'BLADEOFDORIN', 'JEDISTARFIGHTERAHSOKATANO']","['CAPITALCHIMAERA', 'SCYTHE', 'TIEADVANCED', 'TIEFIGHTERIMPERIAL', 'TIEDEFENDER', 'TIEINTERCEPTOR']",26,84.0,60.58,Seen 26 Win % 84% Avg 60.58,https://swgoh.gg/gac/ship-counters/CAPITALCHIMAERA/?season_id=CHAMPIONSHIPS_GRAND_ARENA_GA2_EVENT_SEASON_80,2
ships,CAPITALCHIMAERA,CHAMPIONSHIPS_GRAND_ARENA_GA2_EVENT_SEASON_80,CAPITALNEGOTIATOR,"['CAPITALNEGOTIATOR', 'JEDISTARFIGHTERANAKIN', 'MARAUDER', 'YWINGCLONEWARS', 'BLADEOFDORIN', 'JEDISTARFIGHTERAHSOKATANO', 'UMBARANSTARFIGHTER']","['CAPITALCHIMAERA', 'SCYTHE', 'TIEADVANCED', 'TIEFIGHTERIMPERIAL', 'EMPERORSSHUTTLE', 'TIEBOMBERIMPERIAL', 'TIEDEFENDER', 'TIEINTERCEPTOR']",38,84.0,59.42,Seen 38 Win % 84% Avg 59.42,https://swgoh.gg/gac/ship-counters/CAPITALCHIMAERA/?season_id=CHAMPIONSHIPS_GRAND_ARENA_GA2_EVENT_SEASON_80,2
ships,CAPITALCHIMAERA,CHAMPIONSHIPS_GRAND_ARENA_GA2_EVENT_SEASON_80,CAPITALMALEVOLENCE,"['CAPITALMALEVOLENCE', 'GEONOSIANSTARFIGHTER1', 'HYENABOMBER', 'VULTUREDROID', 'GEONOSIANSTARFIGHTER2', 'GEONOSIANSTARFIGHTER3']","['CAPITALCHIMAERA', 'SCYTHE', 'TIEADVANCED', 'TIEBOMBERIMPERIAL', 'EMPERORSSHUTTLE', 'TIEDEFENDER', 'TIEFIGHTERIMPERIAL', 'TIEINTERCEPTOR']",71,83.0,55.93,Seen 71 Win % 83% Avg 55.93,https://swgoh.gg/gac/ship-counters/CAPITALCHIMAERA/?season_id=CHAMPIONSHIPS_GRAND_ARENA_GA2_EVENT_SEASON_80,2
ships,CAPITALCHIMAERA,CHAMPIONSHIPS_GRAND_ARENA_GA2_EVENT_SEASON_80,CAPITALNEGOTIATOR,"['CAPITALNEGOTIATOR', 'JEDISTARFIGHTERANAKIN', 'MARAUDER', 'YWINGCLONEWARS', 'BLADEOFDORIN', 'JEDISTARFIGHTERAHSOKATANO', 'UMBARANSTARFIGHTER']","['CAPITALCHIMAERA', 'TIEADVANCED', 'TIEBOMBERIMPERIAL', 'TIEFIGHTERIMPERIAL', 'TIEDEFENDER', 'TIEINTERCEPTOR']",23,82.0,57.52,Seen 23 Win % 82% Avg 57.52,https://swgoh.gg/gac/ship-counters/CAPITALCHIMAERA/?season_id=CHAMPIONSHIPS_GRAND_ARENA_GA2_EVENT_SEASON_80,2
ships,CAPITALCHIMAERA,CHAMPIONSHIPS_GRAND_ARENA_GA2_EVENT_SEASON_80,CAPITALMALEVOLENCE,"['CAPITALMALEVOLENCE', 'GEONOSIANSTARFIGHTER1', 'HYENABOMBER', 'VULTUREDROID', 'GEONOSIANSTARFIGHTER2', 'GEONOSIANSTARFIGHTER3']","['CAPITALCHIMAERA', 'SCYTHE', 'TIEADVANCED', 'TIEFIGHTERIMPERIAL', 'EMPERORSSHUTTLE', 'TIEBOMBERIMPERIAL', 'TIEDEFENDER', 'TIEINTERCEPTOR']",23,78.0,53.04,Seen 23 Win % 78% Avg 53.04,https://swgoh.gg/gac/ship-counters/CAPITALCHIMAERA/?season_id=CHAMPIONSHIPS_GRAND_ARENA_GA2_EVENT_SEASON_80,2
ships,CAPITALCHIMAERA,CHAMPIONSHIPS_GRAND_ARENA_GA2_EVENT_SEASON_80,CAPITALMALEVOLENCE,"['CAPITALMALEVOLENCE', 'GEONOSIANSTARFIGHTER1', 'HYENABOMBER', 'VULTUREDROID', 'GEONOSIANSTARFIGHTER2', 'GEONOSIANSTARFIGHTER3']","['CAPITALCHIMAERA', 'SCYTHE', 'TIEADVANCED', 'TIEFIGHTERIMPERIAL', 'TIEDEFENDER', 'TIEINTERCEPTOR']",29,72.0,49.07,Seen 29 Win % 72% Avg 49.07,https://swgoh.gg/gac/ship-counters/CAPITALCHIMAERA/?season_id=CHAMPIONSHIPS_GRAND_ARENA_GA2_EVENT_SEASON_80,2
ships,CAPITALCHIMAERA,CHAMPIONSHIPS_GRAND_ARENA_GA2_EVENT_SEASON_80,CAPITALNEGOTIATOR,"['CAPITALNEGOTIATOR', 'JEDISTARFIGHTERANAKIN', 'MARAUDER', 'YWINGCLONEWARS', 'BLADEOFDORIN', 'JEDISTARFIGHTERAHSOKATANO', 'UMBARANSTARFIGHTER']","['CAPITALCHIMAERA', 'SCYTHE', 'TIEADVANCED', 'TIEBOMBERIMPERIAL', 'EMPERORSSHUTTLE', 'TIEDEFENDER', 'TIEFIGHTERIMPERIAL', 'TIEINTERCEPTOR']",56,53.0,35.11,Seen 56 Win % 53% Avg 35.11,https://swgoh.gg/gac/ship-counters/CAPITALCHIMAERA/?season_id=CHAMPIONSHIPS_GRAND_ARENA_GA2_EVENT_SEASON_80,2
ships,CAPITALCHIMAERA,CHAMPIONSHIPS_GRAND_ARENA_GA2_EVENT_SEASON_80,CAPITALNEGOTIATOR,"['CAPITALNEGOTIATOR', 'JEDISTARFIGHTERANAKIN', 'MARAUDER', 'YWINGCLONEWARS', 'ARC170REX', 'BLADEOFDORIN', 'JEDISTARFIGHTERAHSOKATANO', 'UMBARANSTARFIGHTER']","['CAPITALCHIMAERA', 'SCYTHE', 'TIEADVANCED', 'TIEBOMBERIMPERIAL', 'EMPERORSSHUTTLE', 'TIEDEFENDER', 'TIEFIGHTERIMPERIAL', 'TIEINTERCEPTOR']",54,50.0,32.57,Seen 54 Win % 50% Avg 32.57,https://swgoh.gg/gac/ship-counters/CAPITALCHIMAERA/?season_id=CHAMPIONSHIPS_GRAND_ARENA_GA2_EVENT_SEASON_80,2
